Instance,MAE
1,3.6937305952819948
2,4.65757956748002
3,9.181755145899563
4,7.491388362437417
5,9.346785104721844
6,8.844377839455202
7,7.7472060443049875
8,4.317133643044024
9,10.665419026404075
10,7.82260460311574
11,4.512670465998511
12,9.814436114976365
13,9.007510911712115
14,8.355859847475452
15,9.234424218178868
16,5.4453528853892434
17,5.343209860850976
18,3.780384841979244
19,9.185643004554946
20,10.020527569789815
21,4.533975550421482
22,9.925774740647837
23,5.696146471841313
24,9.110793027239682
25,9.876520589312527
26,9.82388105856595
27,7.385975147451918
28,7.342201179686533
29,9.527638552450682
30,9.005694403847558
31,10.219838835910926
32,6.42045930572818
33,5.152599637081786
34,7.700572634072067
35,9.507077834831513
36,3.605074600458654
37,10.173295708803172
38,10.111628299830786
39,4.318113067685663
40,9.09503387223677
41,4.153115801627471
42,4.081864216930934
43,4.829332439922001
44,9.15447932597413
45,6.86696114676526
46,9.695457018643589
47,7.666449111643975
48,5.613551602874405
49,10.495233929722668
50,10.307173372629064
51,10.233914181265526
52,4.034331792964994
53,9.005548855551572
54,6.898582126265752
55,8.556122720469018
56,6.265684730055682
57,6.366616705154715
58,10.120799306539439
59,7.156427531725474
60,5.032764383714315
61,7.841531236545099
62,4.526557511026138
63,5.509133861031292
64,4.994015850974847
65,5.146905491075571
66,10.015832873153082
67,10.142005969883519
68,3.706147133579717
69,9.750113011566564
70,4.714024547049886
71,4.889632673162473
72,3.9109402871201184
73,4.713347570268303
74,5.96508364938435
75,10.307776640804546
76,10.247849026492805
77,5.818255439134643
78,9.387576411070318
79,4.193743876981773
80,4.55299655746335
81,3.551009292494905
82,4.994758940477552
83,4.814363265083416
84,6.327905716160202
85,10.342979066997408
86,4.721910209820867
87,10.34601664617654
88,4.469030255939039
89,8.3654732253367
90,9.953196732634217
91,4.230497463944006
92,3.722249750993497
93,8.818273178009884
94,8.692958087575514
95,9.394716908343039
96,10.373233156570416
97,10.40853421060322
98,7.783387156796796
99,6.474596809986715
100,5.199619947958001
101,9.923924333119674
102,5.250441858078843
103,3.3047709520645117
104,4.686025382715115
105,6.363883110283878
106,9.923341839786383
107,7.407227638302353
108,9.193783076733292
109,10.02120895240189
110,9.478086483468488
111,9.977202883418002
112,8.232516358457467
113,9.075936717111306
114,9.331179183613985
115,9.966357015986654
116,5.400407629924968
117,8.156294233683958
118,9.098249705817702
119,5.344767383532759
120,8.779871679257239
121,10.305402062602962
122,10.176094174850345
123,9.467369955301285
124,4.344573709267814
125,8.160193901288858
126,3.9591052067573096
127,3.2174485177003294
128,10.071756446450223
129,5.722647564815872
130,9.138403959264418
131,3.97906709908581
132,9.61870165321016
133,4.756546118212948
134,6.182721929361004
135,9.837546512842591
136,9.163376340920154
137,9.969994927170243
138,4.356689894233933
139,3.6701550751110616
140,3.8968639142961803
141,7.008073468510294
142,9.065695008259837
143,5.320198088320533
144,8.01637725010032
145,5.236434103940556
146,5.146168114115437
147,3.391994860399207
148,8.213256129149725
149,3.4396612140834755
150,3.6359429047514205
151,10.533634931731289
152,6.210089567099312
153,3.542880577329844
154,8.584602575170662
155,4.107545821082855
156,5.580712375508864
157,10.064521068520389
158,9.12865977229775
159,5.114643679258967
160,5.5426414934501524
161,4.783227485942975
162,10.448644831530059
163,7.084987719281931
164,9.908441836690232
165,9.922774559912412
166,5.136126805019607
167,10.075535325751027
168,10.833637903975196
169,5.334331265808774
170,8.438665961771633
171,6.559214564610286
172,9.062556257344506
173,3.8808857284359206
174,5.60444600413403
175,3.1966428799776665
176,8.053359869594347
177,3.8631556599543178
178,2.89254144136897
179,7.429111831227328
180,5.104948958646704
181,4.881204838373533
182,5.187125493298752
183,6.990746793217398
184,9.639088481176683
185,10.249398719447894
186,4.354264988213196
187,4.980734290345147
188,7.273590375620856
189,4.670187137799015
190,7.7354375310025105
191,5.439150702430491
192,5.3297679559544555
193,3.6633010606458742
194,9.75874009675144
195,5.496864446493242
196,9.975140032265376
197,8.862274432363183
198,4.616208135617892
199,6.90537643123221
200,8.43636799782449
201,9.540521742687051
202,5.774413387712959
203,4.764958748812558
204,4.978956917982731
205,10.585440018770582
206,5.361353214290628
207,6.6766405875813915
208,10.513471921719256
209,10.359523737911308
210,5.7217593453503754
211,3.9725147505279264
212,3.8134467236940197
213,4.872913474146189
214,6.064243829309849
215,10.002775463997251
216,7.251605897913225
217,3.3554029782243897
218,10.554486024668341
219,10.136982822179887
220,8.527947657712641
221,9.718725316405015
222,9.314974142077373
223,4.656770586782835
224,9.27256983418055
225,3.8489167417414643
226,7.388442660703968
227,4.903163835633697
228,5.556384207872225
229,5.652290155973451
230,5.533139039312939
231,9.135052646083308
232,5.786433477420318
233,10.754060190128763
234,6.414407227108878
235,9.683456086237875
236,3.4498308453071203
237,5.078968852255325
238,3.5950715830235946
239,6.463705400976976
240,10.34678229746393
241,4.315557981073983
242,3.391355659312588
243,10.353194806903034
244,6.5174546760981515
245,7.956201449430356
246,6.591423684955598
247,9.723090849777513
248,5.484221038837141
249,8.203238182517799
250,3.264162991338983
251,4.560265336785451
252,9.733617193734723
253,4.738995974092593
254,10.14096882956587
255,4.769426578760296
256,9.919579451428303
257,4.834845118658991
258,4.546308937985062
259,7.897063220724466
260,8.128448489666916
261,7.822413909533078
262,5.819042569932296
263,9.414355756750572
264,4.404668817862078
265,4.973898405732964
266,9.952268092571314
267,6.73602675207959
268,10.482425914759853
269,9.605793268004549
270,3.9584345196374913
271,6.525442634619803
272,7.552627725906231
273,7.009769614078357
274,9.022513844778102
275,6.196597461909833
276,5.646184353164595
277,6.231502706678015
278,6.872222835677124
279,8.292225796678425
280,9.336656276801394
281,5.934447372336188
282,8.26843853954402
283,5.937524785678538
284,7.818435430254897
285,6.872837263026821
286,7.227237614809181
287,8.124766016248076
288,6.261259066841411
289,6.278778686209765
290,3.693179050030674
291,10.508360249365813
292,8.959610210231423
293,3.6130022790639473
294,3.3214244695036594
295,5.0336516576530785
296,9.583637468517862
297,9.347951848966128
298,6.858756315926894
299,4.906869480396252
300,10.146473585021768
301,8.121453706250824
302,10.188473003880498
303,9.875480404833388
304,8.104073018915694
305,5.164887163260689
306,4.590183085522158
307,5.969386272320392
308,5.025133934592378
309,8.162190454580703
310,4.957863209297012
311,8.285449516185968
312,5.33345319615465
313,7.600344737559008
314,10.54976951636255
315,9.481437701344417
316,5.2588220249838935
317,5.398684034687629
318,5.037913696892427
319,4.1061014309241
320,3.4530580804137245
321,6.080103217547863
322,4.471556630786357
323,7.741147248811434
324,10.455605409441313
325,4.313013353669233
326,9.393515072138184
327,9.1622707783055
328,3.510895260238643
329,6.828455451050175
330,8.3489300271259
331,5.027489571541411
332,5.917634182023167
333,10.009660431616954
334,6.446437330722927
335,6.168141478599092
336,6.1018413843125865
337,4.391836324205856
338,4.661287820489759
339,10.606443214785346
340,3.58582960294316
341,4.284157761550734
342,7.925703268824884
343,6.230489889253665
344,7.778594777504128
345,4.676805075320702
346,10.356623350381915
347,4.372288547513539
348,7.184057961726734
349,10.000951132178491
350,4.529073855790916
351,3.9840676940302893
352,4.532651109391704
353,4.015274389310403
354,5.285062953998455
355,5.45609677081512
356,10.609669690285074
357,10.387020037014802
358,9.806620790371575
359,6.945967748169807
360,4.079562249831022
361,5.797458466455474
362,5.392489824729977
363,9.15811265778177
364,9.87061812829442
365,10.276751796734233
366,10.741690808204757
367,8.625088530901145
368,5.4961657917982265
369,4.116171375284141
370,4.580195044852456
371,4.063173892300183
372,10.157660731367093
373,9.30251734427325
374,5.351726916551482
375,3.9049550628846528
376,4.589921142756954
377,10.129140512090075
378,10.381172349636616
379,5.485235588248366
380,9.085413517355729
381,3.817403264999521
382,6.579770084165825
383,4.438082444977291
384,6.4715874406227885
385,7.03344191940786
386,9.273052040555442
387,10.73570249539803
388,6.019850730374709
389,8.949209245647198
390,10.207812902459505
391,8.028751988977357
392,6.504579468392353
393,4.916829043256782
394,6.720418554435778
395,4.94848511061137
396,4.335464769534273
397,4.163819068862301
398,6.394993911099921
399,10.29895652641061
400,8.481129119064226
401,10.39968703668584
402,7.326509468470121
403,9.365572440048814
404,5.929056479577851
405,5.322877413994607
406,4.634763620567591
407,5.806836930816412
408,4.287887438834921
409,5.24491109101847
410,4.742957978011285
411,10.03835093376152
412,9.898407075352267
413,5.33299640540484
414,9.769923471745601
415,4.267211397670586
416,10.205894060959304
417,4.8410871348232
418,5.6450389275053885
419,4.811168956629085
420,9.244873224465062
421,9.7014668603211
422,3.985777524382635
423,4.650484311199648
424,7.96299709382858
425,7.170774648714488
426,6.862855531671148
427,7.436418134481388
428,10.042154882817195
429,4.721921443423898
430,10.519374948453418
431,6.8334965574023565
432,5.630577143292087
433,5.988472442000585
434,4.292037409844537
435,4.980494960351518
436,10.068121604218332
437,9.00241882941778
438,9.842904187016353
439,9.902415800628876
440,4.422927821904662
441,4.63594620715424
442,8.123045975121777
443,4.065808129514608
444,4.896212913372714
445,3.595639159524311
446,9.352315414383545
447,10.326986357681443
448,8.070357013309957
449,10.550808786281776
450,3.862364736720656
451,4.98371242273639
452,5.353317218930294
453,9.450180395392467
454,7.3639083304234925
455,5.130472722813722
456,5.402847514606273
457,10.05026353332505
458,6.656238587858746
459,10.033821112344596
460,8.959118910155942
461,7.061779053371432
462,5.0619960807425075
463,9.990111640771257
464,9.194115847386401
465,4.505731117773315
466,11.2227298840644
467,10.202211156996137
468,4.517022284420978
469,6.249837647783516
470,5.122399592338661
471,10.17781417675649
472,3.195767089379767
473,4.777424152212426
474,10.176995253345313
475,3.797095374290515
476,6.4588778363817925
477,9.54447827439128
478,8.219254024773797
479,6.4224607635755815
480,10.488899807765973
481,9.442832834705394
482,4.955392032032456
483,8.786080498118109
484,6.503746947204269
485,4.739519065665334
486,6.028335182667415
487,3.6080498825477334
488,9.33100302553815
489,5.685069528507988
490,10.09919229864588
491,9.098936871001007
492,8.794490194051752
493,9.5315420361069
494,6.387693616199896
495,4.086003154318258
496,10.132266761953813
497,4.417705345420981
498,6.79292506639635
499,4.5397399564260335
500,8.094544499674564
501,3.3655772609489785
502,5.474983696749352
503,9.965235097719182
504,8.175229358505717
505,5.668483347129171
506,2.9694686420951992
507,7.44662647988427
508,7.826206344088383
509,6.224658291668361
510,9.448784904191916
511,3.824398441055815
512,10.273915524407315
513,8.794120327477799
514,6.072843623404826
515,7.068798604938791
516,5.66334961809526
517,3.4281577692145024
518,6.4548566044245534
519,4.539780689804137
520,8.630135892806463
521,5.8327847109764415
522,4.518544732445288
523,9.990545521096303
524,6.215394512155432
525,9.768609438184095
526,9.423087205088525
527,6.897968325802435
528,4.606506079679191
529,5.226885917572078
530,5.868378655571149
531,9.134650452808557
532,5.501483494439786
533,7.736424640552104
534,5.633095700936958
535,4.189934082011735
536,6.874452632522718
537,11.128492273188058
538,3.8135170551521465
539,5.709850647050807
540,4.191168267297662
541,4.309423222154359
542,9.865553459559683
543,9.21861324873961
544,7.860695469206575
545,7.773336540429985
546,8.775784171379263
547,7.122087833331467
548,6.05093452592446
549,5.821521563150355
550,5.892703625743818
551,8.59573525318004
552,6.744458105741749
553,4.72730452640143
554,6.274099527600548
555,9.032013797835578
556,6.8216964361213135
557,4.67250582567812
558,3.8707026722536075
559,5.413941769995944
560,5.798114205774667
561,10.392483833914385
562,3.926457312106084
563,7.739000573658688
564,5.13589823043688
565,4.848390461893218
566,10.57643197198758
567,10.478294337911244
568,6.0003512657468745
569,3.3581584555412274
570,7.770210981803604
571,5.271138538297587
572,7.545827848817079
573,9.228280347249235
574,10.037688057563551
575,10.28645313752911
576,8.027328771405084
577,4.80354674508684
578,4.588022436137175
579,6.016095593363591
580,5.793946701698176
581,10.27194286095191
582,4.586198771050246
583,6.917043565362963
584,5.062865790609282
585,6.245028723378625
586,10.379825104960851
587,10.66333478415014
588,4.932253345553029
589,4.026038393458514
590,9.782312362046858
591,5.722987659309637
592,5.84402455704221
593,10.029878612497251
594,5.637556175633352
595,4.460897010906671
596,9.644200252042934
597,3.758136844024536
598,7.7904302912879935
599,9.287718535655658
600,10.624850372230378
601,7.3608715745631015
602,8.760265609889652
603,4.308307064692425
604,6.118310604312772
605,6.005490165445932
606,2.9364218162683353
607,6.538304686708901
608,6.485010404640751
609,10.458127150282886
610,6.6623908669453415
611,7.410969061953527
612,3.3779607045978186
613,10.459658228445212
614,6.712373277646286
615,4.762031408455825
616,8.616418890266571
617,5.646713355467007
618,4.438579315872663
619,10.148672542205512
620,4.7527232168872375
621,10.652365104842417
622,7.953630953333977
623,8.833084771365336
624,10.708703469477356
625,9.376407396621845
626,10.348078612052182
627,4.526808990512765
628,9.415568658194568
629,7.915866912343698
630,7.771994945934369
631,9.995283108768794
632,9.76624043298041
633,6.1243012481955255
634,4.171803046528823
635,4.484963739965661
636,9.764567102358656
637,8.302713949101188
638,4.542231744468794
639,5.15720531394912
640,5.3410800041046365
641,4.915773414814453
642,3.4423830269735753
643,5.723891966705644
644,7.390594325952258
645,6.727270324105402
646,3.1847805218040577
647,10.673986389616843
648,10.537416617069086
649,6.96999766311319
650,4.368627941108188
651,9.852487537740187
652,7.630359435105284
653,5.187899085903692
654,6.6405968484587055
655,10.05700291308068
656,6.717394999632859
657,4.0579036305575125
658,9.266712443152052
659,5.0028550037674275
660,9.481712267544191
661,6.588891140640945
662,10.62781458740208
663,6.429574915040667
664,10.230339947732041
665,4.8089729047309
666,9.299668640561377
667,9.852608751065452
668,4.820007373792042
669,4.049680493799176
670,5.828394997067691
671,5.792186769656989
672,7.251273090521207
673,8.52941812463598
674,6.958169846295127
675,5.6369812811276825
676,9.764214972320694
677,3.544843102012719
678,7.412610692937361
679,4.9239262269123545
680,5.79855463636197
681,7.61577407744375
682,7.490742229541557
683,7.784524810284441
684,5.036306551514163
685,6.626306627934309
686,5.668788191735214
687,10.219478975081497
688,6.882875159405678
689,9.76045875768749
690,8.19363724652863
691,4.396334635038104
692,4.037161615637886
693,5.4052249380909325
694,5.055746608847669
695,8.147356872925194
696,5.389661888700407
697,10.257522850645033
698,5.338262312000378
699,9.815821762918494
700,10.113797194548555
701,9.190612981999926
702,10.502413867623732
703,7.801449655613536
704,10.48834647804199
705,3.749516659005767
706,9.599251909016099
707,10.132037662537272
708,5.31037805746109
709,5.139529757014282
710,4.826256932969033
711,6.794593867257224
712,7.540164624835522
713,5.404540141176899
714,9.97963353156364
715,9.154550993156422
716,4.434932690638762
717,10.228558460725615
718,6.390935091421848
719,3.148137976860056
720,9.72601564200689
721,10.012572802050727
722,10.089819245725048
723,9.894775089737292
724,5.1877799660186765
725,5.184301052790435
726,9.231129818279454
727,4.876858187052174
728,10.023541582001144
729,9.40339339442888
730,4.231057508018216
731,6.632293342359065
732,5.460098264331665
733,4.596642709225417
734,9.83196516046786
735,10.479442922180477
736,8.918372526503774
737,5.392666199938411
738,4.22828823633428
739,6.147157317743829
740,9.843872166292618
741,7.8517174798956
742,8.230000072449345
743,9.799150431602682
744,7.091644268427213
745,6.9526001658992875
746,4.026965034138474
747,9.702682584668368
748,4.529866578806925
749,3.8716260514589176
750,8.477762794308822
751,4.790570003595864
752,7.03803126864964
753,5.233227380630014
754,3.290530069550112
755,4.51802273931153
756,8.191333341587928
757,7.927624519409146
758,9.641932760101405
759,6.693068921167757
760,4.374569809208828
761,9.283849569874098
762,6.147823324033268
763,6.473224996943569
764,5.374793219990064
765,4.523381713702824
766,7.4938103905492355
767,5.277142337209425
768,7.435036022336061
769,7.208975326090581
770,10.378040744537401
771,10.23564470859621
772,3.7023967231210793
773,5.936855610744872
774,4.852905205070917
775,5.773351165532734
776,9.084391207922474
777,10.637385119757818
778,10.258769560422262
779,4.062749061189442
780,9.469209302898436
781,9.116920335059106
782,6.551063704664027
783,4.493131181578277
784,9.73018464203225
785,5.21108295039761
786,6.09719715347727
787,9.838614467423973
788,2.86272604252909
789,7.892849802752482
790,4.31284239804523
791,6.726910802838411
792,7.846078719552424
793,7.261539012538932
794,6.924585531549464
795,9.513601020028892
796,5.783097189178746
797,4.790639624534203
798,4.802545447951362
799,9.213895593131285
800,8.91649919725936
801,5.692862931180874
802,10.007282845399727
803,9.233900500125285
804,6.6781988204915095
805,7.079458582762826
806,6.589384164574047
807,3.724122561270152
808,10.697532198636987
809,10.374299082245253
810,10.484309977191087
811,10.100815817572608
812,4.324345927695963
813,10.00410036428327
814,7.3634565114299155
815,10.476491598654365
816,5.745507404178302
817,8.341188940313826
818,4.8297239323455115
819,9.800492689915504
820,7.881543270800104
821,9.644017449388212
822,9.175761761376314
823,7.394937545815061
824,9.422848019193538
825,6.119411040542725
826,10.075607598390143
827,9.887457650393783
828,6.982022511476765
829,6.734389252747043
830,4.177788713765523
831,7.399273067375209
832,6.867688518252656
833,7.368333808457102
834,4.629068572735835
835,10.232501512212878
836,9.97784000412438
837,5.658503455030527
838,7.05280982693471
839,3.6059719556031467
840,9.467084178829964
841,6.284335842917829
842,3.571761448230962
843,6.886696011033603
844,9.215091113981638
845,7.6913519413115035
846,6.547762814282557
847,8.540073230907154
848,5.144708821316526
849,8.567793059427945
850,10.231573379786548
851,9.92579365526659
852,10.866204532608485
853,9.97919766380493
854,5.286870927956342
855,3.2703723488892105
856,4.168383115616552
857,7.260136732977394
858,9.80425349706532
859,7.507516647046065
860,4.247281150983009
861,5.097019045239114
862,7.267078715874916
863,9.504669104778722
864,8.173894026257495
865,10.305267283224369
866,8.922027811342062
867,10.334577166277544
868,6.490565647325312
869,9.99382092967784
870,6.727191686577592
871,8.515184230821273
872,5.498000478742082
873,5.563639554506161
874,4.996814856304643
875,4.767043918434904
876,8.73146705758092
877,3.9086882727759833
878,5.440959134408782
879,9.650922481086088
880,8.567267882498351
881,10.09209752600834
882,6.862671141825921
883,4.029860730453405
884,5.646632903605899
885,10.900005395510222
886,6.488878354295014
887,10.257210496141589
888,5.841976058896698
889,6.063837066503356
890,9.765266851297637
891,5.754191297998433
892,9.222924369807657
893,5.193230185460268
894,4.525372346511313
895,6.003702226568163
896,4.826662693372921
897,4.254828964569378
898,4.111763738564334
899,10.279518244692609
900,10.442063073859222
901,6.977452125662471
902,6.2654002588268485
903,10.312412470197712
904,8.064401161620609
905,8.685967035926337
906,4.579293899198429
907,6.028685354314754
908,4.79123633542934
909,10.459067741484356
910,5.77860081941563
911,8.994518425054467
912,6.006984351494967
913,7.89139558916969
914,9.178041922851989
915,4.77021880313152
916,9.857576144238939
917,6.481819459093877
918,7.000504735001887
919,4.423470721541494
920,8.780912549176849
921,9.020061528080488
922,5.289369407656346
923,4.496115262009112
924,6.5412396581631915
925,8.246512992825034
926,5.99194623729273
927,3.657901608946053
928,5.510765684396216
929,4.761617557118403
930,5.185110715688913
931,9.486176030711233
932,3.6392719389594568
933,6.10922035319908
934,9.770708516200516
935,5.883047464602371
936,5.740420484445678
937,9.712753225604795
938,7.037172637327099
939,9.650092757723458
940,7.305139594486448
941,9.857003479543456
942,5.771912628640945
943,2.550896519052598
944,6.661932848804877
945,9.799861010381115
946,6.3925953073657835
947,4.836541413069797
948,3.065794125452923
949,10.075219858940395
950,4.710011917219475
951,5.4248656710274235
952,9.8419963907786
953,5.490776470231352
954,9.334944311058257
955,3.9575119236663134
956,4.110946364934372
957,9.770838761553824
958,6.189339616385095
959,3.753741601749029
960,10.631431869190775
961,10.454995830568862
962,5.605666490585371
963,10.350774391780488
964,9.099033048151552
965,10.514782028609055
966,9.382407077832319
967,9.591786829612493
968,6.290873495448536
969,3.5718003499002466
970,10.525087734856466
971,4.955440496690353
972,6.065593823366957
973,9.294646960021222
974,9.8252984517829
975,4.8432245014699395
976,5.153753814058555
977,4.721344986474604
978,9.99665195351826
979,4.4036403561890545
980,8.890656332480416
981,6.895249933088787
982,5.1918408941930725
983,10.01581287282579
984,4.372364931701402
985,4.650868029349819
986,5.494449093741301
987,9.687461982451106
988,8.451168433700579
989,9.9803516160652
990,8.169731676443064
991,9.252280869312228
992,9.174365267334577
993,9.655184936015415
994,5.0343827197925695
995,6.637320705503892
996,5.542072756833259
997,3.4750536413645485
998,10.609852673067342
999,3.101578483633929
1000,3.8371744069938356
1001,9.965835429591571
1002,7.4901585353092885
1003,5.90552854077061
1004,4.905208107016997
1005,9.799521979846078
1006,9.089390745130538
1007,4.325706609430003
1008,6.852914268753419
1009,3.6443537642270254
1010,5.1863881993497465
1011,5.670701929560771
1012,4.6190530071276745
1013,4.041606428292659
1014,10.03283271971774
1015,3.4413913647526493
1016,10.39489174453528
1017,8.28223370279793
1018,5.6038022106388174
1019,9.850211062156477
1020,9.070036906448998
1021,6.967212219132634
1022,7.087422849733204
1023,4.87855216622581
1024,6.677873936209565
1025,6.377868600290964
1026,6.7649459861970085
1027,4.795605113386265
1028,8.789684530000423
1029,3.350137471654936
1030,5.873887245790786
1031,5.906135993884841
1032,4.439018338559525
1033,6.38761566348903
1034,10.151904583860974
1035,9.12173734475792
1036,10.159347152377434
1037,7.635509802003021
1038,9.84753602305359
1039,9.917404215068391
1040,3.77843409807684
1041,10.189762137676398
1042,6.947178555761954
1043,7.711197380943879
1044,10.33825412954799
1045,9.004571465888448
1046,4.588176150813019
1047,10.507233545642125
1048,3.0117251830556584
1049,4.098019379691684
1050,6.640320288858624
1051,4.778139714492354
1052,5.784691472037224
1053,9.926218985520237
1054,6.136278414856349
1055,5.994711804502164
1056,7.542242649919171
1057,4.8331627250548195
1058,4.755944059061117
1059,10.724177969135011
1060,9.061751197583698
1061,4.4649226196504985
1062,7.270095643949403
1063,5.390376335949384
1064,9.52386795591716
1065,9.64939415220375
1066,7.596997461632203
1067,9.571217586587585
1068,10.591630617102672
1069,10.47632186723681
1070,10.658493058167382
1071,5.592523505441082
1072,5.278133316283694
1073,10.018572921240988
1074,7.334771428251449
1075,10.707989000907252
1076,9.77250080879246
1077,4.281112760654293
1078,5.90209974770974
1079,5.479986374613336
1080,6.9594813268439
1081,7.049325693783513
1082,4.504562017017324
1083,5.093590384810542
1084,5.236205621200332
1085,6.825608668131339
1086,5.87868172143514
1087,10.351027486132878
1088,3.5260762529134113
1089,9.090537548452703
1090,10.337013320284157
1091,4.3850220507510755
1092,4.452677918500784
1093,9.589428534765531
1094,5.361382241143207
1095,4.804722392324842
1096,5.243957078055658
1097,5.257876215317016
1098,10.495423973547405
1099,3.9535197308553784
1100,5.287685410340186
1101,9.404979767838654
1102,6.706066497434452
1103,6.35615930811558
1104,7.11054802204589
1105,8.516856606475011
1106,10.137130034793167
1107,10.212607309076354
1108,3.7423560032955883
1109,10.055301252850354
1110,4.982100964648725
1111,10.371722042638305
1112,5.532967242588183
1113,10.361466110505091
1114,4.802572854677607
1115,9.511484236858966
1116,6.222973164372603
1117,3.850003090272121
1118,10.870470970523867
1119,5.6381972596440635
1120,6.664366202220016
1121,9.128830955661675
1122,3.875041632844382
1123,4.414510484708875
1124,9.37993440126033
1125,7.773500232696264
1126,5.848146362402332
1127,7.02431160395133
1128,9.147012867805435
1129,10.339847189363148
1130,7.786887984063076
1131,10.181645372143866
1132,6.099228986889954
1133,3.799160322982928
1134,4.530017689773898
1135,4.236199149041157
1136,4.76938239632629
1137,6.794670336774371
1138,5.752823096500632
1139,9.252425730624958
1140,3.610142314216212
1141,9.055698473315056
1142,9.043667924922255
1143,7.137233426154933
1144,9.223647791190484
1145,6.017360265111404
1146,10.296436300102659
1147,6.58456528910198
1148,4.636451978990751
1149,10.044721032139382
1150,8.838033862286851
1151,5.469535948253198
1152,3.2745584271319337
1153,5.767835127508253
1154,9.933145577828485
1155,2.4059023356986167
1156,6.943605860058852
1157,5.391404058464565
1158,7.6625577877303215
1159,3.2260324202946222
1160,6.133994943669289
1161,10.624939398326344
1162,6.416521725345107
1163,4.984704522050087
1164,4.499716907469814
1165,4.39925422961908
1166,8.965829463703004
1167,4.348091325799402
1168,10.08854884393182
1169,8.645132542296004
1170,4.820877797029884
1171,10.120058311512084
1172,4.496698993950209
1173,10.587018173132073
1174,8.448138322232001
1175,7.043450485219395
1176,5.349037870099642
1177,8.908047819291829
1178,4.336073339025799
1179,2.949538369287341
1180,4.731605692004249
1181,6.3129869521165345
1182,4.04335884579277
1183,4.923244035379945
1184,6.993983726786785
1185,8.87155905566127
1186,4.081944927121033
1187,10.727000437185387
1188,6.620618175669285
1189,6.072325895859863
1190,4.166075595152429
1191,10.5074235351003
1192,6.622063534797461
1193,9.311079639102628
1194,10.17983502454729
1195,6.342142969162627
1196,4.78473304718035
1197,9.58518391730027
1198,10.017114538547306
1199,9.457733290411984
1200,5.934180041798431
1201,7.750533712265025
1202,10.534231763368737
1203,8.224632905252596
1204,9.939546634115352
1205,3.980401005809432
1206,5.008661257435319
1207,4.598986522135086
1208,7.39202830587265
1209,5.182885797546851
1210,4.0262832525685
1211,6.0009626559166245
1212,5.2626946333619635
1213,5.377529783861441
1214,5.141525303211154
1215,4.2589634501206115
1216,4.976933858853945
1217,7.231239677494571
1218,5.481455878146233
1219,5.165975236934736
1220,6.700572621309476
1221,7.32427291728461
1222,10.556176205500758
1223,10.844556987316892
1224,4.801337830637294
1225,9.632667137462603
1226,10.487584478183203
1227,5.8834968148348805
1228,6.892313895467851
1229,6.4515282435863845
1230,4.285326083286186
1231,4.7761972277647375
1232,5.007908655928823
1233,3.9546222000000246
1234,9.422845526267436
1235,10.09226529597808
1236,10.168414680910628
1237,5.541171432890791
1238,6.44652398102738
1239,8.850785609973492
1240,3.8041718279492667
1241,5.053822928163701
1242,6.015255581362406
1243,8.425149967182655
1244,3.732032648137071
1245,10.641285191558273
1246,8.1473172968823
1247,4.8239500407434415
1248,4.464071462887056
1249,4.209955412619176
1250,7.666947034199414
1251,7.687827238271996
1252,10.179532141842204
1253,10.7202705818807
1254,10.311410698165323
1255,10.774965876599646
1256,4.7950290617679
1257,9.535873380838789
1258,6.11049939939893
1259,5.5651837952038745
1260,6.591510738880351
1261,6.554718009050396
1262,7.459397512832943
1263,3.4875884461141453
1264,8.813527518210371
1265,6.354967476236773
1266,5.895517501304728
1267,3.623975798809132
1268,6.0368395830269606
1269,7.561617202303268
1270,4.43726041411748
1271,9.533844020829411
1272,10.485831537266776
1273,5.136701958808263
1274,5.383809261318599
1275,5.193276766425163
1276,10.461406003358293
1277,9.26009137600312
1278,10.237944630085133
1279,8.074000772057436
1280,7.369174635634965
1281,9.156618308086196
1282,5.456173452276979
1283,7.8352037528166845
1284,10.279890728433536
1285,5.391376818412591
1286,5.684324762492722
1287,4.219833015376827
1288,10.552867093367272
1289,5.077204288712294
1290,9.99769327870663
1291,5.81906825221868
1292,9.327007721771968
1293,5.953792545445537
1294,7.935339294509624
1295,10.359268944823702
1296,7.348502787160168
1297,6.97719286015699
1298,8.169708550270192
1299,8.416290203921776
1300,3.155179022481345
1301,4.217612571663747
1302,9.948463002207435
1303,3.8925257996864695
1304,5.15873535904976
1305,9.20284706560166
1306,4.523783521304867
1307,5.112493855256584
1308,9.588596248606764
1309,4.813011727386519
1310,7.75967978438572
1311,9.569101760909332
1312,8.337677761219624
1313,6.535643003435122
1314,4.921607593657401
1315,4.137912028023343
1316,7.967014476005045
1317,5.6269681067846475
1318,5.502497414820092
1319,9.185908851974522
1320,4.047711080305335
1321,7.7663390391429274
1322,3.38485906558002
1323,4.290523807018418
1324,6.7286450865255825
1325,8.156961742202283
1326,10.805715168456993
1327,9.619391921322839
1328,7.801451941161592
1329,6.151650837601196
1330,6.245728611199644
1331,4.207391258629765
1332,10.863900300749023
1333,10.741026803809632
1334,9.341433231670747
1335,9.482298619181465
1336,4.36479966849357
1337,10.323142591081782
1338,4.379161711676585
1339,4.091555795464766
1340,5.795218980483977
1341,4.621289263820358
1342,9.03495845250995
1343,5.216313856724393
1344,5.8513040188528045
1345,7.823886672217692
1346,7.530585196924274
1347,7.85328145460777
1348,6.370940460337034
1349,7.6183685794700935
1350,3.949362918729007
1351,6.146149390789827
1352,9.249212727578096
1353,9.90084245621146
1354,10.240488305438328
1355,8.474620542863072
1356,7.743884985151893
1357,4.966423580459559
1358,6.5347717359913515
1359,5.242805122634387
1360,4.796875548623805
1361,4.866696769349047
1362,5.054988436467895
1363,9.129278090541387
1364,7.005647567497248
1365,6.481458103450458
1366,9.923634157165527
1367,7.533547899119598
1368,5.88537849279995
1369,4.745102448725006
1370,9.238268486613398
1371,10.449073768341295
1372,9.772623738914513
1373,9.447482063591162
1374,4.225926968063985
1375,8.564475799445269
1376,4.2410494663508205
1377,4.789031071780954
1378,5.461403670666382
1379,5.023772392561631
1380,6.775585230254617
1381,5.515772042547797
1382,10.00742725828242
1383,4.766183778585122
1384,6.652637296922589
1385,7.615570115298124
1386,8.248192489645726
1387,7.760632411978315
1388,4.528364447412472
1389,4.74083287285232
1390,9.148719209954386
1391,9.905868987574573
1392,4.437305453290972
1393,7.653689713560039
1394,6.596952930442555
1395,7.488195424166279
1396,10.017120543465557
1397,6.267190540414539
1398,5.43928992910464
1399,5.0294976285509945
1400,3.606727215738682
1401,5.31923022657309
1402,7.080469589810733
1403,3.468213353799373
1404,5.668473630881049
1405,10.343577672091774
1406,3.5615498241163266
1407,3.92836001877172
1408,6.619361444153481
1409,8.859826075123904
1410,8.106926290429069
1411,9.579150283171707
1412,7.686287962695951
1413,5.082884225207003
1414,5.91745096830768
1415,5.011721195677463
1416,7.662441685603983
1417,5.433052865448459
1418,7.086957179022428
1419,4.2183020320122955
1420,8.638700089666491
1421,6.290601372505608
1422,4.559556221813758
1423,10.125252551571563
1424,9.963309003674885
1425,6.707615998861996
1426,7.453060162849894
1427,10.60049267246924
1428,4.51139543812055
1429,7.507144378001034
1430,4.619424593915649
1431,5.665967953754851
1432,10.05243871008473
1433,6.819073829302654
1434,9.370250889528629
1435,7.0965826326828525
1436,10.158633486384565
1437,3.38459034091291
1438,3.81123719047603
1439,10.360820221957121
1440,3.884066820706391
1441,4.872206540015921
1442,8.316014445471755
1443,8.449345432324314
1444,9.826587186861829
1445,7.3357997458165825
1446,8.286755482007896
1447,10.250006645836228
1448,6.3608953908002235
1449,7.743836658464969
1450,4.739025466653063
1451,8.304854275162386
1452,6.80835095343879
1453,6.947939538996647
1454,7.724799001846158
1455,5.001449346737144
1456,9.372332407538254
1457,8.534771178032122
1458,4.089285508385622
1459,7.727987591144366
1460,5.641952161745659
1461,8.939137994039319
1462,9.008308983499505
1463,9.142050379656744
1464,6.090203115256055
1465,10.292668460240213
1466,3.8633219907367398
1467,4.672711217398967
1468,9.41716866712825
1469,5.398198247963816
1470,6.062010840784381
1471,8.987542396090499
1472,10.755823516758324
1473,3.224279605240709
1474,6.392893903734611
1475,3.9299540659057755
1476,9.5690685538111
1477,3.8372212013203573
1478,4.356571427832108
1479,10.187528236404189
1480,8.000733869153612
1481,10.122607599466777
1482,7.28793132723947
1483,7.905423446891831
1484,7.409871597837686
1485,6.098920735391406
1486,6.779444355738806
1487,9.726709048054309
1488,4.080111634903521
1489,10.956702731001746
1490,5.108775082604127
1491,8.842039452718218
1492,6.169623615077131
1493,3.454136378074697
1494,9.92797034208961
1495,4.187951784243059
1496,10.384769840570971
1497,4.782875932789508
1498,4.221011290701491
1499,10.551103506327008
1500,4.193152720479223
1501,9.406908094518597
1502,4.000045692196637
1503,10.26254898870821
1504,6.841031006176483
1505,6.662207073329031
1506,7.504908961161045
1507,5.612642816799096
1508,7.833495602856435
1509,3.080679245054661
1510,4.268453263429152
1511,3.595607966850077
1512,6.968984086569975
1513,6.139362030455306
1514,6.01755089823155
1515,5.067158016246082
1516,3.548767927547815
1517,6.30649503001625
1518,7.80527337664822
1519,10.403526330580585
1520,6.924312340617546
1521,5.182573492144184
1522,9.20916049623492
1523,5.2389633312333395
1524,3.0634601065340665
1525,7.247014747602836
1526,5.176052114985727
1527,6.672834420551168
1528,5.170912797661296
1529,10.11669641834519
1530,10.654903670487558
1531,7.717082255717817
1532,5.221086556914115
1533,6.1437655326318295
1534,9.782131876572988
1535,5.565457932555393
1536,5.103485639035712
1537,3.3659211962407007
1538,9.211676738363257
1539,9.645466495441072
1540,10.55347463198535
1541,5.062857341852996
1542,9.76594864853081
1543,6.820831721369572
1544,9.226837111891589
1545,4.30310803007246
1546,10.01184804621757
1547,9.865804193526385
1548,5.486615604391974
1549,6.902069244680827
1550,8.277791185238065
1551,8.937471712334455
1552,9.72683495694132
1553,5.840500555832363
1554,9.676253356365974
1555,8.086495961665888
1556,9.909541732175878
1557,5.933606235281279
1558,6.007533558287212
1559,8.769357874026314
1560,8.89887041055793
1561,4.961193902445763
1562,9.717488665994301
1563,9.770535090145263
1564,3.521631224042489
1565,9.752196358161193
1566,5.012856443647738
1567,8.217762994749556
1568,9.370623327459453
1569,5.643277656659595
1570,10.701174202526518
1571,7.126472318609339
1572,4.270552559413017
1573,9.491327282544223
1574,10.076712908712514
1575,4.729623760246729
1576,10.392133985292148
1577,5.336782787364928
1578,2.8107038699775337
1579,6.642273397879253
1580,6.276608701006803
1581,4.036956111115407
1582,5.791615699579489
1583,3.970048091658341
1584,5.152457255301469
1585,10.154408872503788
1586,3.8795360844184104
1587,9.473410458328546
1588,3.569990509176714
1589,7.686483182918142
1590,3.747385925335422
1591,8.357965539814707
1592,4.483400886051635
1593,7.727658287770001
1594,4.674216356161856
1595,3.700102110380971
1596,8.91171071298817
1597,3.7287633337274215
1598,3.8489210209714404
1599,10.20952636735051
1600,5.348909791226892
1601,4.276284283757903
1602,10.618670291453554
1603,10.707727328359693
1604,7.001110324173812
1605,5.767001887072129
1606,8.240963962529884
1607,10.55972989187998
1608,8.926732536238157
1609,5.760445872832876
1610,9.529868088515604
1611,4.580163424553422
1612,6.335030504541348
1613,8.930092758526046
1614,9.3723045324043
1615,9.183449565979837
1616,10.422506822119557
1617,9.707645345616909
1618,4.209653151539222
1619,9.635266255535214
1620,9.614136116959456
1621,7.744357770155197
1622,4.958815756383683
1623,7.977222105754644
1624,7.12047869939488
1625,6.345145988297763
1626,9.882219198794468
1627,3.8775321527999593
1628,4.1898741068445515
1629,7.199484535642955
1630,8.219115937432687
1631,5.601272069994249
1632,5.429205400881479
1633,7.265396381688379
1634,4.238480253227073
1635,4.670795971488338
1636,10.163842118559195
1637,9.8829967044931
1638,8.155352919437059
1639,10.290842661291787
1640,4.4363460682246405
1641,10.197832077021692
1642,9.728298347427629
1643,8.21053125879027
1644,4.609644726693314
1645,3.3337673447457763
1646,8.804472030413182
1647,5.017490534942913
1648,4.842355982744881
1649,4.337102838009124
1650,6.740764606030133
1651,5.330694541153314
1652,5.519399108568486
1653,10.330701865022284
1654,9.349988771216074
1655,10.697277097158144
1656,4.533160191124492
1657,5.901243043401782
1658,10.24377906257741
1659,3.494662919398858
1660,5.173240184058301
1661,10.377426500205498
1662,10.461326148497005
1663,7.004400088749357
1664,3.3987988811660412
1665,6.613458892575932
1666,3.8541317948936604
1667,8.997789657450669
1668,4.916654291851089
1669,5.230746301276291
1670,10.273687667456542
1671,10.691506944095488
1672,7.043903645552494
1673,7.35716608978795
1674,10.091004892042774
1675,5.089981622511893
1676,7.234181090188945
1677,10.459815795660456
1678,10.462801101176733
1679,10.212493137055779
1680,9.540621871654656
1681,10.769350764571145
1682,3.7110841558926566
1683,5.3041642321660625
1684,6.040209468123627
1685,3.661877230290957
1686,9.780590002384173
1687,2.6040449427400296
1688,3.501650404806364
1689,10.944421166302403
1690,5.550996791904059
1691,5.739958555314573
1692,10.419307395295677
1693,10.424782265550096
1694,10.288798640339301
1695,4.681440124741301
1696,8.893617471942301
1697,10.137906219038548
1698,9.606060800981412
1699,10.344726849668241
1700,8.813095834604303
1701,4.682704191714675
1702,7.495681341595739
1703,9.547501048543728
1704,7.36998854220959
1705,4.97388917049157
1706,9.991463890458881
1707,6.717787956998499
1708,7.9953643134124235
1709,5.083198362699428
1710,10.442793215084995
1711,7.291082685554055
1712,7.583713715269404
1713,4.522018542340631
1714,6.6476058768576545
1715,6.436892168016268
1716,10.394458729161293
1717,9.538876914408464
1718,7.745662975773921
1719,3.8521655448757692
1720,8.554252039939302
1721,7.253291528360445
1722,7.621429173993444
1723,5.412655895623824
1724,10.087064717995732
1725,5.949439105437418
1726,7.704841909173534
1727,7.409770421057438
1728,9.852857385252397
1729,3.723243821819897
1730,8.868738411481804
1731,4.709258045522649
1732,6.562591017613094
1733,7.214493794499266
1734,9.11742268029998
1735,8.60754999444021
1736,3.1748344654109073
1737,7.86792059350334
1738,4.695694119663411
1739,9.83764073743316
1740,5.4107981347974645
1741,4.096405358738376
1742,4.104834608611075
1743,7.386388853132131
1744,10.503780853512666
1745,9.512205763046799
1746,6.515446404045471
1747,5.3533558794281895
1748,4.3372225194641505
1749,4.303449220712712
1750,6.547860573397654
1751,7.5806172598010795
1752,4.565704493545303
1753,3.729427229491558
1754,3.981201944821095
1755,9.312542037832793
1756,3.6503357442847473
1757,6.763306985966981
1758,4.20476917913377
1759,7.631253371667008
1760,4.606142217786472
1761,6.24014973464634
1762,10.225978589440416
1763,6.021532693551303
1764,4.946605618456201
1765,9.981415737184163
1766,6.546893173007693
1767,3.4571603438768754
1768,9.084202733987636
1769,3.9231381420436757
1770,10.47214194063317
1771,4.466524938242346
1772,9.568024599350672
1773,7.720358019671978
1774,6.2842352536471076
1775,8.516067418259906
1776,6.889886700288014
1777,10.12381011734246
1778,5.84287399452175
1779,8.853293202517342
1780,3.592705007818537
1781,6.3276346625951945
1782,3.6058488102248987
1783,5.078898105143226
1784,10.300544669217183
1785,4.03691851009431
1786,9.615231537662373
1787,7.939347538494315
1788,9.714603226843277
1789,6.826782263554652
1790,7.2260923280520615
1791,9.793576133256753
1792,7.919153799657923
1793,4.248112529606288
1794,10.45959566071047
1795,3.8486193463927703
1796,4.968961199504532
1797,4.5629426000725815
1798,7.065134650449075
1799,6.437473767427055
1800,4.371583447831572
1801,9.245230228979237
1802,7.218218124202989
1803,3.369714071798267
1804,6.828122621631375
1805,5.501437380128693
1806,9.815641392969026
1807,3.6395986900556614
1808,5.928080881528739
1809,8.90122442902318
1810,5.81665544778907
1811,7.346655675191094
1812,5.171471732050845
1813,4.133021585338695
1814,10.829726777490519
1815,6.324945297132568
1816,4.088525473700055
1817,4.022624449172308
1818,7.714982288099795
1819,4.4700277844589715
1820,10.004502642519183
1821,5.104499249232938
1822,6.134464693834166
1823,4.694982949232376
1824,5.696037724886733
1825,5.381329507247249
1826,6.505235054412665
1827,7.029525512874589
1828,4.728343754429459
1829,7.137488771135892
1830,2.7276368786610257
1831,3.5648211161642114
1832,10.308510330982296
1833,4.729087474509149
1834,6.539205212860999
1835,4.6884277089416715
1836,4.7863832468319325
1837,10.57409490524987
1838,10.649092114148615
1839,6.470194783828862
1840,7.187802991060921
1841,9.791068786793154
1842,9.645100070007418
1843,5.5816645567009795
1844,4.140847264189347
1845,9.074216603650198
1846,9.697610810141953
1847,4.834786787768777
1848,4.514710335743227
1849,7.645324524988023
1850,5.75049537228703
1851,3.5323994703223627
1852,9.311821488900751
1853,3.6703743732565957
1854,4.769224713651471
1855,5.061067364210474
1856,4.297118667224907
1857,4.20871319446865
1858,5.384100324103582
1859,4.02655704676907
1860,5.581537728628544
1861,9.95416254514752
1862,4.113088683313001
1863,9.576460352652576
1864,3.514630545038402
1865,9.494282616539861
1866,6.451383609421183
1867,6.314876614687397
1868,10.958378379473272
1869,7.805321965240251
1870,5.5034489185714115
1871,5.78998563200031
1872,8.914585573007749
1873,10.059877912841499
1874,9.368291826121078
1875,10.087029173387457
1876,7.957636473778901
1877,6.713386517447222
1878,4.2563434547575545
1879,5.290014375022623
1880,6.025271500672591
1881,6.837185509696535
1882,5.478891403788048
1883,9.08452226113098
1884,7.881402120486437
1885,6.149119369110838
1886,10.269410707659723
1887,5.4019890582614485
1888,7.167787230470151
1889,8.201161947860077
1890,8.17771247970967
1891,4.165406691546271
1892,5.593348819312595
1893,4.114549220784249
1894,10.286527200217796
1895,4.645517628859995
1896,4.5626728537837975
1897,4.931013288004984
1898,6.67432013301102
1899,5.719146784373838
1900,3.116501404454258
1901,10.528514449952754
1902,5.5718116761575684
1903,5.41011868712818
1904,5.027564304988313
1905,6.854635101584233
1906,10.279868655667629
1907,7.174427119437499
1908,10.817465956996486
1909,3.9623587176873163
1910,4.506759456725952
1911,10.030872576691946
1912,10.827455443264768
1913,6.414651805866483
1914,2.9912692455990815
1915,9.063847828867369
1916,8.446978570032952
1917,5.632530025922622
1918,4.1706695009062
1919,8.588897077654703
1920,5.9895936320815695
1921,8.085633996891831
1922,3.138125896596742
1923,3.4379245007071275
1924,9.282411777214978
1925,4.29196347957975
1926,6.741833837199851
1927,5.160074441108375
1928,4.566761018136455
1929,10.098213224447957
1930,9.73302524550966
1931,8.484370918037534
1932,7.357110179554451
1933,4.258597548520444
1934,4.446888240371012
1935,4.789733085045752
1936,9.873615970847938
1937,10.009082799221348
1938,9.624853961464046
1939,5.0156098639279145
1940,10.673022655234886
1941,5.612245437229994
1942,10.51256762385682
1943,9.625823620887202
1944,7.068110653746324
1945,10.28579889570437
1946,5.784125978781005
1947,3.624262466269117
1948,8.346990865896768
1949,6.351498755063967
1950,7.928613950927094
1951,5.107966303930545
1952,3.894483766706562
1953,4.484811981265806
1954,6.922390890023752
1955,3.8133343486898226
1956,5.410218033509817
1957,4.553707331944668
1958,8.237056704532877
1959,5.107407718006383
1960,4.652869755734769
1961,4.314353637412089
1962,8.918574187231231
1963,4.7730972375024505
1964,4.466143611561162
1965,4.642433048757359
1966,4.642106681452159
1967,4.51999304965684
1968,3.788322633444185
1969,3.898551159399668
1970,4.2303087469373315
1971,8.642967241787083
1972,7.097593693110984
1973,5.826947879958851
1974,5.158693321554217
1975,3.043029401445729
1976,10.621425563264765
1977,4.529370962374876
1978,6.892949402658041
1979,9.570370934338783
1980,10.545336183447699
1981,5.756231567053554
1982,9.701113009028045
1983,8.500116572475457
1984,10.692131448912091
1985,3.5609410851892265
1986,9.526037619142594
1987,6.611190182523444
1988,8.484930089431801
1989,4.427835090848757
1990,10.758610824072194
1991,10.417007544122855
1992,10.62431487376078
1993,6.26930314390799
1994,5.457218942405113
1995,5.785030387003125
1996,8.240574720661678
1997,5.488723981495934
1998,4.870795546101581
1999,10.696299097597993
2000,3.3360801749585427
2001,10.282340089874612
2002,5.286835524202349
2003,6.217377348581917
2004,10.407926967471397
2005,7.701544436913179
2006,10.277754262879727
2007,3.6508115618235863
2008,5.196225298645363
2009,8.751827946398
2010,3.716500621287643
2011,3.778914100717777
2012,5.253595781651719
2013,5.994982861912466
2014,10.402932889936507
2015,9.963019045275791
2016,4.618003204627179
2017,5.936594706713689
2018,9.768962815606953
2019,8.485326199475084
2020,9.161147150419607
2021,5.449873194875306
2022,10.411083259384931
2023,6.29367387597735
2024,8.508825261538085
2025,6.082900997452177
2026,5.665322003427298
2027,3.3596755166090233
2028,9.730665819079272
2029,4.429811280198975
2030,4.781249804885309
2031,8.474440057429252
2032,10.5378502601789
2033,5.427971055391111
2034,4.523838591205513
2035,9.700962723304636
2036,6.951414570222567
2037,10.730727026510351
2038,4.484449915952592
2039,7.57533057025021
2040,6.901737565206941
2041,8.767896566625433
2042,8.11861847660727
2043,6.063398508241863
2044,4.774823217698658
2045,8.651340304684425
2046,10.307524995162339
2047,8.068912332251506
2048,10.506979591113659
2049,9.790611144804917
2050,4.680085432597177
2051,10.12409200605835
2052,6.293114764265053
2053,4.506937904088997
2054,10.413630447550352
2055,7.67755327196146
2056,8.036451604400497
2057,4.48783021763711
2058,5.365055738775273
2059,4.717982216984686
2060,5.36952161157722
2061,5.014447355261011
2062,5.255869718191783
2063,9.259002252326018
2064,6.908118300233305
2065,7.5104304433440845
2066,8.825929767067677
2067,4.38562807303578
2068,10.438347074496065
2069,4.857416217489744
2070,6.066188873490774
2071,8.624135172065943
2072,4.502375954014592
2073,5.239963898655691
2074,5.895265850289117
2075,3.388681528948773
2076,5.089026565331446
2077,8.327742343525232
2078,3.7956175125698692
2079,6.261160682260133
2080,5.580492716982241
2081,6.632861210256702
2082,10.254944143970896
2083,3.3011834920647183
2084,7.379183839137646
2085,9.441115310757459
2086,10.41486795843447
2087,3.8525480673412296
2088,5.589384033346431
2089,6.419585541950551
2090,9.724660931328058
2091,9.8421440599106
2092,5.976112522125149
2093,10.143426316523678
2094,7.187705379822927
2095,9.82210526800205
2096,7.094915671919317
2097,10.091576086340162
2098,5.352241101190944
2099,5.414478281930208
2100,10.065307080247752
2101,3.2175022161510376
2102,7.468724089298351
2103,10.52370289674814
2104,5.278896996636818
2105,5.01627740722083
2106,4.527377362332294
2107,6.837639155390019
2108,10.69277154083052
2109,6.919783615085727
2110,4.684050515181386
2111,5.0688615286453
2112,5.186285267443636
2113,8.322055953995969
2114,5.867329244855866
2115,3.3358894217525883
2116,10.35879069998096
2117,10.46388561350321
2118,9.329027629050241
2119,4.362014614562727
2120,7.550173651832492
2121,8.097390646550663
2122,9.476367841154712
2123,10.486716793195328
2124,6.4520626708043665
2125,5.171281492627598
2126,9.900969777131856
2127,10.468527792026359
2128,10.523577474550828
2129,5.864042436499992
2130,9.475566003433393
2131,3.956199430086503
2132,4.680100315042704
2133,8.565934632164863
2134,3.80842074195235
2135,9.586140299621666
2136,3.621530238711042
2137,4.703168005754091
2138,6.218090611324368
2139,10.127108933677375
2140,4.502676140809489
2141,8.12570935948438
2142,7.90697203211819
2143,5.475661756408537
2144,2.7775730668280048
2145,4.073522765242417
2146,10.3053327064073
2147,3.0357949991865123
2148,10.09967474675193
2149,10.670586864848515
2150,9.303282689318513
2151,7.247427709291014
2152,6.790308408782572
2153,10.174129253325143
2154,4.389724547022356
2155,4.02576836158011
2156,9.897691680314026
2157,9.733516698154782
2158,4.873546413299493
2159,8.083070148289377
2160,5.7486001745512
2161,10.444026861724518
2162,3.488399880124754
2163,4.345859425058269
2164,7.455582263428298
2165,9.365893218437963
2166,4.740574993771516
2167,9.835546465702556
2168,5.442100734624219
2169,4.430729808296163
2170,5.224798219707015
2171,4.918932318620865
2172,5.024615240528439
2173,9.70044172599573
2174,10.581953731417652
2175,4.859855433252875
2176,7.906372656428812
2177,9.799070516598693
2178,4.54190147186856
2179,4.588903317395057
2180,5.908594904861048
2181,3.5704014945087796
2182,3.643426309926894
2183,10.05245838633103
2184,7.772325542396184
2185,6.313385606104657
2186,6.6542884743754955
2187,4.362794035546565
2188,7.538930398796313
2189,5.751276563328126
2190,10.162062187283667
2191,4.426788689673815
2192,7.664910763243316
2193,3.287708482247048
2194,5.1858400883456985
2195,10.187355178113389
2196,5.048673337652521
2197,3.667615635705664
2198,5.5923346613168325
2199,4.238982592508238
2200,5.287798527642953
2201,8.72349466323159
2202,4.62354697702338
2203,10.005488485656523
2204,8.171610183557958
2205,5.333983235853001
2206,9.653883654854242
2207,9.48127790997802
2208,10.543603401862173
2209,3.658590414224406
2210,10.60445078279317
2211,5.182250832009571
2212,2.9981696185853863
2213,6.7672649997750165
2214,6.854224735306748
2215,9.08406933078851
2216,9.15674209574607
2217,9.548527812858481
2218,4.436152403867677
2219,6.698477345882018
2220,7.086143986647483
2221,5.092364846361813
2222,7.659196612334756
2223,9.792930481988138
2224,3.3766654594216003
2225,5.492469705873481
2226,4.386348175358334
2227,9.523407219223389
2228,10.335656773404997
2229,3.483339083310676
2230,9.319656436838148
2231,8.518895148019986
2232,5.1002417406891905
2233,4.937322295662949
2234,7.041822598141283
2235,3.6508596486841043
2236,5.561294158694662
2237,5.840038747969835
2238,10.251938647515237
2239,9.999343341095088
2240,7.221686098451962
2241,9.396055537156116
2242,9.282246738825178
2243,6.182282366332885
2244,6.1716921755716925
2245,10.410197866166303
2246,3.293553318212208
2247,3.604213461772272
2248,3.109089362869499
2249,6.594933845466888
2250,6.76424725988642
2251,7.528897017086791
2252,4.606675951829659
2253,9.800704044598104
2254,5.663818415276903
2255,5.4456355044903555
2256,8.325345431450463
2257,9.998586719623253
2258,6.532378273765393
2259,6.112636653068396
2260,2.461775328951397
2261,6.886791284507614
2262,6.8257917718244485
2263,5.612598784810406
2264,4.844835479240836
2265,6.417087703883212
2266,6.528634187074412
2267,6.2711993663089585
2268,7.160766413406843
2269,3.8938447330542427
2270,10.103810567775318
2271,2.963233704832217
2272,9.627441665462285
2273,4.363226664214012
2274,9.22532716834055
2275,9.407136162989968
2276,6.800154695521599
2277,9.252338079100406
2278,10.18198664789909
2279,7.968057706843887
2280,7.458185145872572
2281,5.995421018936969
2282,4.295398991374563
2283,4.0472348500639095
2284,9.321491707429685
2285,9.876248141172352
2286,5.425371135349496
2287,8.61249772256627
2288,5.901000437861074
2289,5.56338675493397
2290,5.373862017267453
2291,8.278292218422045
2292,7.875849033304878
2293,10.005647517370102
2294,3.8166277433173383
2295,5.146233179859871
2296,9.523600964971166
2297,5.375426320881065
2298,7.821376926242632
2299,6.837898228924064
2300,8.422168268965445
2301,6.264802753365829
2302,3.220470575531112
2303,6.477573258250948
2304,4.667238430283178
2305,5.318566315435689
2306,10.150183927475451
2307,10.354927218300508
2308,6.586288516529756
2309,9.135582146868778
2310,8.61513009335271
2311,10.46011180307829
2312,10.127959703284464
2313,9.25056445346472
2314,5.936448427628908
2315,3.5535543589496705
2316,10.025701424725233
2317,10.167381811970898
2318,5.115940216835921
2319,9.860140643476988
2320,5.352771529909789
2321,4.500544333409234
2322,10.190051410139498
2323,4.725126153408304
2324,4.979488643223857
2325,4.645304663917481
2326,3.8376971365366876
2327,7.8354837395064605
2328,10.177902517393251
2329,9.699542034372483
2330,5.891779202274855
2331,5.172956270218476
2332,5.55172634059097
2333,5.5842234556432935
2334,9.606267080424905
2335,4.424640094483416
2336,5.429001798747062
2337,10.144114481466865
2338,7.386408151988032
2339,9.302412802176415
2340,7.814668928254933
2341,4.880225641105828
2342,7.436976162169714
2343,6.877394874893465
2344,5.72400321953382
2345,9.530723085391914
2346,10.665786507672143
2347,3.610841989378187
2348,9.878236727471434
2349,4.271119861735024
2350,8.750481874172808
2351,6.235520044610898
2352,6.529522504367264
2353,3.567541425655636
2354,10.151235791286878
2355,9.91493338735138
2356,6.1258353116419615
2357,10.145077028438042
2358,8.067129883955475
2359,10.343325677363621
2360,6.154979193998751
2361,5.449457197131831
2362,9.880321195985537
2363,10.849259103267933
2364,10.836134702898944
2365,4.838989475955106
2366,7.652491691074665
2367,6.069432736339036
2368,7.930072094497618
2369,2.9528493101444955
2370,2.7408893309711364
2371,5.6145334754843015
2372,4.678986155674985
2373,9.515859400789294
2374,8.110239269863026
2375,10.332995774488376
2376,9.444674183411065
2377,5.995499099649803
2378,7.593755437967921
2379,8.434348510359003
2380,3.3838204938662835
2381,9.827355071402028
2382,10.20140050229859
2383,10.449404595741441
2384,2.945355248010974
2385,4.0879577033438865
2386,3.521606329093687
2387,4.368952653090242
2388,4.751141404176415
2389,5.909851643724676
2390,6.438833486642977
2391,8.362040521209748
2392,6.518916529008568
2393,6.075693590125918
2394,6.975498033456513
2395,3.6520507879384034
2396,4.509102987625603
2397,6.795974071395013
2398,4.79844968576102
2399,3.3906499411150333
2400,5.989755315836512
2401,7.323680743917404
2402,6.0481975140992335
2403,10.045579116099242
2404,4.609782111268552
2405,7.841334583078486
2406,9.157404725932283
2407,5.491771836042193
2408,3.3228297023816444
2409,10.03940684578699
2410,10.751606764126421
2411,10.084343514762459
2412,9.953485449078729
2413,9.690690865290273
2414,6.656723595620669
2415,10.255971182820785
2416,9.573698917966956
2417,7.098541258641041
2418,10.511631024894
2419,4.340123686387631
2420,10.242689606962784
2421,6.1558366096739805
2422,5.724870801926497
2423,5.428759459091586
2424,8.109492335808005
2425,8.65490895884413
2426,8.053842982965044
2427,6.306216935028632
2428,6.618845573949804
2429,8.769817642589578
2430,9.909786889969006
2431,7.717200022513622
2432,5.519005168600708
2433,5.222656292260743
2434,5.1909970680082385
2435,4.523664005347498
2436,3.5650678743279904
2437,5.105357844704026
2438,4.019786368818132
2439,8.197535639337044
2440,4.762212307752837
2441,5.906157294663597
2442,4.028909085843799
2443,9.982120088547653
2444,5.694204063349471
2445,7.121943232053838
2446,6.500183388116356
2447,10.061963124538766
2448,10.128573557792715
2449,10.582767364452186
2450,9.244163581555975
2451,10.011353072814588
2452,3.5548865721972605
2453,6.368656393220788
2454,9.713830536247526
2455,10.664990264487455
2456,4.5448305315462045
2457,10.567465881289246
2458,10.211377889227089
2459,8.28402641294597
2460,6.815455418501817
2461,5.107599598093841
2462,4.607708754083737
2463,9.31990017662078
2464,6.10260063416717
2465,5.918268816043482
2466,4.079200054575966
2467,9.884311453731502
2468,10.216962808909647
2469,9.17341599537515
2470,5.587174315216271
2471,4.403897781208899
2472,6.059267696248245
2473,6.671427930618226
2474,4.689311534265554
2475,3.8874641860438395
2476,10.64153588194032
2477,9.081459598914753
2478,4.752285940546255
2479,10.02279614270825
2480,8.316977811332885
2481,9.348898413311336
2482,11.158956274520321
2483,7.230235621940262
2484,9.829514650605569
2485,9.641860631230253
2486,5.624440594863081
2487,6.33627882479853
2488,5.011537944235607
2489,5.689395804434252
2490,9.895178796806501
2491,8.02620174136544
2492,5.312329650958688
2493,4.317400630350945
2494,4.356914767979849
2495,4.873574809182123
2496,3.3290700946506004
2497,5.88285541314298
2498,5.718248082708293
2499,10.211493955481975
2500,9.76612999090077
2501,5.332961956420632
2502,10.420832215309085
2503,3.6740307885718253
2504,6.731328856031371
2505,3.8515675348210263
2506,4.476055853353788
2507,4.3333534098082325
2508,5.572633571686663
2509,7.5353456995558545
2510,5.323915596471796
2511,4.750027847283216
2512,3.132931994625389
2513,8.736218057702734
2514,3.864624657768529
2515,5.937212661253995
2516,7.66353184389624
2517,4.6335562797551555
2518,7.145228865940229
2519,4.095886741516376
2520,9.406260016986554
2521,5.1040161355081
2522,3.580293295738342
2523,5.53381429886218
2524,10.11075209037954
2525,9.172586023052874
2526,4.3855122105803135
2527,9.047853650390616
2528,9.325638654916027
2529,6.123597372284361
2530,9.910604292066454
2531,9.555264590054831
2532,5.597552179017176
2533,5.798637530985855
2534,4.843219053627607
2535,4.486148809303653
2536,4.656359524648011
2537,9.28746916935468
2538,9.576527670627543
2539,5.7799058872662386
2540,10.518845209272452
2541,4.975884492219033
2542,5.3755507509482285
2543,4.204743477056448
2544,6.5272511254692915
2545,8.41685757771147
2546,6.902002046636471
2547,3.9147001054828436
2548,8.335346734124958
2549,5.37759949385568
2550,10.322290302485273
2551,3.8500890772601273
2552,5.876623086604252
2553,4.857234459036453
2554,5.631003164890065
2555,5.954693670618494
2556,6.72768238264594
2557,7.405910997502484
2558,5.712990143552179
2559,9.264940221933339
2560,5.804193561297695
2561,5.8085792960064495
2562,5.487454463342279
2563,3.405730808329991
2564,8.88634947204307
2565,9.386894743495207
2566,5.655993061044248
2567,10.755525383637059
2568,9.699204524928305
2569,10.153313235574107
2570,5.55786580765141
2571,7.938939990136638
2572,3.5691538281018054
2573,7.324760369938143
2574,5.43850866118991
2575,7.4095641255669165
2576,5.257190132832869
2577,4.382920025565632
2578,9.51046153739195
2579,9.856157128262064
2580,5.950797256300767
2581,4.3930448919928216
2582,10.046179836898789
2583,10.38298601702253
2584,10.55122605808751
2585,7.659928501363791
2586,3.9594251936176597
2587,4.57004370837238
2588,4.859869370664296
2589,8.33422316646976
2590,7.589929978483468
2591,10.366952564686427
2592,3.800988301918118
2593,10.412722160424233
2594,10.116863941483025
2595,9.609502817649552
2596,4.618022921493957
2597,9.40740391428505
2598,9.864912190917503
2599,9.331042816502316
2600,4.187370162865087
2601,3.939748403324144
2602,4.813488257136549
2603,10.011999676742597
2604,6.192337675347634
2605,5.93178599046792
2606,6.147667659837386
2607,7.860844162528455
2608,5.264245606478695
2609,10.779468391327113
2610,4.694600030623978
2611,7.566788970129814
2612,7.571638501958316
2613,4.62905702701289
2614,6.635261750818915
2615,7.139735962314148
2616,5.017050093620508
2617,3.6974342577529153
2618,10.425007601531433
2619,5.29388676506735
2620,6.657395474472885
2621,10.48687149718509
2622,9.149072237428754
2623,5.387145850035978
2624,10.029742844143199
2625,4.475514632320146
2626,6.306792510360876
2627,5.661023054285342
2628,5.402935323277397
2629,10.309231835786326
2630,6.024129839540297
2631,9.57686315357038
2632,5.837714470715832
2633,6.20839421771083
2634,3.8483363124290357
2635,5.362644696607301
2636,10.195393953019112
2637,4.997798056632344
2638,8.216030072569662
2639,10.375778422664704
2640,10.775178419937738
2641,5.345243260845
2642,10.054713848776785
2643,4.462066524768965
2644,9.65091893117924
2645,6.836845503284768
2646,5.040478010107584
2647,5.11549977412169
2648,10.238053220527568
2649,9.088932356730245
2650,4.839004161694951
2651,4.202741617293141
2652,3.814418501559382
2653,2.967437997233563
2654,3.729717434219514
2655,5.943813903321913
2656,9.098868410627334
2657,6.270026313999268
2658,4.254715314527176
2659,3.8058836562283656
2660,5.588740863936735
2661,8.607007581600207
2662,4.067809245970323
2663,6.2946108517940305
2664,3.054647596839921
2665,9.989150383350495
2666,3.4148600514962784
2667,4.701385060716878
2668,5.674064508877247
2669,5.690193366444386
2670,4.6309983939402
2671,3.420605928876167
2672,10.311883274688846
2673,4.529790608684814
2674,3.5173580004767113
2675,4.71957628799046
2676,4.741424962332786
2677,9.72937640507188
2678,4.437352733755985
2679,6.3235267167793126
2680,3.2731408803882522
2681,7.7393537513106
2682,4.49099522174733
2683,9.93789880155981
2684,5.09753393026991
2685,10.58683462846625
2686,8.620625138503216
2687,4.518382245828529
2688,5.258315721230502
2689,4.069726504207774
2690,8.134771984138519
2691,4.0387906643677205
2692,4.399451975538178
2693,9.886463002466973
2694,4.272762533202168
2695,5.238376785772017
2696,5.890255045113289
2697,4.50556555303691
2698,9.710969752408415
2699,6.313237966932172
2700,4.792654784957984
2701,5.316527351962895
2702,10.560500965288306
2703,10.14041614824715
2704,7.4577004428908795
2705,4.654824946186895
2706,4.444580958522471
2707,2.6272862232351506
2708,3.5646891112415893
2709,6.087836510894907
2710,9.937655951352676
2711,9.280268155702775
2712,5.583654297943045
2713,10.156492085578735
2714,10.180750855982154
2715,3.8099925364276337
2716,8.906346682236185
2717,10.045722591832499
2718,8.471331525829704
2719,6.793831600677776
2720,6.7229158093358725
2721,8.288475186923007
2722,3.844211039922827
2723,9.931323215274528
2724,9.627987825059646
2725,10.196260876320947
2726,7.647825282751737
2727,9.103825032166645
2728,9.26774927561177
2729,6.701314898877236
2730,7.260551403949329
2731,10.338798174603477
2732,8.051307471496836
2733,10.44858089118108
2734,9.731131069734207
2735,9.924546524708658
2736,3.0790836367189436
2737,3.942897149548445
2738,7.675614131307872
2739,7.311718470204316
2740,9.847444951082586
2741,8.3377597940703
2742,7.828781190390792
2743,9.787338596063563
2744,9.843933495563718
2745,10.029836042849494
2746,10.328856463687147
2747,3.486418105791684
2748,4.970299932432232
2749,4.534211831874252
2750,7.730356797209019
2751,5.943506499358354
2752,5.458655374656743
2753,4.252005508205346
2754,2.9906682368542454
2755,5.12856268842534
2756,5.945531265453746
2757,4.479909465933946
2758,5.89545297804604
2759,7.800426949060963
2760,10.422420587629908
2761,9.961543334336058
2762,10.217574645987009
2763,9.251175748455795
2764,10.80876899316146
2765,5.356999194730023
2766,9.896422847579649
2767,9.10543871324756
2768,5.205422882155364
2769,7.427690850925971
2770,6.9171949149021215
2771,7.427407201222903
2772,4.809717067655702
2773,9.817107673335615
2774,6.111818743397162
2775,4.707394950491644
2776,6.510756714757863
2777,9.812406215919905
2778,7.9916444781019935
2779,4.6634123029232075
2780,7.830221339831474
2781,4.686588201856044
2782,8.95086031170866
2783,4.869754611774193
2784,8.70216202092829
2785,10.017217233275074
2786,10.440505122941172
2787,10.561174530795649
2788,4.787449856686795
2789,10.832277740031133
2790,9.033178879925956
2791,7.595939674716258
2792,9.674968232998841
2793,6.491140878853057
2794,8.975830613926842
2795,10.183202993801165
2796,10.282789403290371
2797,10.087949660585698
2798,5.106531721158022
2799,8.531906964758496
2800,4.814505239028258
2801,10.381654832442875
2802,6.8988520134819895
2803,7.961681345607584
2804,4.221229020482455
2805,9.391362644669778
2806,10.1255987576454
2807,6.369509681001417
2808,5.536730832834409
2809,6.8074524933057035
2810,6.952458640826923
2811,10.39174629865213
2812,6.0028067393139635
2813,9.492291397841319
2814,4.972257566819644
2815,3.3707166028030215
2816,7.988031276740073
2817,6.500662544679781
2818,6.5862380967646414
2819,5.105346613573677
2820,6.334716028931882
2821,5.560418648175364
2822,9.673070288460133
2823,9.162313012773508
2824,5.486600817502228
2825,10.748718668565322
2826,10.267804171445873
2827,8.646432463542988
2828,4.672130830795871
2829,9.644083522682346
2830,9.376746847146634
2831,9.837497232582145
2832,4.007953665912463
2833,10.540204461699178
2834,10.54107457560565
2835,6.214995824779916
2836,8.881279154620133
2837,5.189409387121226
2838,5.689383786819679
2839,3.830673436716859
2840,2.939465609571586
2841,3.596823775358106
2842,5.4544325270080565
2843,5.7762657879211075
2844,5.206592447087737
2845,4.107010561052164
2846,3.4628716036663927
2847,5.338391991694794
2848,5.483578031923895
2849,10.299871936005907
