Instance,MSE
1,18.547930282874578
2,25.583066413043195
3,153.5190054292771
4,87.61160437945027
5,160.45116583796786
6,150.61112451798155
7,91.80769730507721
8,23.297569006121265
9,229.43156165718426
10,99.65426169041501
11,29.653959407135716
12,194.64357124337639
13,153.80250501900272
14,109.20490643215241
15,152.40040643268907
16,37.94473673806865
17,37.09739656076744
18,21.235229795396066
19,164.85657883262562
20,202.7759900131739
21,30.15357123278686
22,175.1317406543894
23,53.940638156078144
24,139.8578904570175
25,187.56369493250602
26,180.90767103043376
27,79.17046875213329
28,82.93847112294651
29,164.6589348628309
30,148.5795703745234
31,197.2109419774542
32,72.57327994007073
33,40.12716478172762
34,95.93254916013382
35,194.25675215639993
36,17.237783259274682
37,201.48189283834017
38,202.10498919346423
39,22.497109451459135
40,151.92077501698807
41,27.805013237130723
42,19.957392560098032
43,28.9941797708625
44,144.8162835914669
45,68.91979784992242
46,171.82415030586313
47,124.32804729397303
48,51.049601806310314
49,215.842312629705
50,196.65287996631784
51,215.16202406640068
52,25.781302309930766
53,173.16715041564237
54,78.48433860498325
55,148.52150837546688
56,60.350083057475565
57,83.99779307557414
58,202.17130460517308
59,113.61920853412356
60,32.107730250767766
61,120.84570062361085
62,25.858773190891355
63,56.104844280024246
64,38.154262135687965
65,34.54625985051049
66,194.05767338907222
67,191.44509392679288
68,23.23957269968969
69,187.03346990049772
70,32.4591764855567
71,29.29700454303902
72,24.04881452086356
73,24.94189366436683
74,51.813391806962954
75,203.92585068138092
76,220.0996776553815
77,70.41576823178774
78,177.2724380680887
79,27.7100640391681
80,26.572692232174248
81,19.580898027405173
82,45.15270133396502
83,29.497548585102777
84,73.164414907774
85,201.264546844568
86,27.992724220082646
87,198.2285276575898
88,35.48091526408158
89,129.5229104156659
90,192.76990655598945
91,25.58135920061604
92,16.418750587000364
93,144.9010507485627
94,138.3152166598542
95,150.1488420761668
96,212.78117980354708
97,201.50292308043365
98,109.20395047336363
99,69.7142714697466
100,44.094162504719684
101,186.08484623833672
102,61.8589450492663
103,15.148947720290252
104,29.073329499002796
105,88.77831773913901
106,176.45308390473227
107,122.14392153773188
108,160.43974360963503
109,178.83905364765076
110,161.07665771401605
111,184.71105515048922
112,110.50046185160811
113,142.74492759571024
114,155.5697304058136
115,211.39386103451943
116,52.538154586406684
117,111.5059306630709
118,140.23875805265365
119,46.48315183692739
120,134.04824169289802
121,203.68032756009654
122,215.3983188524497
123,165.91898389482472
124,27.638673141059034
125,105.51489940713945
126,22.47888485640021
127,13.107540842004065
128,185.96673701314026
129,49.90144249918145
130,140.37340898964806
131,18.819854598600543
132,175.45499611263753
133,41.1971210064829
134,51.649123224572776
135,185.16136448497116
136,142.25259640608246
137,187.75513883726543
138,30.38965767780492
139,16.881089346424304
140,22.5786322231943
141,69.72459910001825
142,138.98809602892294
143,50.78691468545108
144,103.51520168548309
145,46.79116795613637
146,45.52867968986114
147,17.158353429287832
148,129.84066414209033
149,15.728047883550182
150,19.74349037150684
151,213.68832678828383
152,63.10576293682939
153,19.92157476763684
154,147.04899783755067
155,20.927004931013073
156,50.19089540908007
157,188.8626670243399
158,142.3278682708507
159,47.89127319232505
160,55.855221661777385
161,44.25431472587442
162,224.61248624963386
163,75.42755930343544
164,204.2774739460722
165,183.4598675766218
166,35.232778294175496
167,184.75907078280048
168,232.97950284229785
169,64.00403765127017
170,126.39055583095852
171,71.62251674473072
172,160.8263778991748
173,23.96289174971181
174,44.419667282154684
175,12.603628367201424
176,142.22842476500855
177,23.985014819097916
178,11.649112098317316
179,83.97380639571118
180,45.76720938427592
181,42.483643248200515
182,49.01283017789053
183,101.07268332054686
184,163.18437876225784
185,208.4726475207087
186,30.67694363731152
187,30.58284222446942
188,76.30256774857861
189,40.261662291859466
190,100.74799954202818
191,45.40950875676009
192,43.929836777660114
193,22.200946907533915
194,193.11881136219475
195,39.35496737810769
196,199.23403098488237
197,155.8143157776077
198,43.49293768254973
199,85.37110393655229
200,129.05691151382658
201,174.0859457031331
202,57.77191220232157
203,36.72164855322226
204,45.97838120161088
205,216.4456703148591
206,44.48275659464713
207,63.025795769052685
208,215.89353488073547
209,213.7000208805224
210,65.89597599860404
211,25.052528643165534
212,21.553417493975687
213,30.124401148822
214,68.93082387576307
215,178.14154262790598
216,77.31019897454759
217,13.633292722009662
218,212.22506317604754
219,194.37850673362678
220,163.63346387239952
221,191.55974659671122
222,150.53164680520928
223,33.586721179038285
224,179.60173303092697
225,21.588265818289273
226,111.90190664959546
227,30.117956122146534
228,39.67213156231022
229,53.21135111558302
230,59.388043716038275
231,152.60494708678922
232,49.44041699958155
233,225.04889605067297
234,57.651344304311856
235,184.08659433158255
236,16.2862259116166
237,44.088417157493645
238,16.120095936425354
239,67.31453414671965
240,209.59443203615834
241,30.265143921046995
242,13.629349545969282
243,201.23282409917343
244,85.92872822154789
245,102.94484199341325
246,82.33768314167013
247,177.50003316063825
248,50.678600803129775
249,136.7442564390706
250,15.296253497840278
251,40.58458551124024
252,188.6820626951214
253,31.737640323354487
254,199.3419309059851
255,42.179835713894626
256,174.30925278179419
257,30.128896338583388
258,32.80844964747795
259,143.76529085350856
260,128.08543284271303
261,119.27175517383561
262,52.32748616461584
263,150.3521463854666
264,29.88223999363376
265,39.98250125016162
266,198.21565040182426
267,105.40709527673728
268,206.73243747440222
269,174.7348268609263
270,21.245908743741463
271,79.65717510840786
272,83.23262212496832
273,88.35073256436702
274,138.50201280447484
275,66.1145865875108
276,47.83866251724033
277,66.27652269358852
278,81.52458500574117
279,145.22400671416847
280,169.56844014820746
281,75.66741500501969
282,130.67631598811474
283,61.61310573085304
284,99.86731120447894
285,75.43819159990801
286,96.94523480920958
287,143.12152513606432
288,53.82664302299472
289,57.28337512402094
290,18.183919330388857
291,218.09808512981564
292,155.6484220284307
293,16.551601290539107
294,14.095612715493537
295,45.44032970040428
296,167.9662571553315
297,154.44074047132014
298,70.89644044039157
299,31.651965414338132
300,201.90197824656914
301,110.77404928116424
302,193.29211867934626
303,187.86539370625334
304,113.85373768924067
305,34.59919884814061
306,26.879571368005063
307,55.992458738764896
308,44.742148927320045
309,113.12381716957896
310,46.34340133531933
311,138.40906642097744
312,62.318163325942685
313,97.18817558283523
314,205.44513703099065
315,167.37627428627707
316,43.22967815841704
317,50.14177261059925
318,36.275731021453524
319,20.85809967978302
320,16.054561970928834
321,73.06204627214093
322,30.193277654459013
323,111.8515937600878
324,206.52040069795677
325,29.84427334723803
326,166.8520724610804
327,153.45675841168705
328,17.731310614622476
329,64.14646730344894
330,125.04976406294061
331,37.271959829349406
332,47.94678491720948
333,189.9771173966033
334,63.39983227275257
335,60.900647197471905
336,61.7535769930036
337,36.31074311555913
338,41.39873189959574
339,218.01503759222862
340,21.295927843004534
341,25.77020878749397
342,128.3319241950953
343,64.66293534617526
344,102.68962165469515
345,31.025482249996248
346,202.1591153775718
347,34.681630119147265
348,89.15379976743837
349,191.92072338163402
350,31.091655345899536
351,22.08647706454005
352,33.920899034532674
353,24.96446497146245
354,53.25563172673599
355,56.82033464690164
356,218.00421095638617
357,207.07080538832517
358,177.27180894831497
359,82.64865557195765
360,24.710475278140432
361,46.13237038799804
362,51.03839736840998
363,155.77519434483142
364,184.46802166609652
365,200.0635116602382
366,216.6639193306264
367,119.47866697109701
368,61.29317030521861
369,21.80780914091383
370,36.0506201455623
371,20.884866623959134
372,188.7831181689752
373,159.40826441658766
374,38.83453385152778
375,18.091958208804762
376,25.227824314512976
377,192.92421621929546
378,211.4348386878878
379,50.3041973560305
380,143.62877739204842
381,21.206415224216002
382,94.20249002880733
383,26.967998320107284
384,68.76897482164152
385,74.48022602276995
386,147.8195585154373
387,229.24619873440346
388,58.313855349146934
389,150.04383212288639
390,192.7779549117565
391,107.6687398580823
392,65.80575402745696
393,30.076153434696796
394,63.910967682460864
395,46.53907880762588
396,23.492779305939383
397,22.063481126536363
398,68.62827591039061
399,202.53512727451994
400,138.71072908947605
401,207.2189945919176
402,83.78776569960444
403,154.55025086469792
404,73.48550112803898
405,48.12303133229319
406,31.65200812652286
407,56.01973467876405
408,21.736635151723288
409,56.59441461832847
410,41.3643730551115
411,189.35262866559393
412,191.39002351073665
413,45.58269832688767
414,175.27087576654864
415,32.20124312468046
416,212.56336083655108
417,42.20802230503538
418,41.644816948411204
419,48.58587593330196
420,169.16295675439673
421,184.5390923835445
422,23.419814181559648
423,27.26995167440931
424,117.31578107804513
425,111.50784969714242
426,72.39239914252651
427,112.4145326451041
428,196.07411515672877
429,37.838210077355356
430,213.52064972511073
431,65.4473780233349
432,51.28711444987945
433,69.85093076017345
434,27.10743610351058
435,37.63640256402108
436,194.56576034329257
437,148.0850074731754
438,170.27708702690975
439,179.05816029307346
440,24.793605555714105
441,34.83794821113917
442,110.84227761186186
443,26.50472722144136
444,43.43711554076875
445,23.457991224528133
446,173.4307592835048
447,206.96503597397043
448,124.4305890132754
449,215.19387228164052
450,23.099697541875916
451,32.24814746110189
452,47.89338851099499
453,154.18260988081985
454,82.85022065244546
455,46.04592365534049
456,38.838115207684424
457,194.67169002303135
458,98.04546020255054
459,199.78260426492727
460,137.81075824151367
461,110.16355253912509
462,48.839822896937626
463,188.66215537359207
464,174.04156963937973
465,24.885257179305984
466,247.4924730635225
467,202.58304362860463
468,31.473131153876626
469,52.40010698645989
470,31.890550687758957
471,185.63843856151064
472,11.880900797596889
473,27.48353761007323
474,203.49988026972076
475,21.898656265692598
476,83.4107348795043
477,159.19328519893338
478,152.5046275198928
479,67.72939639478531
480,205.39424715794897
481,158.09927786551734
482,30.254555362510924
483,156.12723343495026
484,72.619562253399
485,38.254424779014926
486,68.59756716736432
487,20.312601885676358
488,164.04814950856493
489,45.85287705311331
490,194.0939970616307
491,171.34710131872552
492,155.37679560997225
493,161.52793899005633
494,84.45418641052375
495,24.1359681387985
496,194.40991346074796
497,34.98221896665793
498,85.57491852409451
499,27.942012236164157
500,130.10469035478553
501,14.561803110737179
502,54.750754549800185
503,198.70168698014618
504,111.43364039361369
505,54.844505473158854
506,12.416842474855793
507,112.00647479538303
508,111.1610497972422
509,73.21813383659183
510,164.00116795801537
511,17.403087949887908
512,204.7334660209868
513,163.93262684883703
514,58.53432913584491
515,103.27782556081615
516,54.427183843715746
517,14.339114980612337
518,67.35265080613591
519,25.928926258102653
520,137.2582081342175
521,55.66106077474404
522,32.916201136505826
523,183.62937199870854
524,70.54537714343431
525,186.36127687630164
526,156.67404764630783
527,79.71760458785006
528,26.05555343929645
529,48.03161202698442
530,51.41419263476106
531,154.3385591340908
532,55.51678299048363
533,126.36927725200367
534,56.988393889644705
535,20.93338513195906
536,67.77965857929718
537,241.6522340671942
538,19.40170619962164
539,59.997454884985494
540,24.88302213940401
541,28.946063075899392
542,192.28164509247802
543,146.6518021763492
544,97.60296996542253
545,100.13627606775351
546,131.64708880634896
547,82.0143826956765
548,67.5956826232026
549,68.90737278561637
550,44.492291636979864
551,119.32376347639581
552,64.12947093623693
553,30.460666372565527
554,81.34882551789613
555,139.90881825744407
556,81.80659577643803
557,37.36899708564203
558,29.70574135548293
559,48.447449348765
560,47.24873136099766
561,206.39114303584367
562,21.536843676109623
563,121.39276335377146
564,47.0359829154636
565,29.47185476680401
566,220.67865599963568
567,202.8224494894425
568,56.17445229610013
569,14.938698189735996
570,106.50529331569872
571,53.18554793379718
572,113.05743157007572
573,168.36217022327443
574,185.46634978670787
575,208.49366189475415
576,124.74490554545527
577,39.38743995902367
578,26.10695720098136
579,69.24013151528176
580,46.89309700764236
581,198.68378058470353
582,25.91807911207849
583,72.033781870183
584,36.511894147725485
585,84.62023837781642
586,206.3419644791862
587,220.4084914333201
588,33.81124029119861
589,19.714523538280048
590,187.5562599139141
591,51.32253145213374
592,45.335736096026615
593,180.49951932382763
594,68.55926460077093
595,24.599653330639573
596,179.70223188126883
597,20.21311910101997
598,146.47482066363062
599,150.51880727550645
600,218.21006485583732
601,83.99856005810145
602,121.88079409057677
603,38.46262325809546
604,54.94220521241084
605,72.64881892192501
606,10.408124189801187
607,66.69975439014861
608,84.89401764982857
609,212.06440836169534
610,64.27941713620358
611,96.19821662133334
612,13.730367774355585
613,204.32738449694708
614,89.39795821495244
615,29.222447212038492
616,144.6991101726082
617,51.45473495547003
618,28.0103709800417
619,192.60987716234982
620,36.58856617433401
621,221.27885490947605
622,106.41711116736843
623,156.61446059969134
624,218.97412371334943
625,149.63015272488678
626,205.85514927031463
627,25.942889932543764
628,155.96780884355783
629,102.48131680126583
630,109.89197138360741
631,185.1160373221452
632,178.47477317576374
633,74.2971116254454
634,21.226389363671554
635,34.45431724721492
636,185.70745027421844
637,114.8642572216534
638,25.32166030348535
639,51.64828537509771
640,56.10253339482194
641,36.604590178104175
642,17.256500565890743
643,56.77093956891955
644,113.16962776262888
645,70.3207849280922
646,14.264603070027713
647,223.5527486312691
648,210.99515329417275
649,112.55920429575032
650,25.59279774824891
651,189.32335432262195
652,116.19266065715756
653,49.528991051911966
654,89.46105770618811
655,202.3756665217959
656,67.06334081953572
657,23.75685788549862
658,142.5465721815782
659,31.63591421811128
660,164.85434269887398
661,87.89085456571064
662,219.49863712199476
663,84.94282508747014
664,197.91750424358818
665,44.96436724968044
666,150.89380423075485
667,176.89689874854778
668,29.64499738898354
669,24.352694681550307
670,63.78574214413586
671,65.84522310146026
672,111.05152333374286
673,122.69634409637092
674,96.16886242250256
675,58.81616822325383
676,165.79960913272078
677,19.43844160763189
678,110.04687596068807
679,36.493434399782224
680,44.9467968531231
681,105.59896695560438
682,95.35175690573232
683,92.28829093884745
684,33.7103503775296
685,59.915798134183866
686,57.981692435434155
687,196.40031701060198
688,89.7335153528529
689,176.7671092401505
690,112.63404040873847
691,27.986818423206838
692,20.16560749711098
693,45.50014473330426
694,40.86045507759952
695,131.42316693837688
696,44.04193824632574
697,193.83576711537444
698,52.46422896662248
699,186.8126217967159
700,200.1221432624345
701,146.504132302081
702,201.9751301771934
703,102.41517475765625
704,217.1370353320017
705,19.736739958238505
706,163.85637596669707
707,199.61823875225636
708,51.4135375334699
709,42.05202138184416
710,34.10505234562449
711,64.02450168459744
712,97.61763506513789
713,58.18130992557812
714,172.6270909341289
715,140.84672485210737
716,24.08508057074755
717,197.83478030642743
718,94.30336658925536
719,11.757315511674248
720,181.33412195838073
721,188.42058014348098
722,188.21718155229772
723,180.08313567497513
724,39.854914611784714
725,52.57927120081474
726,152.9332120391356
727,30.945293999555947
728,190.7896827748135
729,165.12827177025278
730,23.896214795126188
731,67.88658800710259
732,45.67438769611903
733,30.60545691133284
734,169.6481159285433
735,211.25698378115692
736,151.83972132518082
737,58.65342343076437
738,30.593996715716372
739,63.892909602519694
740,173.87051161051218
741,104.86827718670732
742,131.25020107900858
743,184.25781673735716
744,73.94584195396796
745,69.53136370966676
746,28.3156936928317
747,173.52788186044154
748,34.63200092969545
749,29.286942133213046
750,122.02646680565307
751,33.82865395094674
752,122.01887380421738
753,34.746725575867245
754,15.984389892558477
755,26.360341796223754
756,112.82851927583052
757,100.68407362404834
758,182.66450955007818
759,73.54551421978947
760,32.59855804143273
761,150.3601561677281
762,55.08051950375194
763,71.83087152873041
764,45.80657774707553
765,25.309247179527755
766,104.4588075524549
767,46.57032819679619
768,90.21860635454009
769,77.11048495199036
770,196.9640169742769
771,214.14519209687447
772,19.18103641537984
773,79.14647396124535
774,32.422691869397056
775,69.79671727947228
776,176.07025691831436
777,221.82244852318877
778,206.853828186764
779,26.135240483908134
780,174.85741877586472
781,158.22156013350096
782,81.99182008211723
783,34.25152477238328
784,179.1458678966336
785,40.30628404590815
786,52.658176851131465
787,190.52893574828215
788,10.435032182819949
789,112.65280242911582
790,22.141082593367027
791,93.4526135471656
792,116.66347610657026
793,79.32575089165817
794,102.44024906714581
795,160.23542403014824
796,57.78107988141651
797,36.71241481459288
798,36.16844470860526
799,160.37520224748246
800,146.10336738831776
801,60.220392747641476
802,204.25455657785642
803,163.60284442604157
804,72.17333194943058
805,72.13011339858397
806,82.47288728149326
807,17.63510484371079
808,222.92169025167541
809,205.00044340223772
810,203.0468333778598
811,184.59950570407196
812,22.90959584703462
813,186.82339536057523
814,122.1557085205417
815,211.66680421252747
816,53.07161980975229
817,118.27527862501063
818,35.91991769462003
819,196.83091988531177
820,102.37418353365642
821,194.9704144430766
822,146.76303262933183
823,83.81840296539231
824,179.66134529980664
825,48.36716014278391
826,192.417332494545
827,189.73405824180747
828,78.26169170541723
829,65.88558046543982
830,27.807262901090837
831,97.2481801894836
832,89.2841899254895
833,84.6058940641784
834,41.62568042741419
835,201.97935077517374
836,187.76011976923567
837,47.88112461305903
838,78.60077854072038
839,18.40147567950049
840,170.2617258639628
841,53.89948382622379
842,15.55739389761574
843,71.99147531727229
844,155.66606267627404
845,89.17370791095534
846,72.37488853644662
847,115.52552293405044
848,38.08854776888696
849,147.9819940663729
850,195.50941148211407
851,199.57128799107673
852,236.4480150447521
853,183.76407552871396
854,35.436464012504814
855,13.77174797582451
856,22.059334366259748
857,101.19200441841339
858,186.90614460510253
859,89.25711537158253
860,29.65189558884965
861,56.12235950854361
862,94.42985090317804
863,160.77896287478077
864,138.44061151739808
865,211.89041251534593
866,131.36184523576435
867,202.70904186966683
868,75.85283056753458
869,191.8391193407086
870,89.40362383007901
871,140.9717313811594
872,49.42691087838889
873,40.42775621190557
874,39.3772774943858
875,31.3208104404455
876,147.98316720824081
877,19.925876687045577
878,54.86572053398294
879,179.22850630743855
880,139.39194601199816
881,200.138208571979
882,95.06557461950638
883,28.220006529500797
884,64.03687569941407
885,221.96331757544226
886,78.92113338142047
887,194.56643888982777
888,45.52855602368806
889,53.46392277661091
890,187.05406499088045
891,60.81746852910245
892,156.30418144764226
893,34.29195637285682
894,26.081573213061002
895,62.570395218150715
896,43.08077179756976
897,26.429093522240247
898,27.928410504837398
899,208.3929746674559
900,213.03817705834888
901,74.16483156343796
902,55.6492278487259
903,197.09856874812945
904,127.66045556169426
905,152.61131152614573
906,27.60887536197875
907,65.72224662166867
908,36.533106701644854
909,211.9579154907283
910,58.42848911946524
911,138.64173909546628
912,65.68736841397953
913,103.17321470750744
914,145.82651780853368
915,33.13690476560436
916,204.07030878361795
917,89.10329370373255
918,98.22277935463343
919,36.84514951668202
920,146.24070084574066
921,137.314901827956
922,33.79148035423956
923,30.549968881369153
924,59.737040494111035
925,141.87493366293612
926,55.06187526883465
927,17.900707846787952
928,63.6193827668776
929,32.28574287788537
930,33.10347289602266
931,161.43686038963787
932,21.04135634886978
933,52.172176913303616
934,190.7722146269908
935,50.482276583092535
936,57.84099346412871
937,182.66797079358932
938,85.28139636591528
939,168.10423095620504
940,107.73149093856814
941,187.10866678563283
942,44.756759502880755
943,7.6057879917269995
944,89.02581136810359
945,196.69797422208185
946,74.13749044619742
947,40.37940660922306
948,10.933524002970927
949,184.6312638681956
950,40.441097184763926
951,39.70709681602858
952,176.25236604621435
953,36.14798633654528
954,165.68873041316382
955,22.056720275305043
956,20.459449357637045
957,174.40814135851681
958,62.697681304331205
959,17.260259806782386
960,214.47130247417746
961,198.1673362608401
962,44.55083757496064
963,205.73065539112122
964,146.54096797270856
965,218.16668257172898
966,152.19506849554892
967,185.77169550996163
968,59.04976073069872
969,19.092361413210092
970,216.01244436784054
971,38.26634669794537
972,50.2129297508478
973,181.2085173148339
974,182.6624549535561
975,28.37415452451754
976,42.498458170771606
977,33.96125449899737
978,194.53012941254784
979,28.40906088667879
980,138.67831872936924
981,79.50479292668041
982,44.18091423651305
983,187.92554807732338
984,26.862810533520342
985,27.112347846072698
986,61.63770397823749
987,175.250801964135
988,125.52795550419803
989,179.3673140243261
990,109.27307658493844
991,148.9602400285829
992,139.5888619388896
993,167.03547757997987
994,42.73794788155238
995,99.67334128289507
996,43.17729066856714
997,14.948949745871902
998,219.3265431814182
999,13.848507519708724
1000,19.283536737486155
1001,185.99668843035388
1002,84.13320541269617
1003,50.867411932914564
1004,38.13133639023503
1005,178.54818548393777
1006,155.11041288151364
1007,30.47671711197476
1008,70.38716160015733
1009,17.116230725493892
1010,60.32570465190353
1011,57.24114895198989
1012,34.23248527347907
1013,22.610029617588122
1014,189.33481686861106
1015,16.388330714088053
1016,208.91639341377845
1017,120.30715038849532
1018,62.15693758839301
1019,195.87756485582437
1020,146.51039796016263
1021,83.53132282348837
1022,104.00184193763575
1023,42.97409106167037
1024,60.79318194904261
1025,68.15533158871939
1026,71.6183843777696
1027,30.30495432101326
1028,157.78037234030606
1029,13.410811886305481
1030,45.54020403042079
1031,66.75208507311707
1032,24.400112366706836
1033,80.7068650596414
1034,195.27543872397518
1035,152.407345287605
1036,199.26584984334576
1037,115.14169370863324
1038,190.98373518441437
1039,198.37320682442655
1040,21.311432215227818
1041,196.39048320630113
1042,84.00584397306231
1043,115.99882708546515
1044,195.66093252964254
1045,171.37429110580885
1046,35.21577851909556
1047,208.67372782156585
1048,13.618808096392469
1049,20.910119075112522
1050,90.62000865920952
1051,33.64547186209213
1052,52.83307778831037
1053,179.63428853842183
1054,70.87627435756218
1055,66.22088971114833
1056,89.98221940830568
1057,29.596547685785055
1058,40.322854968010965
1059,231.43590241912094
1060,138.33473465686285
1061,32.55607342079184
1062,105.24447183011357
1063,55.009135661546736
1064,166.99907610473826
1065,189.83289412481986
1066,90.77113096050863
1067,166.3527987243608
1068,217.17830989117763
1069,215.2643048456364
1070,215.17823880183337
1071,54.367155926917945
1072,41.59169460246178
1073,200.5849377884227
1074,89.56038747663219
1075,209.9300658746445
1076,183.17673142480294
1077,22.633059711109734
1078,57.57193776102141
1079,58.516983126475196
1080,70.98304341517424
1081,88.81255766316217
1082,24.487810446287753
1083,39.66651401970429
1084,38.50519727482175
1085,68.34754151594264
1086,49.582810759374574
1087,205.62372823770838
1088,17.737690256364754
1089,156.26599517694953
1090,216.08515297439135
1091,26.23201348888505
1092,32.401976718060695
1093,187.9341556356005
1094,54.71671197198046
1095,28.446037424176538
1096,42.694691849648414
1097,40.39263337896303
1098,210.1620856025951
1099,25.987383395877874
1100,48.96546773636383
1101,177.21434795611162
1102,65.77360381836364
1103,72.07037779776975
1104,101.26479804699197
1105,141.66980530551794
1106,198.66825937216515
1107,198.00195741225593
1108,17.178429111091365
1109,204.78663122897106
1110,42.33618227690313
1111,195.58743547139008
1112,60.21560516642379
1113,204.17700404876118
1114,28.265967228340553
1115,168.19502599937792
1116,77.38393180799014
1117,18.104566550662412
1118,224.05207214255233
1119,46.52971254025448
1120,65.98358078232131
1121,173.66822160561162
1122,20.42262680865961
1123,25.52525576470406
1124,156.92957406677078
1125,122.96848577378891
1126,59.00296128770176
1127,73.14556336103598
1128,145.49483010842025
1129,211.78019491908694
1130,102.22101158965137
1131,188.49263699274647
1132,55.48177633329496
1133,18.14992077688497
1134,34.311497617735434
1135,30.861248790446556
1136,27.693767247451888
1137,96.3355644732142
1138,60.855237952436454
1139,153.3159108156479
1140,16.517107478887848
1141,144.5261879422503
1142,168.37281048485627
1143,76.28621000632747
1144,162.5050305313113
1145,50.937121725517166
1146,197.64289496425116
1147,78.76107094260384
1148,36.89825159671448
1149,190.55917245413124
1150,147.17939146715614
1151,37.71460092337497
1152,12.5554586484788
1153,48.27729261886557
1154,175.2096660714833
1155,6.673571296659509
1156,94.73138990628831
1157,49.86806702347625
1158,108.00446564860464
1159,14.717671937281517
1160,50.70301249499514
1161,219.6893873863627
1162,61.03891545957708
1163,30.999020578978897
1164,31.847390933664588
1165,25.37635144396788
1166,136.4121327875103
1167,26.90602860474039
1168,191.6131028217977
1169,141.34922457780578
1170,40.00111611932402
1171,202.11261165390917
1172,38.346204786419435
1173,218.11981700781203
1174,116.00752529699226
1175,81.04006900385515
1176,51.251982047712964
1177,147.73760719621205
1178,31.69394422120884
1179,10.335308533366927
1180,31.224994498565227
1181,73.95766727978682
1182,26.842145593989716
1183,45.84762392429593
1184,74.17587303318187
1185,156.51189361155866
1186,20.50412513303988
1187,211.22534612558832
1188,63.70989696928903
1189,63.22305521926632
1190,20.826223779237534
1191,215.06270462033225
1192,81.55574566457246
1193,157.9280575502128
1194,195.82254763210665
1195,57.14448229329876
1196,29.157559291718503
1197,166.31453131725522
1198,182.6504839790251
1199,158.92408196254914
1200,60.71693048858048
1201,102.70130263809217
1202,211.57220163732097
1203,107.74721378217264
1204,176.98718819571522
1205,25.40944882929014
1206,45.31515598495668
1207,26.95513508392088
1208,105.3853798382698
1209,36.13907173371799
1210,24.99224764662846
1211,62.03740293817528
1212,37.38433043271448
1213,52.14657494912055
1214,42.705943870058064
1215,28.819140872401636
1216,38.79532363552962
1217,85.56075335952114
1218,51.962816395989485
1219,40.719330985803445
1220,78.82230712177893
1221,122.2136896617095
1222,210.91064467432616
1223,227.64381604434652
1224,27.5314309691562
1225,165.62926607167128
1226,220.72447359783106
1227,48.524432369375894
1228,70.56292076096514
1229,83.22351624609117
1230,23.73342361930611
1231,28.086672694070955
1232,45.03466338822761
1233,23.529918139800785
1234,154.7745306179062
1235,200.0571734178667
1236,198.86142500974995
1237,40.57030369604475
1238,60.55907289480778
1239,132.962465432176
1240,22.51571293773129
1241,40.6478931618553
1242,60.53713255580038
1243,124.3555713599983
1244,22.050853794757177
1245,212.92287700767722
1246,109.22157284086381
1247,38.54823965635232
1248,24.37175791632723
1249,24.767936930557088
1250,91.45673559668116
1251,118.241011790059
1252,202.6789749974715
1253,220.74914705912894
1254,200.09443237252398
1255,223.29964523047337
1256,35.89257760975394
1257,192.5012517482054
1258,49.43452325628537
1259,50.949736178651584
1260,91.86057558940821
1261,89.83036149066515
1262,125.637787578083
1263,18.093223306126585
1264,147.14341820988463
1265,56.317083576828935
1266,63.602911939693264
1267,15.859114653220443
1268,77.88389828728116
1269,104.18433686343296
1270,33.5568900658105
1271,159.41732808693735
1272,216.38364540729356
1273,47.082271109208534
1274,52.33196443094192
1275,33.939514515410075
1276,213.44870926421456
1277,154.50167291609486
1278,207.55624061267977
1279,130.03188348710117
1280,116.8855373090942
1281,141.5498572404783
1282,38.10017612534196
1283,111.96326454671292
1284,197.12199023981498
1285,51.7499960536095
1286,57.715188453320685
1287,21.507760130160307
1288,209.27459904648993
1289,40.97447784582544
1290,190.13113197640087
1291,50.40186226210269
1292,168.7888406372559
1293,53.14090556502225
1294,107.3383440983978
1295,202.51558796118286
1296,91.5050750024003
1297,101.32294604718027
1298,107.91641095739878
1299,127.7740831274986
1300,13.325228776610743
1301,22.12592510572271
1302,180.9045785918806
1303,17.947254351136788
1304,46.38477421528501
1305,146.40762813323707
1306,35.84638827375915
1307,32.51953023663313
1308,160.86979520087854
1309,41.00100017190248
1310,117.23913393923941
1311,156.27817039291256
1312,123.89848891296664
1313,87.8477401162723
1314,39.671768394180695
1315,28.94678109013422
1316,117.27143906756403
1317,50.86723202049864
1318,38.133217705653834
1319,149.9926069811752
1320,21.45271139095229
1321,97.3189175705567
1322,14.828590563800892
1323,26.423350963084335
1324,93.80711514330757
1325,106.84204080548142
1326,224.93878791895943
1327,164.669339506894
1328,97.4903524189695
1329,72.32322103798762
1330,64.29718669605802
1331,21.65697250908809
1332,229.4073476603064
1333,231.15708113207916
1334,163.99721498733842
1335,164.81633724691298
1336,23.053192201106814
1337,202.001664652365
1338,23.25196223771438
1339,23.813084487308004
1340,43.903653499950735
1341,30.408527607324583
1342,152.14322486947214
1343,47.481578572882626
1344,74.97151120610555
1345,102.97134312196503
1346,98.9359578563379
1347,96.47805230799968
1348,58.25155729835888
1349,99.43310926723485
1350,22.562273463022205
1351,65.04463712076834
1352,155.0384345984323
1353,196.31491893395025
1354,211.77983876998294
1355,154.19222963972024
1356,96.49150408212974
1357,40.7730048395708
1358,59.134076497512034
1359,49.09027011892056
1360,26.920322965023
1361,37.118831474776506
1362,39.79658717996096
1363,143.82809188020664
1364,72.78876339824734
1365,61.4977143172405
1366,195.91404999240706
1367,115.62642946123043
1368,47.42545352202643
1369,32.61896855930271
1370,163.85234166629905
1371,215.2163840844173
1372,182.1288036407523
1373,161.9441138896241
1374,24.317703093096828
1375,139.49785567037233
1376,29.209261982135022
1377,39.00440685113458
1378,46.35751195565638
1379,36.23757334084845
1380,100.45707526279243
1381,41.458864632045994
1382,188.89725236701213
1383,45.898622362170435
1384,86.58814436839897
1385,88.91286718369156
1386,140.2637920988451
1387,94.8316291890478
1388,28.175258041998635
1389,33.87847923525243
1390,177.10883017098013
1391,188.25230752844243
1392,33.383021165471845
1393,115.64497484800381
1394,82.88201514991762
1395,99.3455821226952
1396,187.80884121647796
1397,61.93030439932429
1398,41.11977128763284
1399,30.10106871849673
1400,17.73384279885558
1401,42.49813009875862
1402,76.70224031821718
1403,18.55135424365507
1404,53.88504156656581
1405,220.07430305350343
1406,14.819850216281992
1407,21.128971596172807
1408,65.20176676706994
1409,168.64866093977903
1410,117.36743942122409
1411,177.74569901770417
1412,115.04871856146197
1413,45.46890861906573
1414,49.06274227834381
1415,31.03320179843068
1416,88.90982014846828
1417,56.59514879921368
1418,77.93273632831803
1419,33.51724327262907
1420,137.52170367984968
1421,80.97986051875338
1422,25.88681719565436
1423,197.77219064697178
1424,209.23278731489225
1425,63.76297661958018
1426,84.04166392359035
1427,218.9224567289302
1428,29.556843092320594
1429,86.90784170422198
1430,37.101924610460195
1431,56.376953792174795
1432,187.79226784570645
1433,77.78923082775596
1434,181.34042534715562
1435,98.7028737185128
1436,192.2567986907438
1437,14.883678667252989
1438,18.57647947683925
1439,212.6130204126288
1440,24.799336768213667
1441,36.90297586567484
1442,115.33947883363656
1443,139.63961374945373
1444,191.3549222054351
1445,89.35130305844844
1446,134.24363085371695
1447,198.12995502135797
1448,72.09309551651599
1449,120.57915079718317
1450,28.323088381200577
1451,114.1601655768256
1452,74.15822592570284
1453,80.76157792508133
1454,116.3327646567705
1455,42.74903467338035
1456,156.2177747931579
1457,116.1528697374916
1458,20.331958609726684
1459,98.88943175021315
1460,51.71333864574561
1461,135.63203699025527
1462,166.0393457936594
1463,147.51558045405181
1464,54.62908935884786
1465,202.65405029231366
1466,17.35401703939883
1467,38.684431160459546
1468,155.92660549967772
1469,44.77468280341099
1470,51.998668561379226
1471,142.32285286247625
1472,231.01051251681986
1473,13.433304216656628
1474,86.05264276133977
1475,19.796706655094344
1476,179.539323238285
1477,18.31794132868548
1478,30.477247392194666
1479,193.45756750615286
1480,121.83797787395275
1481,199.2228630930916
1482,78.39122735508381
1483,117.14651010793001
1484,84.47842846487893
1485,72.23915805632733
1486,94.81404739646617
1487,165.97924328257136
1488,22.013827058744027
1489,231.02444734331087
1490,33.474643395993404
1491,128.95008590253178
1492,53.9024289666202
1493,17.50955888543039
1494,184.1974191882197
1495,26.345346487707204
1496,207.54522986933333
1497,40.97133200750746
1498,21.603087844642875
1499,219.24795824723518
1500,21.725390569654774
1501,173.64197308771418
1502,23.772591726423922
1503,200.2858394847633
1504,89.2430587820081
1505,89.22495594444621
1506,91.34379358458261
1507,42.06410465064765
1508,97.37541053379088
1509,11.419648851322558
1510,22.33865434884109
1511,18.23001252496474
1512,100.421587419598
1513,51.83357460774399
1514,49.9848807197906
1515,46.48794649263317
1516,15.063209835820338
1517,54.36831655118882
1518,106.74658336547604
1519,208.76193363460956
1520,69.88161389170824
1521,36.99539303643031
1522,172.85106860217022
1523,34.55966007938701
1524,13.15853068461165
1525,102.38906761022888
1526,35.62125791926072
1527,65.147036381193
1528,42.506435563025995
1529,198.73980686493906
1530,216.91154072533917
1531,91.63497270066905
1532,46.39458687355676
1533,74.3431741960174
1534,179.51620600502352
1535,54.65074856686894
1536,45.71421055810658
1537,13.393417847671373
1538,145.49439296212782
1539,171.4338731159631
1540,213.90028834351918
1541,43.23646151677034
1542,192.6183687868486
1543,77.2646961639992
1544,155.13540667471094
1545,25.098433584534437
1546,182.11786465883904
1547,183.1637853894233
1548,60.37691347914444
1549,69.2882363212109
1550,111.90936075665223
1551,161.31967767100272
1552,182.46804205479876
1553,68.10712738129092
1554,185.07795473143196
1555,107.55432963819918
1556,208.01891185848945
1557,65.98303728476186
1558,62.7022455174912
1559,122.96487198284602
1560,137.3379488491473
1561,38.70920687985402
1562,169.05581433960046
1563,176.49974746312807
1564,18.181847492918276
1565,178.07928073890392
1566,31.23935090233231
1567,116.41521402412043
1568,151.69761044043224
1569,53.67151488210342
1570,217.1661637548839
1571,104.82925960414723
1572,37.27077576813131
1573,165.76423895341676
1574,184.04583112667032
1575,28.127550696089646
1576,211.37288029937744
1577,36.52052410857972
1578,12.219678169001336
1579,67.59607151571096
1580,55.92809721533164
1581,26.486629113425128
1582,60.9587775507791
1583,24.88375131061308
1584,33.69986136012381
1585,209.74049864249426
1586,25.149866730177198
1587,165.58023707056978
1588,15.35190920776661
1589,134.80191923200564
1590,18.905160356290633
1591,126.95065498725467
1592,24.742655848207068
1593,90.22054928849307
1594,32.226813815270766
1595,16.92070174225808
1596,151.9260984103473
1597,21.06021687099266
1598,21.740452044803533
1599,195.13356441309622
1600,43.17851067754571
1601,22.791797015309744
1602,215.3841557476674
1603,220.57013471175574
1604,75.32413446288751
1605,58.59797080250788
1606,128.8397511811383
1607,223.22844035139312
1608,140.93710032002994
1609,73.085018651047
1610,182.37285435584238
1611,32.009977089421994
1612,55.5557105256546
1613,137.0051882124546
1614,153.7278363541373
1615,176.67109266192836
1616,213.72015194354455
1617,168.48531675573284
1618,23.320323129642897
1619,164.2038016150874
1620,166.09265044502047
1621,93.20224597597114
1622,31.926365787467617
1623,96.67871528494044
1624,81.0879772799945
1625,56.63205493043327
1626,188.4062154038089
1627,22.65108193441506
1628,30.428966862794372
1629,79.5780349891532
1630,159.28711469983045
1631,49.03278298319382
1632,44.27193716845871
1633,99.97716601563138
1634,23.874699820565066
1635,29.79696760436789
1636,193.1600366609915
1637,184.2260171144892
1638,103.71891185205038
1639,202.3856625914631
1640,25.300735052360398
1641,191.50888186332585
1642,168.65258946456626
1643,128.2773425609761
1644,26.67962861786823
1645,13.205582911042208
1646,131.65600419850622
1647,41.76093443914277
1648,28.8366552814165
1649,26.07765522568417
1650,79.37558810386592
1651,45.13493963209788
1652,41.353273003984704
1653,202.9746860036856
1654,164.0518014650619
1655,224.01129861995312
1656,30.872089999113868
1657,74.71766019228218
1658,199.257742961905
1659,14.455885492687829
1660,41.820145271523565
1661,215.9815426732537
1662,216.60517433401503
1663,96.03977916598996
1664,14.504453128270614
1665,80.73802828644119
1666,25.101742261593728
1667,133.85015111857092
1668,35.24369893443578
1669,37.6801149808561
1670,210.25239201987515
1671,222.40271706521352
1672,116.70934788500568
1673,85.63967557387444
1674,194.88400845691243
1675,31.64387710221024
1676,96.39592363519154
1677,221.02575038048022
1678,214.77388648804444
1679,195.18748983329115
1680,155.64867308504893
1681,231.39957441771443
1682,17.97908180020361
1683,46.791043746171205
1684,63.47900482314123
1685,16.790990473845756
1686,179.28824575307794
1687,10.493257716029126
1688,17.451074088678194
1689,231.83074775499742
1690,64.76183017473639
1691,60.27132766088246
1692,213.0173746032642
1693,207.65140258150214
1694,208.6698670122689
1695,26.848210074472338
1696,135.26023852433454
1697,201.3190144988673
1698,174.38197878544977
1699,206.19987430795993
1700,126.67963793098927
1701,40.69896038237278
1702,90.64115680067637
1703,161.66419314249072
1704,81.16912094693568
1705,50.942865432103154
1706,187.6300064682332
1707,80.43170094034902
1708,118.1406278763207
1709,40.63751667894967
1710,200.19522318328222
1711,86.25714837265132
1712,94.89635928392323
1713,25.39683681975036
1714,60.3937682664832
1715,56.96120016783758
1716,210.80870045103305
1717,161.85723334976308
1718,97.43510865252806
1719,19.066470095347096
1720,116.27808552436373
1721,107.41826748783272
1722,122.08174555150804
1723,52.506024951283614
1724,193.71389548012144
1725,72.45831035126606
1726,119.7357253474619
1727,87.81068170179844
1728,199.9219685335493
1729,16.597260381474964
1730,189.06423418764768
1731,43.15586870453499
1732,97.44452758817863
1733,106.19325617401051
1734,152.02849978391
1735,149.79277945050993
1736,11.83024614506835
1737,117.11505577997605
1738,27.948019280965053
1739,175.79646813056135
1740,58.65778991392483
1741,23.730649547287808
1742,26.353692083854714
1743,97.86504458422466
1744,223.62494073644112
1745,179.93150188531783
1746,72.28194114592468
1747,44.624010443584545
1748,28.940347762579194
1749,28.749118144571998
1750,64.82403535011268
1751,111.94662663630197
1752,25.8759893221208
1753,17.66098833379971
1754,18.95116583378184
1755,145.14232185417583
1756,26.035358806228192
1757,92.77397950443996
1758,22.595219807872894
1759,93.18345281211076
1760,26.44701871876457
1761,54.85135201767128
1762,197.56564385555689
1763,74.27810466286371
1764,30.586232325791062
1765,194.9121329917523
1766,65.78910356332085
1767,17.82203333904053
1768,151.02787545479543
1769,19.530146090769176
1770,216.0159380960339
1771,26.878165944442486
1772,187.59763481872565
1773,98.09108486841997
1774,69.81468348916654
1775,142.5973868180683
1776,70.69755259555788
1777,190.62470308742311
1778,68.07344680362034
1779,156.5456478676882
1780,17.188659671004633
1781,84.44333466316691
1782,20.820454003380053
1783,33.62638857025857
1784,210.23560823282125
1785,25.850969268434724
1786,171.23748783403857
1787,105.54135800365525
1788,187.5351630802642
1789,90.26892218668509
1790,81.93334855067722
1791,192.47290055263412
1792,126.3922858045703
1793,35.41221854303325
1794,207.32868499687712
1795,21.776344435830435
1796,34.97014389007031
1797,31.685852467827193
1798,81.47287899228941
1799,59.02968944587122
1800,26.51643619637801
1801,159.37376035602335
1802,80.7975382265361
1803,16.604193606928575
1804,93.07566315165671
1805,62.2015495536556
1806,174.9375109370336
1807,16.04599823491721
1808,72.51775450656355
1809,171.7874369464911
1810,46.49083248668713
1811,81.6024753567129
1812,44.767579148442074
1813,21.796601145858897
1814,224.37070277429814
1815,69.89792835652923
1816,30.691033958087704
1817,19.812761178970856
1818,97.71121060662499
1819,34.192212381655615
1820,187.55131380881474
1821,32.588975143722244
1822,50.398589896486975
1823,37.91644647508391
1824,65.41195095304757
1825,56.510807139022724
1826,58.03803625971193
1827,85.07403803464756
1828,38.641172936286175
1829,74.57547921495613
1830,8.662880086613738
1831,17.224695445728376
1832,205.57442562516107
1833,38.99846165275968
1834,81.5515842664591
1835,31.23141514637822
1836,36.67865018314111
1837,210.83338867479713
1838,226.15909875794978
1839,57.2520389698178
1840,98.3815058070773
1841,180.69792263815077
1842,174.95372930007406
1843,61.89366786602363
1844,21.407631564126536
1845,162.0529650720657
1846,170.99780725313212
1847,31.430192505286282
1848,27.097098042119242
1849,120.90860355677366
1850,49.18164199818609
1851,17.477584770540126
1852,171.6223305554739
1853,17.11688268553777
1854,34.34700965506559
1855,32.93464714454817
1856,33.53844958866622
1857,28.44619778430479
1858,38.69428232576376
1859,28.86403666345582
1860,62.65355596825603
1861,183.9673041658789
1862,21.52147924174756
1863,163.23190696287188
1864,16.54707807464568
1865,169.01558637085097
1866,63.96965586388777
1867,54.692262375492255
1868,230.77575055464058
1869,121.39961956152943
1870,54.58284455737371
1871,63.218985189998754
1872,144.64562532174298
1873,204.69369177415263
1874,156.57186310433485
1875,187.26050553649068
1876,115.3350455576242
1877,74.53198743143615
1878,26.47248036215966
1879,49.69951284597864
1880,62.894404928174936
1881,89.7341531569105
1882,49.06770588436061
1883,138.86698145222297
1884,128.1201727568168
1885,50.5248530750899
1886,210.83450990761233
1887,43.039846233939635
1888,97.48379956379507
1889,105.57650133759108
1890,134.6638336364658
1891,28.56614051394239
1892,50.80787003625496
1893,21.4002665912486
1894,200.7280514612501
1895,34.63585681601814
1896,29.703331756783786
1897,31.485431692343763
1898,62.18032580875511
1899,55.80551092630614
1900,13.184817726486537
1901,208.50704732157814
1902,41.543072977820735
1903,51.38489373770159
1904,32.52928121011944
1905,67.11004287572821
1906,193.53285777829765
1907,117.52700820945556
1908,224.88185123227288
1909,26.027250618153165
1910,30.82442567956853
1911,188.48001014617748
1912,212.05408996469245
1913,57.25240989610986
1914,11.330870111668125
1915,148.4465851654444
1916,129.0849966585867
1917,50.164915201134306
1918,21.16312926301794
1919,132.38904710411398
1920,68.01217306119811
1921,111.67926500588668
1922,12.559746444576035
1923,16.96411447092725
1924,152.6440896754352
1925,22.623588341060497
1926,83.52236177213088
1927,44.092067786625954
1928,28.556457924382897
1929,202.90131211210723
1930,172.5324242128029
1931,118.098079768624
1932,80.70020950988996
1933,25.935570281714234
1934,24.308960336740842
1935,29.062631302768605
1936,189.55317364552377
1937,189.34095739001566
1938,174.7777719012461
1939,48.47812984970587
1940,222.65870825235447
1941,47.05772028087849
1942,219.27145518525484
1943,162.24650782181362
1944,106.59482946345445
1945,211.59922347242835
1946,54.06459387166302
1947,15.723866362832728
1948,142.46824273826454
1949,65.68573817454715
1950,115.1231315224005
1951,40.75013432144699
1952,20.300748035157607
1953,28.972927356917527
1954,112.60561177744047
1955,17.68926674865096
1956,43.504380709308045
1957,34.36908972970341
1958,139.96627866783578
1959,41.58891255408349
1960,39.685802392980584
1961,30.333130279303106
1962,153.59622255141338
1963,38.7541423964363
1964,34.51847273693502
1965,27.02019956684735
1966,27.88192312128589
1967,25.515436677037453
1968,17.785927924683165
1969,18.550130708214322
1970,30.82447513479265
1971,178.84361619151557
1972,75.3870992162733
1973,67.54734211447108
1974,43.772280686617016
1975,10.786622464851172
1976,211.44468230768882
1977,34.23640397151072
1978,77.10842554110766
1979,163.78900345184826
1980,214.26445929081004
1981,66.05780436599493
1982,170.88147376308407
1983,152.17184844027756
1984,212.60996649996807
1985,15.57440922634475
1986,171.50108178300755
1987,63.03563341612418
1988,116.05386441477508
1989,25.27466554573644
1990,219.74599995420348
1991,208.4905089750663
1992,218.84618107913502
1993,72.40350465433364
1994,54.449181139329944
1995,42.370750706870744
1996,123.99108618862395
1997,41.85066044828139
1998,49.340922530343356
1999,221.3029741745493
2000,14.062583318913196
2001,210.72521962901968
2002,34.83994981233621
2003,74.91963299435953
2004,201.05236446769663
2005,96.75961565336956
2006,196.1942188053015
2007,18.094867914408862
2008,46.18993325247836
2009,146.05882923734694
2010,23.070215915341567
2011,19.04134702952248
2012,35.52829985938001
2013,78.51198221750197
2014,219.81612406962702
2015,191.96782671715576
2016,39.618261707869344
2017,70.13616387530494
2018,167.37205152331063
2019,138.97250360553303
2020,155.96232260383007
2021,43.43421197490401
2022,201.63063824786965
2023,68.11253406841725
2024,146.2067319783226
2025,58.81130468754005
2026,62.976802924046915
2027,16.48244185562351
2028,185.52764314120586
2029,24.55950673883846
2030,36.0817685099719
2031,119.33570065486492
2032,204.07515136983633
2033,43.102223995211915
2034,35.03557699765466
2035,176.5500857760443
2036,93.3464374642822
2037,223.42427829344538
2038,25.60285397827295
2039,88.33248684530484
2040,72.4286363344833
2041,129.34069518945765
2042,116.52389148961977
2043,66.7193625059247
2044,28.628386690912162
2045,152.50168092727682
2046,204.99510240681175
2047,128.91176420612834
2048,210.85199978778368
2049,174.17966801968305
2050,39.845205726924206
2051,188.2838656899828
2052,79.24420197813237
2053,36.88389068070767
2054,207.89987040636888
2055,89.42466269503723
2056,108.89967834759535
2057,33.98168161392696
2058,53.408711705664835
2059,34.96208932036978
2060,38.665269138888426
2061,35.572112217275134
2062,45.30544399577317
2063,160.76367827805183
2064,79.4031681386598
2065,85.54646212468442
2066,151.4449226795946
2067,34.435968689752436
2068,207.32764058511327
2069,36.9985255030545
2070,49.82556970527903
2071,126.929772748512
2072,34.617154256607215
2073,52.53192287967803
2074,60.71309641269269
2075,14.022648570932823
2076,48.98296158422161
2077,162.70238022480797
2078,19.148060848338503
2079,61.64328140661368
2080,59.30720405852645
2081,68.3172855920146
2082,194.40216557995754
2083,16.82653434589693
2084,131.76239929712418
2085,156.73343485966583
2086,214.22634018932197
2087,18.154779698962326
2088,42.17664582277189
2089,78.8303201725553
2090,173.05345721601466
2091,175.38936004333286
2092,51.782867331583056
2093,200.19505634560042
2094,92.47093937101441
2095,183.58102195632716
2096,78.60299617289212
2097,191.28238488710602
2098,51.50222966838524
2099,38.624659073220926
2100,191.30795365024161
2101,12.08679657073211
2102,91.15043454933938
2103,217.68543594526548
2104,53.26857432542678
2105,34.23827477824231
2106,32.23473698104909
2107,63.55908930838577
2108,215.39458643959838
2109,68.30590512958705
2110,27.3670471110235
2111,32.409631219920165
2112,45.8095679312712
2113,119.8108360605208
2114,73.84424010363979
2115,13.695365752360606
2116,200.53655416543324
2117,228.80004815217424
2118,153.76142517838912
2119,34.071731122057194
2120,133.84304249867574
2121,121.40432996504835
2122,163.1304407449921
2123,214.55997870444392
2124,59.4691249472969
2125,50.14909234340854
2126,179.1405290072814
2127,199.3500916599501
2128,208.33830048772367
2129,68.19121711504211
2130,168.56860387727977
2131,20.259086989817376
2132,28.876980352665782
2133,134.7678824752949
2134,21.219801664344036
2135,167.55545603806328
2136,17.754334513564377
2137,36.72854768388043
2138,82.07998244209092
2139,190.08526469531247
2140,34.04151553987642
2141,124.83702467808276
2142,120.91133917867631
2143,53.27880108802275
2144,9.93970172278034
2145,22.1131554673852
2146,201.09270757721094
2147,11.263001497126128
2148,186.62937222947554
2149,230.15972928474312
2150,144.6680276477674
2151,82.124091714636
2152,83.05851164690456
2153,193.65190974786955
2154,34.58999097563845
2155,25.60152982338678
2156,193.1970728015073
2157,185.50302052016775
2158,29.975490635426734
2159,143.11647630415672
2160,57.31924269791458
2161,203.21849096169754
2162,16.90608364672889
2163,31.826831850928922
2164,104.09796939715307
2165,181.94715728874965
2166,36.204448458626025
2167,179.43249277863927
2168,46.08984983672365
2169,42.123237705680886
2170,54.82523822999391
2171,35.88003544804014
2172,41.22354859583334
2173,163.6394563652425
2174,211.71253990877815
2175,45.346005823164916
2176,105.305377728592
2177,179.95658829886634
2178,25.92002881001964
2179,40.53059024242891
2180,51.75058251197001
2181,19.08984431364387
2182,16.463824561841555
2183,197.26306299713153
2184,100.95017717521144
2185,71.89787931880718
2186,74.2209338914933
2187,23.30225839959087
2188,96.6254149181816
2189,51.61650957106449
2190,197.0914648049587
2191,28.952146525567432
2192,117.66286303293508
2193,15.287233073122772
2194,34.547670172812104
2195,192.57250813770244
2196,32.45261377290803
2197,20.794969603727427
2198,57.07412736727769
2199,23.466610410491146
2200,40.39365584958503
2201,148.22787267510915
2202,26.430550940381277
2203,187.1394865161683
2204,119.95884088458614
2205,46.3130676531791
2206,164.86223455501764
2207,173.1771395256886
2208,209.64669636027
2209,19.60191030572984
2210,212.09123031762533
2211,35.406184638549625
2212,9.916459270785074
2213,78.43730603101189
2214,66.04602017751989
2215,167.93820732959065
2216,148.10635516859517
2217,153.18524637697328
2218,23.770340535786072
2219,62.839648137171196
2220,118.85561612593676
2221,36.32876651798013
2222,95.95911690793143
2223,172.1330437514907
2224,12.997369196891633
2225,37.98421268564963
2226,26.6317459669183
2227,181.61237492220002
2228,205.42346747169537
2229,14.511287310262807
2230,163.47725203348182
2231,115.28449859776852
2232,32.17100830396528
2233,43.85063876793237
2234,99.42531898819716
2235,16.31370793479701
2236,40.604787302210894
2237,62.45879807630289
2238,206.23723959329482
2239,191.43989691420927
2240,79.14998570025641
2241,157.40955380215408
2242,165.87437285626265
2243,51.481499495494546
2244,63.96211504951386
2245,215.35908684348644
2246,15.255813748355136
2247,19.519050888326714
2248,11.655531626127969
2249,62.3189545365803
2250,99.88371821057825
2251,102.83882092865882
2252,26.08403002221263
2253,170.42497807651804
2254,59.22149377197214
2255,53.92606930050038
2256,124.63167759369652
2257,180.81974583265398
2258,57.31090244445812
2259,58.34899457187259
2260,6.678685886547039
2261,88.81306459062547
2262,69.90228990478221
2263,45.2243862853252
2264,29.613104556655497
2265,64.92269176262785
2266,83.98112510559258
2267,56.65234030720605
2268,76.34405539982566
2269,18.10189808533587
2270,188.13757891328714
2271,12.884642466645033
2272,165.15521498567102
2273,30.49545018469219
2274,144.0255033955151
2275,160.73790109971094
2276,92.05579630828196
2277,159.71692251275957
2278,207.69758735578225
2279,99.40413492330687
2280,107.88881238177312
2281,77.41659777339432
2282,23.43449497045479
2283,25.603712614856033
2284,165.1200232075948
2285,172.67991262761322
2286,55.065466101177144
2287,139.64929322887463
2288,47.88246980173496
2289,40.986158322910306
2290,49.2283229394009
2291,118.14024361453356
2292,109.90054752696149
2293,199.94677304564277
2294,22.146564161595858
2295,45.01122212993187
2296,174.75111878853625
2297,41.495856278379506
2298,106.86405522276232
2299,93.04394293656621
2300,114.70051378949732
2301,55.427215729998345
2302,14.528673480699036
2303,89.55279217629099
2304,26.13406339733716
2305,38.77057828993403
2306,204.17960728663968
2307,209.011890926885
2308,59.42159994398824
2309,143.841852100796
2310,129.90125742205728
2311,212.45561954285378
2312,197.12392672414015
2313,155.89047557070458
2314,72.07732006201825
2315,17.67869121929163
2316,190.04641966209624
2317,200.39035829128906
2318,33.37882647750953
2319,186.11934503833504
2320,53.543809228020706
2321,27.97679657723833
2322,191.69882621901866
2323,36.34942126262393
2324,31.427515456924283
2325,31.75732722447911
2326,22.755461103870065
2327,114.61526761211634
2328,197.82124037835058
2329,185.4079570558772
2330,54.80352880278122
2331,34.95562293692066
2332,41.02536227331141
2333,53.62093390176011
2334,177.59534826133006
2335,30.494167674619092
2336,60.90605876061429
2337,200.54543246980833
2338,100.04174541186678
2339,158.10064410743192
2340,96.63060480613326
2341,33.66386983385788
2342,92.29721844664022
2343,94.19192760903518
2344,53.854635040385745
2345,163.38008815958452
2346,225.90111471579937
2347,18.32463508688456
2348,197.01697931824845
2349,37.962324082785074
2350,127.09741767560371
2351,53.79968850781601
2352,60.958409434099394
2353,19.125270978931855
2354,186.37201766539056
2355,181.5639074598965
2356,52.855229000003725
2357,185.20144050742581
2358,118.88554312921106
2359,202.0501266624092
2360,73.34348165043457
2361,52.731825963225184
2362,193.4646157766988
2363,222.95609054587078
2364,227.3059540335843
2365,40.12670521568768
2366,99.06767572589051
2367,57.417890530641124
2368,102.49985362934147
2369,10.266983343820144
2370,8.535641397484302
2371,56.888977530205686
2372,28.16640860998054
2373,160.35994841719182
2374,139.82705365732923
2375,206.50220231328865
2376,156.81546714799887
2377,46.224074503377494
2378,127.36123908977775
2379,114.37207020771399
2380,13.344031215905233
2381,174.50092367772643
2382,207.12093998948095
2383,204.77007645769945
2384,10.739766383263154
2385,22.078157245770868
2386,16.01846080907111
2387,24.547371066735803
2388,42.82610589220764
2389,75.97021143033302
2390,66.41253417710641
2391,111.90677396255569
2392,68.79621918568141
2393,62.61615889773079
2394,97.79255260085237
2395,16.488702286451012
2396,25.27576325450543
2397,94.35817146272576
2398,47.38373562129235
2399,15.38599818054053
2400,61.14591670346698
2401,78.33493080328854
2402,50.72059686712237
2403,181.32439879270228
2404,36.712212179881625
2405,105.96873722646126
2406,160.9855856020886
2407,40.29829549196041
2408,15.668207532935911
2409,184.62731062548616
2410,225.41070438443504
2411,189.75165397325588
2412,208.89149524948846
2413,173.55879770492365
2414,67.49429236838773
2415,197.34493688797002
2416,160.37424525951465
2417,74.43751752945981
2418,209.54713482282125
2419,28.071984212895995
2420,199.4695935057118
2421,61.191628612387696
2422,43.09524842804865
2423,38.639617896615555
2424,103.7506382365043
2425,139.5728802371064
2426,105.67727310986403
2427,58.58225935887477
2428,61.29942548753942
2429,131.14484363633605
2430,185.75892423107226
2431,121.3841585989992
2432,50.493228720190984
2433,38.81178917842066
2434,46.60920929276853
2435,25.672034200206763
2436,19.654643343494506
2437,32.04401036481905
2438,23.09219566016024
2439,126.71010108936468
2440,37.3907761751376
2441,56.33945880008088
2442,21.35759176818682
2443,184.06265058233336
2444,57.863298270313614
2445,80.67338366822817
2446,73.95839298710668
2447,181.7568328473468
2448,190.78349381629752
2449,224.6196112299538
2450,168.66847418214482
2451,206.9484177037357
2452,21.69478180990701
2453,71.36518371445551
2454,175.30200412396587
2455,223.66616060605938
2456,25.625743547112833
2457,212.2301861529968
2458,197.2707096586349
2459,143.18917323328125
2460,92.8083858769336
2461,43.0376210305159
2462,32.845082510903374
2463,159.96281847788745
2464,61.818959221262325
2465,50.29457561484241
2466,21.221964815319215
2467,191.79247399490123
2468,195.40940701085012
2469,157.63784515155584
2470,57.934094617137596
2471,24.55603407669511
2472,53.07154232803054
2473,84.56883189765442
2474,33.62133928203634
2475,24.003729551766195
2476,222.61723251321393
2477,162.73623136173975
2478,34.533510975906076
2479,183.06922425506414
2480,111.27003914131443
2481,154.00071829952367
2482,237.78957726450446
2483,88.82419946602
2484,177.75081008894793
2485,170.4895812042342
2486,44.725821332801836
2487,88.38123814127478
2488,31.53214036125144
2489,65.66845047809068
2490,175.84399245983147
2491,99.93716525431915
2492,35.348652468266685
2493,29.397885826726384
2494,25.014983099212987
2495,32.04752417528437
2496,13.597092027345122
2497,67.49597352421071
2498,54.213200813639475
2499,186.95076708654622
2500,175.38713856840013
2501,35.83701078725965
2502,205.15305446415803
2503,20.067454556193848
2504,66.97395786795394
2505,24.22522982255685
2506,28.763288882213
2507,27.653162411071687
2508,50.15757550768449
2509,90.08589262115585
2510,56.55718132419586
2511,42.92820911088409
2512,12.230722167153212
2513,126.73658961174004
2514,20.946051362207054
2515,55.36804089872473
2516,98.32896979366035
2517,37.29568305476042
2518,73.89923610161573
2519,27.0722575212032
2520,166.3475004966984
2521,51.81593708543212
2522,15.984962592334677
2523,56.975936715608896
2524,195.25538580110913
2525,149.53231067784728
2526,34.04580060132968
2527,138.40619488185678
2528,175.05893190402787
2529,73.22487681055689
2530,178.4175874765243
2531,162.77302678336875
2532,47.08344222824434
2533,44.87170136712175
2534,41.25983337929934
2535,25.53004446581592
2536,40.916646292863625
2537,176.58511756666647
2538,163.0389450893165
2539,75.81245490978615
2540,211.56656002172016
2541,45.84551041202317
2542,45.11825437419261
2543,28.674723158661795
2544,87.61584261946132
2545,150.65385345894174
2546,68.76330499758195
2547,23.084953516566575
2548,110.50672343576599
2549,51.06636985279463
2550,203.53045275996138
2551,21.794132376128186
2552,56.26545157815371
2553,43.01136354578054
2554,40.58076478792238
2555,66.33144034637296
2556,73.25117992841602
2557,85.54947922854984
2558,45.48930953466952
2559,144.72688601168366
2560,45.895221115485505
2561,50.437911065416536
2562,55.391337303971966
2563,16.14992101996793
2564,138.02248287525535
2565,165.86081767826312
2566,47.47185779635049
2567,224.81428133900582
2568,168.57079689559825
2569,197.70696478859884
2570,40.65102930898345
2571,118.48037774829486
2572,16.01166347874424
2573,84.83250828127439
2574,45.25958138553656
2575,113.59183299121332
2576,37.3938179631329
2577,23.720352238309445
2578,164.10655622529922
2579,187.28423006044588
2580,62.15666680967618
2581,30.538227676577254
2582,184.7147143872442
2583,212.02493741156846
2584,218.49184617965855
2585,94.56272303244117
2586,25.02326447752888
2587,27.249901150159484
2588,29.894600710185944
2589,120.12511597510718
2590,116.66998701933902
2591,217.07922639093667
2592,20.362228884185022
2593,206.1073874061079
2594,197.721808535117
2595,173.72370059898185
2596,25.948146054254266
2597,172.73711938836524
2598,175.31007601890346
2599,153.6163307799171
2600,21.886501971143034
2601,20.710130284150463
2602,34.95499946509282
2603,204.4971393965203
2604,81.57440610245307
2605,59.333871159015985
2606,55.35867466302735
2607,97.43748181041686
2608,42.10912754618716
2609,225.40011025738195
2610,27.552123839192976
2611,88.13846297147069
2612,105.23989741550712
2613,38.673264192195425
2614,79.03247095683598
2615,102.90961077957307
2616,31.170093477417122
2617,20.560682570137573
2618,209.8335448261038
2619,36.543976745185326
2620,65.48069348491069
2621,208.57194040298722
2622,181.88821173469762
2623,39.485093992315846
2624,198.1058488055869
2625,33.98697683352115
2626,59.96411125598312
2627,43.77505201434264
2628,38.43471114043422
2629,202.4369507775926
2630,48.42099838096326
2631,184.10022886924563
2632,67.38843222410658
2633,53.47734324206342
2634,22.293157318810326
2635,53.52319058814465
2636,195.5702396352776
2637,32.29023086596607
2638,105.60446398361978
2639,204.08638716518251
2640,227.61704501648487
2641,56.861057702381366
2642,205.73292377090092
2643,23.846001879587707
2644,179.4482139341743
2645,87.20152856784027
2646,32.73789096882046
2647,42.90296921941962
2648,197.72922303741075
2649,152.55644567244624
2650,41.124958135074706
2651,25.921716283710243
2652,20.294847951504753
2653,15.320596562223507
2654,16.8307629686435
2655,64.64315797545909
2656,159.38715225070948
2657,69.92661257638305
2658,26.963789200190785
2659,24.601898902855165
2660,68.45890073388925
2661,133.02975725452504
2662,24.19784922794633
2663,59.94588819691082
2664,12.837795683429436
2665,204.7113582154136
2666,14.571244871135711
2667,30.660382691452174
2668,55.31736415531926
2669,51.07238416658388
2670,34.18801160038847
2671,17.181281931983136
2672,198.72528253219176
2673,26.310246697684438
2674,17.438521367090843
2675,40.83964022432588
2676,27.74248970262774
2677,176.58186726340045
2678,24.93539522419677
2679,59.37384001900199
2680,13.221225248553557
2681,95.90447350157764
2682,35.3237347499747
2683,183.11684687615084
2684,39.20261529069319
2685,219.79599846493159
2686,119.80809208913477
2687,27.964240708672932
2688,43.29605240186972
2689,23.84942655410011
2690,121.93843533847485
2691,29.994259516176516
2692,29.948449602734758
2693,183.6443564467721
2694,21.479102102844934
2695,57.63114684839423
2696,66.95141286859588
2697,24.576506500751165
2698,173.43353311017725
2699,83.71354977117888
2700,37.106744617158974
2701,45.097575699611106
2702,209.0855111607544
2703,200.97550629631064
2704,97.47683054056353
2705,27.092188133888822
2706,33.56543402278187
2707,8.46042218770607
2708,17.531699592976125
2709,47.86008571744716
2710,191.54904470196308
2711,172.10925846540968
2712,46.20038518436622
2713,204.22019108045603
2714,202.28122954070875
2715,21.67945613689956
2716,141.90430537645145
2717,195.31286627293647
2718,123.99968451968236
2719,88.83930619762043
2720,101.42766922923823
2721,134.61366728093307
2722,18.39729770415404
2723,186.25635707354684
2724,171.22110071845376
2725,199.25313020607908
2726,119.06080881960065
2727,134.51408468558472
2728,175.68840615170538
2729,81.60415895428376
2730,95.2508072713797
2731,205.87679773984232
2732,126.83472025135468
2733,205.24171300533214
2734,186.69003002160525
2735,185.67461672889763
2736,11.043732056574237
2737,21.09766609596431
2738,91.54300419195168
2739,105.00324350759183
2740,187.0975793042011
2741,124.4705939969164
2742,125.1410334139551
2743,173.14733223027153
2744,169.63840240807653
2745,205.2233393191774
2746,202.7325557025746
2747,14.508996138601226
2748,38.978502770681224
2749,34.224010385276536
2750,101.10044717678288
2751,48.44853347672065
2752,51.868540767978594
2753,29.7341036060488
2754,12.166864747114074
2755,35.405029693794525
2756,63.05542499054447
2757,33.63896875379483
2758,64.81713733016879
2759,103.52343392990902
2760,203.12254156005233
2761,176.2436013546305
2762,199.52520840908917
2763,165.5108658096074
2764,229.55166897299583
2765,37.25727013151454
2766,182.2317970047309
2767,145.4717799799937
2768,44.560342446331795
2769,82.5946930337444
2770,78.81406299275609
2771,103.83651775698563
2772,31.693748358250815
2773,176.37984086165343
2774,50.694222328209264
2775,32.17010235483373
2776,86.13846280865124
2777,167.1956312919377
2778,97.75505767352247
2779,35.7445777588979
2780,96.01261233173767
2781,36.62603447567266
2782,200.26143191611632
2783,32.48155522361779
2784,131.06446795316538
2785,199.6051032716284
2786,217.09439391154706
2787,215.29112253270299
2788,34.27924855295248
2789,224.74972994002744
2790,195.87070210099807
2791,105.65879024953612
2792,164.4106615913465
2793,82.65511634476782
2794,145.28238161611068
2795,207.08417149535433
2796,206.2526932099107
2797,204.0778620670865
2798,42.143484102995934
2799,145.45383263222723
2800,39.345946777156435
2801,202.7214928176007
2802,79.25893575714584
2803,133.9568444404864
2804,26.470726740155573
2805,161.08372876549566
2806,188.34251636604301
2807,81.12192870865205
2808,39.76379551794189
2809,67.33754652846103
2810,94.9935251370382
2811,198.45938853992325
2812,73.22932274719342
2813,162.63622201196367
2814,31.534230342048208
2815,15.105605595284581
2816,113.34058784734673
2817,73.6796710694424
2818,89.74578196377688
2819,47.43306648630118
2820,81.26151565855615
2821,40.23709121948849
2822,170.1570957368007
2823,144.179992457908
2824,61.88602076944369
2825,224.55459940994
2826,196.97897181095877
2827,138.80382660087696
2828,27.589119332809215
2829,180.98046240833494
2830,156.27901713315364
2831,189.23142164768421
2832,23.72863689951051
2833,214.57871140691154
2834,208.04407813491358
2835,52.0722952286826
2836,133.82375395306943
2837,47.51965387239924
2838,42.37763135037326
2839,17.78972708292375
2840,10.686795566370842
2841,15.574187895114827
2842,47.58218719211657
2843,44.26396157877533
2844,46.575015088531465
2845,21.740589746752764
2846,15.086112455685969
2847,46.52375475274686
2848,57.46895543922046
2849,207.2950015895407
