Instance,RH2M_Actual,RH2M_Predicted
1,23.740000000000002,17.26340375356477
2,18.09,13.177959152663853
3,76.42,55.72015344207608
4,54.64,39.84227309278069
5,78.07,56.93252289586504
6,76.24,55.57610127569586
7,55.43,40.422057215836766
8,19.45,14.156727810737651
9,94.81,69.17054200712994
10,59.88000000000001,43.65317194643706
11,31.19,22.69257595879609
12,87.33,63.673965823756966
13,76.61,55.84517490914024
14,61.6,44.92825349771996
15,75.35,54.94133377712294
16,30.930000000000003,22.536358826600402
17,30.54,22.24480202477211
18,26.96,19.60187021682785
19,79.83,58.17866070225298
20,88.94,64.84935723584462
21,31.35,22.81284886691867
22,81.28,59.27346262284425
23,44.14,32.12801335850043
24,71.46,52.11971091492599
25,84.97,61.96636440463032
26,83.43,60.8509783615967
27,50.46,36.79542096442042
28,53.160000000000004,38.74819766127123
29,78.73,57.40994595586971
30,75.01,54.69076296722785
31,87.09,63.51904792553401
32,51.830000000000005,37.73698504489361
33,36.39,26.486499261309444
34,58.489999999999995,42.642894688145454
35,87.84,64.00956795706624
36,23.400000000000002,17.018341992725414
37,88.27,64.37668148767122
38,88.6,64.61232117417087
39,22.14,16.117519001784043
40,75.66,55.167038005378046
41,31.440000000000005,22.85885117576098
42,19.65,14.300641217006381
43,22.46,16.354050229833085
44,73.17,53.35271033214859
45,46.64,33.98657118835824
46,80.64,58.828296604649225
47,69.88,50.857049546341436
48,42.32,30.7991165814459
49,91.56,66.79554118811846
50,86.6,63.17883217600531
51,91.99,67.10337791504796
52,29.7,21.601950826238767
53,82.88,60.377165810087334
54,53.11999999999999,38.68963762237305
55,76.24,55.52292221936514
56,45.85,33.391866219505644
57,57.26,41.65660496461556
58,88.52,64.55842301083491
59,67.09,48.78960950437841
60,26.17,19.05732173035032
61,68.31,49.74904979171166
62,20.28,14.764474567189797
63,46.27,33.65880273838739
64,36.36,26.455779188827464
65,27.87,20.295495791764633
66,86.79,63.301416375186406
67,85.4,62.293923416032264
68,29.34,21.326151826153374
69,85.16,62.10560044208556
70,32.28,23.487421898192267
71,22.18,16.155358683110663
72,29.379999999999995,21.361263264409097
73,21.5,15.658108222621497
74,40.66,29.61050764466548
75,88.84,64.82530534436216
76,93.24999999999999,68.02770802142935
77,52.53000000000001,38.193234305626085
78,83.15,60.618896904748446
79,31.36,22.810460555471618
80,19.12,13.923284053310981
81,26.3,19.116705165358304
82,41.13,29.924725996082216
83,28.069999999999997,20.426077607135024
84,52.839999999999996,38.45685090740813
85,87.96,64.17734549629198
86,23.569999999999997,17.159202657411686
87,87.13,63.563205739817576
88,36.56,26.59001608041907
89,70.11,51.09344837398718
90,86.51,63.07431551423185
91,29.29,21.313085245832237
92,14.77,10.750288875173473
93,74.02,53.96772033769035
94,72.32,52.71200319227918
95,74.55,54.40135362232352
96,91.24,66.54091042982117
97,87.89,64.09996517524017
98,64.18,46.75292584325512
99,50.13,36.50755933861177
100,39.95,29.071666230050873
101,84.57,61.688691560267344
102,49.46999999999999,35.95806137127729
103,22.16,16.111099807708012
104,29.120000000000005,21.198536878638816
105,59.46999999999999,43.29037627878623
106,81.72,59.61086437839864
107,69.61,50.64117171552407
108,78.3,57.07530065834907
109,82.29,60.021091785163904
110,78.02,56.91264858755521
111,83.92,61.206593150897596
112,62.6,45.641217448193196
113,72.58,52.94725756272557
114,76.38,55.70586338416104
115,91.55,66.71247039061396
116,44.29,32.21365845821816
117,63.72,46.46695825572337
118,71.51,52.158056144380424
119,41.27,30.03255287731069
120,70.4,51.329969736963214
121,88.75,64.74211152046877
122,91.96,67.05568606809075
123,79.38,57.88494663169452
124,30.81,22.41067373529685
125,60.05,43.76842381328034
126,27.61,20.073413163981655
127,18.92,13.762142963994616
128,84.02,61.288318748921476
129,41.29,30.060479399333705
130,71.87,52.43117131703378
131,18.57,13.507399760871184
132,81.97,59.77939077329452
133,39.48,28.709746386966057
134,37.99,27.687678107022734
135,84.41,61.556568776246024
136,72.29,52.708094472144474
137,84.83,61.88539332034396
138,33.03,24.027120072878322
139,13.470000000000002,9.799847331389145
140,27.29,19.847236034994246
141,46.02,33.549407662748145
142,71.46,52.12277219187397
143,43.18,31.413586226838454
144,60.29,43.940628006195844
145,41.49,30.189302891687515
146,41.26,30.01492236343123
147,24.51,17.813929949722038
148,70.5,51.357896866436015
149,22.55,16.399924217640475
150,26.14,19.00383014024865
151,90.91,66.31325804813605
152,47.46999999999999,34.568388422831795
153,26.61,19.343553792330702
154,75.65,55.107874661506536
155,23.46,17.068417039054864
156,42.11,30.652111656779834
157,85.02,62.02666081822467
158,72.3,52.728302421554766
159,42.58,30.972061080952173
160,46.07,33.518205791197104
161,41.39,30.091530708615178
162,93.94,68.52991185104688
163,48.86000000000001,35.61340802124893
164,89.49,65.2536424548351
165,83.73,61.07130722593245
166,29.879999999999995,21.760865283914484
167,83.94,61.238721050041214
168,95.32,69.54542158220418
169,50.39,36.63169987375528
170,68.6,49.99692969932604
171,50.87,37.037775026533964
172,79.08,57.63334007787529
173,29.53,21.472201125755834
174,37.35,27.179787051651346
175,12.33,8.965516530702224
176,75.23,54.758022408968685
177,29.18,21.218082202916566
178,19.56,14.215493058288617
179,52.92,38.57823758647686
180,41.4,30.111099622477933
181,40.04,29.127635350677412
182,42.8,31.126883109651597
183,62.9,45.76643644844584
184,78.09,56.96792109771037
185,90.12,65.72142149582245
186,33.62,24.447535957468936
187,26.2,19.079524800730464
188,49.49999999999999,36.08498148263781
189,39.1,28.430286259301166
190,60.62,44.18493453188066
191,39.26,28.581598785761617
192,38.97,28.367647525378548
193,28.569999999999997,20.764055330089043
194,86.8,63.263185691834295
195,30.27,22.050297509805706
196,88.12,64.24601080629922
197,77.82,56.712246477405685
198,41.25,29.983267704353675
199,56.57,41.195134334519764
200,69.69,50.79278212392667
201,81.53,59.458734809952176
202,46.09,33.541613690774916
203,35.68,25.95513454300384
204,41.84,30.435537770612992
205,91.5,66.74271909396202
206,38.75,28.19620911837785
207,43.43,31.650579453660054
208,91.69,66.89685159674947
209,91.21,66.52167856676853
210,50.54,36.756397695367376
211,29.740000000000002,21.62285570044091
212,26.82,19.50404025032176
213,29.04,21.135051848134776
214,51.10999999999999,37.192709172684395
215,81.91,59.762778205220954
216,50.18000000000001,36.58685410678022
217,13.82,10.052168439991892
218,90.37,65.91897416379236
219,86.38,62.99711163737254
220,80.9,58.89833165168038
221,86.4,62.99837197479323
222,74.71,54.47785218697408
223,34.36,25.00422905343651
224,84.16,61.30959807491362
225,26.3,19.131559754763437
226,66.23,48.21036405482898
227,26.15,19.040096138925406
228,32.49,23.667361701043067
229,44.0,32.02358438217088
230,47.86000000000001,34.80464892168418
231,75.88,55.33676442056782
232,41.25,30.038533542015713
233,93.54,68.22519550459218
234,40.95,29.842768171793956
235,84.3,61.47101542813687
236,10.7,7.786381940338658
237,39.95,29.061345544059453
238,13.189999999999998,9.595940523482898
239,49.169999999999995,35.80860611101448
240,90.15,65.75371642102112
241,33.17,24.125305081945047
242,17.94,13.050023180295142
243,87.9,64.12481344490119
244,57.78,42.03601756203811
245,60.6,44.17397326559963
246,56.06,40.80427581727968
247,82.49,60.17856854438532
248,43.06,31.348045598768667
249,73.04,53.187266249241446
250,22.5,16.358892789631067
251,39.6,28.78515286408358
252,85.61,62.438708348573954
253,31.81,23.142064535094857
254,87.83,64.06733027061233
255,40.15,29.197614238791296
256,80.85,58.987969290712
257,28.81,20.975866365057055
258,34.09,24.79353741818756
259,75.8,55.14700678485359
260,70.15,51.08745615999661
261,67.78,49.35918417270345
262,42.23,30.751664427037362
263,74.28,54.19520158074109
264,31.900000000000002,23.20477811398988
265,37.9,27.578570861650533
266,87.97,64.14538782955928
267,64.78,47.10989752026636
268,89.24,65.10900439539022
269,81.75,59.61692564982596
270,25.64,18.651204250392244
271,55.27,40.230395598716164
272,51.45,37.5139359528954
273,57.54,41.90106578133253
274,71.15,51.9009731190076
275,49.510000000000005,36.04236844526595
276,40.35,29.378108697518165
277,49.480000000000004,36.00861104736686
278,54.61,39.77211727935733
279,75.63,55.05668098527554
280,80.82,58.92052521138471
281,54.68,39.75987216938713
282,70.74,51.52671164507269
283,47.97,34.910420066715716
284,59.49999999999999,43.37378447269204
285,50.95,37.11624453256667
286,60.839999999999996,44.314702081605205
287,75.26,54.771943880885225
288,39.67,28.906007588394687
289,43.31,31.554299291565858
290,23.36,16.987486440999458
291,92.27,67.30454625106026
292,77.45,56.42646831035001
293,14.970000000000002,10.890463486234957
294,20.78,15.11004990145159
295,41.5,30.18911413734108
296,79.97,58.32763355104977
297,76.12,55.51830670013619
298,48.07,35.03082041469159
299,28.16,20.500609625776683
300,88.2,64.32634654646989
301,63.43999999999999,46.24605694502446
302,85.99,62.71624005540041
303,85.09,62.046693430782824
304,64.56,47.0590279757709
305,31.18,22.706696265740796
306,20.71,15.078818256090099
307,44.39,32.33398686021002
308,40.96,29.800995021301958
309,64.31,46.88198832227907
310,42.17,30.657197566914085
311,73.27,53.35938000844801
312,49.54,36.034290896406795
313,59.49999999999999,43.33903594922129
314,88.81,64.80932323533825
315,79.88,58.2644207451694
316,38.8,28.2341875395847
317,43.19,31.41967826487949
318,34.46,25.073190647944056
319,15.549999999999999,11.32028597351577
320,22.17,16.120399146868476
321,53.34,38.7929866470811
322,31.879999999999995,23.18735045856402
323,65.3,47.57785491157392
324,89.2,65.0765207831511
325,32.24,23.44667101576805
326,79.88,58.24731338486292
327,76.01,55.42995393119936
328,24.39,17.732520807128815
329,43.54,31.73714652870501
330,68.52,49.94271499638495
331,34.98,25.450075288394558
332,37.78,27.517975093077933
333,85.28,62.18983003560566
334,46.52,33.88252300622433
335,46.56,33.896218886853724
336,46.97,34.20168229128999
337,37.4,27.189734972369642
338,39.82,28.950149996369436
339,92.08,67.16404175123931
340,27.930000000000003,20.301531162338172
341,28.559999999999995,20.777020393446296
342,70.86,51.6074709521398
343,48.39,35.23632675081114
344,61.23,44.62239805973165
345,31.67,23.042759882416966
346,88.27,64.39299972184645
347,36.27,26.370964474393745
348,57.18000000000001,41.64736702353318
349,85.95,62.665509952538514
350,32.45,23.60666535760943
351,26.68,19.405893243437042
352,34.97,25.432606827897747
353,29.21,21.238104881262352
354,45.12,32.81097518812777
355,46.74,33.98720934613013
356,91.73,66.88627354377068
357,89.31,65.14842229278013
358,82.22,59.96395791939849
359,55.22,40.24409990041745
360,29.090000000000003,21.154329485677827
361,37.66,27.428673598681403
362,43.52,31.660727810786
363,76.56,55.80581496449101
364,84.35,61.53020511628545
365,87.89,64.12259466834928
366,91.33,66.63200624977121
367,64.8,47.25489564551783
368,48.88000000000001,35.54363096102981
369,24.35,17.715862638643785
370,36.54,26.571332442185902
371,14.609999999999998,10.631092249294186
372,84.78,61.839853614955224
373,78.06,56.93875155677742
374,33.99,24.748048450314005
375,18.39,13.385281817555217
376,22.86,16.643991871774197
377,86.03,62.748837275857866
378,90.71,66.15543107830356
379,43.12,31.370169822626558
380,72.56,52.89996140787148
381,26.81,19.49296770621016
382,60.96,44.33595956561177
383,28.95,21.058902383326934
384,49.75,36.230647556127806
385,49.36,35.96951179926733
386,73.81,53.832513887036775
387,94.58,68.9930645647426
388,45.02,32.76959787000571
389,75.49,55.03454325580014
390,85.82,62.61522523305569
391,62.56000000000001,45.600810950546034
392,47.86000000000001,34.853932788649715
393,27.55,20.05790252136768
394,43.81,31.930785369670623
395,42.42,30.848132642843666
396,21.69,15.785583757506906
397,20.13,14.650707956283092
398,49.78999999999999,36.24733782685803
399,88.47,64.5311282039746
400,73.06,53.221856150340614
401,89.38,65.20046559508211
402,53.36,38.89954129986016
403,75.94,55.40277765910379
404,53.77,39.10532656864107
405,42.07,30.60547257750616
406,32.42,23.587031613962726
407,44.89,32.681663127493714
408,22.7,16.52235336616614
409,46.94,34.121956630418225
410,39.71,28.868355572488223
411,85.28,62.21223238457385
412,86.14,62.82000044398319
413,40.04,29.141622289555382
414,81.51,59.43837739436247
415,34.8,25.306609046017744
416,91.13,66.46206328597175
417,40.04,29.12089454142615
418,33.6,24.477408531107926
419,43.69,31.752363598660356
420,80.64,58.80141795119355
421,84.55,61.648088821296234
422,28.14,20.46214484424153
423,25.21,18.35394741987981
424,66.47,48.416562746615426
425,66.49,48.38659467592961
426,49.77,36.2678746779135
427,66.15,48.14945833965343
428,86.96,63.419019186487695
429,37.27,27.099363674532555
430,90.96,66.34018376527419
431,44.89,32.719736462429424
432,42.52,30.96285363730297
433,51.81,37.68235396266491
434,29.900000000000002,21.750788101727952
435,35.9,26.12452302671037
436,86.63,63.19687375377027
437,74.64,54.42499373039641
438,80.05,58.40974118188756
439,82.17,59.928929584221464
440,18.26,13.29533605150126
441,35.41,25.757476470206484
442,63.35,46.168798299490874
443,30.89,22.45913997220103
444,40.58,29.510617537801277
445,29.69,21.57539331808532
446,81.95,59.73337556445415
447,89.55,65.32097966059565
448,68.81,50.1266567874981
449,91.48,66.7664302863631
450,28.440000000000005,20.678247925244037
451,22.17,16.14709769404037
452,41.19,29.972338923228445
453,75.79,55.28841179924485
454,52.4,38.19835764805115
455,41.61,30.267325911533664
456,32.3,23.522079019052725
457,86.55,63.10514535473505
458,62.36,45.367669473483765
459,88.13,64.26435835019493
460,71.12,51.88753235670456
461,66.13,48.103730296719576
462,43.39,31.555515286362784
463,84.73,61.7992530950768
464,82.68,60.24016963977036
465,23.419999999999998,17.043328253746278
466,98.33999999999999,71.7571773229874
467,88.71,64.71939937077282
468,33.19,24.13684196925314
469,37.37,27.235944165328355
470,27.97,20.374048969225168
471,84.14,61.39700674126709
472,16.56,12.04182477098773
473,23.21,16.90220282057205
474,89.02,64.92297643136241
475,27.559999999999995,20.03747525326691
476,56.78999999999999,41.31550637043867
477,77.06,56.21275365832413
478,77.91,56.72988558058037
479,49.63,36.144725469288
480,89.05,64.9481769309816
481,76.76,55.997869789596294
482,24.719999999999995,18.00104304814623
483,78.01,56.83559781788245
484,51.58,37.55880255056159
485,37.75,27.450038959045706
486,51.27,37.314694494620944
487,26.64,19.368423144677372
488,79.06,57.64501460405177
489,38.12,27.765964059678428
490,86.28,62.90907989460734
491,81.99,59.74293041599927
492,77.8,56.683038301996284
493,77.98,56.88061666143329
494,57.510000000000005,41.83940230654573
495,28.51,20.73640377434068
496,86.47,63.0645116376581
497,36.34,26.423388201229344
498,56.6,41.203180299657966
499,28.559999999999995,20.782711839423598
500,71.0,51.70980852899801
501,11.619999999999997,8.452127761960236
502,45.61,33.181944811470046
503,88.11,64.2545716451129
504,63.75,46.476470498162094
505,45.24,32.92253328728491
506,20.11,14.616216132055655
507,66.05,48.080601531505415
508,64.69,47.13811845657004
509,53.03,38.59602353725307
510,78.77,57.43521022459242
511,16.51,12.012938787426457
512,89.11,65.00469561429591
513,80.5,58.64061630661563
514,45.32,33.00338845588993
515,63.65,46.317059534160016
516,44.15,32.12500627497028
517,18.71,13.607842750213127
518,48.71,35.47214400474796
519,18.7,13.620688693664121
520,72.31,52.69562976892304
521,44.47,32.37634689427879
522,34.28,24.935561487116324
523,83.58,60.962964999149825
524,51.46,37.451564254163415
525,84.97,61.951218993337555
526,76.44,55.734757596304355
527,53.830000000000005,39.205750223798226
528,19.32,14.06556909504235
529,42.23,30.729707115393648
530,40.61,29.581040361900396
531,76.41,55.715579926868564
532,45.89,33.38104095174424
533,70.66,51.45306649998896
534,46.3,33.69239964764477
535,19.09,13.898725808691319
536,45.7,33.309241740373324
537,97.30999999999999,71.0125403135837
538,24.02,17.473554933372746
539,47.57,34.62141649689461
540,28.21,20.522724318926855
541,31.69,23.044946564623512
542,86.44,63.02500481201562
543,73.5,53.611491526728834
544,58.13,42.375862382583925
545,59.94,43.69035301789026
546,69.18,50.44525210074509
547,54.31,39.565876075195376
548,50.77,36.92714313570774
549,51.849999999999994,37.71128452304989
550,31.66,23.07579808030244
551,65.07,47.45649409475641
552,44.43,32.381365970983964
553,31.18,22.691050381885265
554,56.4,41.02649117133044
555,71.69,52.28700118223407
556,54.75,39.86717138979542
557,37.25,27.10459170023746
558,33.81,24.56838935803517
559,41.89,30.48552718875187
560,38.66,28.157016496722207
561,89.18,65.03659627643158
562,26.63,19.36794584516984
563,68.61,49.95146504974904
564,41.88,30.450423844368306
565,20.34,14.811804478172808
566,92.78,67.67277982452342
567,88.12,64.29900295384549
568,43.96,32.01085397793466
569,21.72,15.790156302894255
570,63.09,45.973537596511214
571,45.24,32.90172225293042
572,66.24,48.23208489119955
573,81.01,59.0487958806838
574,84.3,61.49762600587313
575,90.01,65.64762583452186
576,69.24,50.440429714853416
577,38.05,27.68176749998101
578,19.98,14.546781080883001
579,51.59000000000001,37.54043889454167
580,37.37,27.216245695839124
581,87.51,63.83687346401276
582,22.77,16.577385416254984
583,48.73,35.50909792931006
584,33.45,24.350664190438124
585,57.78,42.02434154450037
586,89.25,65.08798510658724
587,92.56,67.54669989070742
588,32.03,23.311471178744373
589,22.24,16.182971497902816
590,85.24,62.134306233522366
591,42.49,30.935541442293534
592,34.67,25.259112311243285
593,82.64,60.2828508236049
594,51.95,37.76477421392896
595,22.63,16.470918288818552
596,83.01,60.52097590627027
597,26.080000000000002,18.966928878939594
598,76.64,55.75750465298622
599,74.87,54.596685300871655
600,91.78,66.9422005640734
601,53.39,38.920597741342874
602,65.64,47.865122356754036
603,38.78,28.183751349396776
604,41.18,29.991433718286913
605,53.02,38.59061159797317
606,10.41,7.568498614839136
607,47.64,34.704770652319176
608,57.510000000000005,41.840982386541754
609,90.46,65.98453220597614
610,45.6,33.23462584030086
611,59.63,43.44190905731607
612,18.88,13.728570000930763
613,88.7,64.70779387135289
614,58.830000000000005,42.81044140700334
615,26.54,19.322636974864988
616,74.74,54.46167284050576
617,43.09,31.36091903210081
618,30.250000000000004,22.008604525982587
619,85.62,62.447169608382765
620,35.92,26.132244886452693
621,92.8,67.70427073627175
622,61.66,44.9452940014202
623,77.95,56.801584803138425
624,92.03,67.12343695947656
625,74.12,54.06630477998185
626,89.33,65.1733153037029
627,25.48,18.545599913624617
628,76.24,55.61021043397699
629,60.23,43.91603925290965
630,64.13,46.72670113089896
631,84.11,61.35902653926894
632,82.39,60.09010350498553
633,53.63,39.012485402148464
634,20.0,14.557732377941235
635,35.78,26.012783484379735
636,84.63,61.72152978165344
637,64.19,46.80251172769032
638,19.72,14.358815007461356
639,44.74,32.540442600984335
640,46.53,33.845462305581535
641,34.99,25.463566753393433
642,24.14,17.55395824599593
643,45.59,33.18948678730634
644,66.43,48.35321949932085
645,48.72,35.502066714520836
646,21.58,15.68386451391431
647,93.14,67.92917727553807
648,90.13,65.77045331956435
649,66.99,48.74720907836889
650,26.98,19.634421664605224
651,85.73,62.52940686126059
652,67.22,48.9536336773662
653,43.47,31.623869770199878
654,58.81,42.808279148971025
655,88.93,64.8540980689294
656,46.33,33.7703072778779
657,27.66,20.120684614661112
658,72.19,52.679735691434786
659,24.930000000000003,18.15403292953716
660,79.01,57.617632628992546
661,58.510000000000005,42.567592001298266
662,92.38,67.39224272054112
663,57.6,41.91064963200634
664,87.32,63.69606796697838
665,41.75,30.35615433023978
666,74.78,54.53880883193153
667,81.94,59.76123543854998
668,23.82,17.34448007852991
669,28.89,21.01436322570153
670,49.11999999999999,35.739486269993364
671,50.38,36.64340339434266
672,66.15,48.15505437072541
673,66.79,48.708463267566735
674,60.81999999999999,44.26063654104674
675,46.95,34.14606190147461
676,78.82,57.50124747904269
677,26.03,18.92527723658036
678,65.37,47.5892348641918
679,34.8,25.329185648350297
680,34.74,25.30785272676214
681,62.72,45.705907081769716
682,58.9,42.92017933219948
683,55.69,40.59368481865472
684,30.01,21.849392267331922
685,41.05,29.92230258889482
686,46.800000000000004,34.04995184035862
687,86.96,63.44074557817194
688,58.62,42.67674404558712
689,82.23,59.986651785656655
690,63.54,46.317646809224186
691,30.740000000000002,22.35885100593649
692,16.84,12.253425793921727
693,40.38,29.383190433082728
694,37.79,27.501615931293554
695,71.26,51.894173029298635
696,38.9,28.309867063878514
697,86.1,62.8170045172486
698,44.8,32.58957108427364
699,85.0,61.977980353010544
700,87.89,64.1002874310136
701,73.68,53.72936726477931
702,88.04,64.23945426373608
703,60.9,44.37736703846222
704,91.9,67.04278068755866
705,25.580000000000002,18.59994039301208
706,78.35,57.14342148105718
707,87.81,64.04843675484196
708,44.09,32.071253353401026
709,38.58,28.07059017426705
710,33.02,24.02854226295026
711,43.21,31.500334124048344
712,59.92,43.669633854689856
713,47.489999999999995,34.52933146481975
714,80.52,58.74741152544057
715,71.52,52.16401916449336
716,20.59,14.99197347362556
717,87.26,63.65871402619871
718,61.24000000000001,44.53754539120879
719,12.27,8.922536385361475
720,83.61,60.96334439080284
721,84.88,61.910290005737004
722,84.81,61.87431550731675
723,82.59,60.230852194657004
724,36.23,26.375162292015407
725,45.2,32.86857383470613
726,75.6,55.13314800319203
727,28.63,20.836184272575935
728,85.54,62.394908932960675
729,79.41,57.89487267648401
730,26.29,19.127513317828573
731,47.9,34.90591423277705
732,39.65,28.86277254038008
733,31.65,23.032885323037366
734,79.78,58.19084146017342
735,90.34,65.8833608421986
736,76.3,55.612986783508035
737,47.67,34.66362352565849
738,33.43,24.3146298143123
739,48.24000000000001,35.109662870626245
740,81.04,59.12237843119678
741,62.01,45.197621014170295
742,70.87,51.62670627632916
743,84.37,61.539754381550836
744,49.199999999999996,35.87114858125701
745,46.57,33.95708573919584
746,32.5,23.627125943544
747,81.13,59.151139526601405
748,35.8,26.035212694672563
749,33.66,24.463346921951896
750,66.38,48.3901228822972
751,33.92,24.681104970027416
752,69.96,50.8892490136122
753,27.89,20.31524628822126
754,23.590000000000003,17.150473700727286
755,18.97,13.811164540380942
756,64.32,46.89761012046903
757,59.71,43.534010927355375
758,83.99,61.20843790084944
759,51.36,37.40725126836584
760,34.66,25.200883955087562
761,74.72,54.494948712703774
762,41.89,30.513265913495207
763,50.95,37.100622856813025
764,40.28,29.322147648257594
765,23.83,17.34616276426543
766,62.800000000000004,45.73994642818229
767,40.96,29.79593842177182
768,56.96,41.51273440171931
769,50.160000000000004,36.56454986308207
770,86.87,63.3851329371965
771,91.81,66.9584733316491
772,24.34,17.705265624382463
773,56.06,40.7625378959164
774,31.01,22.570707290680936
775,52.34,38.06781023866697
776,83.37,60.731017288188156
777,92.91,67.77700553844879
778,89.71,65.44393027394858
779,30.49,22.175419130248414
780,82.02,59.79458724757601
781,77.71,56.63928161007773
782,56.18000000000001,40.89313388546207
783,35.7,25.954936322642528
784,83.08,60.59780234001424
785,37.12,27.01943766190762
786,39.59,28.847749751692586
787,85.95,62.673231349353664
788,9.14,6.643730202464999
789,64.88,47.28306298902627
790,20.35,14.816110568555166
791,60.480000000000004,44.00430829751509
792,66.73,48.60580596753308
793,50.9,37.1100705373335
794,63.56000000000001,46.237157294901756
795,77.49,56.51546490895854
796,46.48,33.82577079395168
797,36.15,26.30851565549652
798,35.46,25.79952794856511
799,78.4,57.15642126293469
800,74.53,54.33964007510375
801,48.04,34.959593292485806
802,89.63,65.3540917092275
803,79.34,57.84547839312303
804,50.98,37.13179363065182
805,47.43999999999999,34.58492071326034
806,55.78999999999999,40.5961201518173
807,21.53,15.65880745694935
808,93.12,67.93869796997097
809,89.0,64.92630884303667
810,88.3,64.4231326725683
811,83.55,60.94651770735425
812,19.95,14.516985122717033
813,84.45,61.610232893044255
814,69.72,50.723031037536664
815,90.53,66.0430489044866
816,43.31,31.532020039349785
817,65.83,47.99954125475483
818,35.29,25.670382454910317
819,87.8,64.03329443865306
820,60.199999999999996,43.892627712052565
821,87.68,63.910826928325754
822,73.71,53.75875000380804
823,53.169999999999995,38.75327578476156
824,83.73,61.045443978778025
825,33.73,24.58677661024964
826,86.08,62.79090385603601
827,85.65,62.44908249345741
828,51.93,37.848711410008654
829,46.16,33.63623103995918
830,31.67,23.032981404415786
831,60.25,43.90208535922391
832,58.13,42.31429993572033
833,54.169999999999995,39.48118530642774
834,40.12,29.170710685141543
835,88.07,64.22155978825526
836,84.86,61.89170496027703
837,39.89,29.046220795397428
838,51.69,37.66932662209808
839,23.5,17.094282665274
840,80.94,59.01737727080317
841,38.96,28.389693182184825
842,20.08,14.607988774176757
843,49.07,35.75210268672171
844,76.83,56.024435029273754
845,55.19,40.243238952064004
846,51.37,37.41011238630814
847,63.45,46.273480514294704
848,35.23,25.64156470032021
849,75.98,55.35449304875736
850,86.53,63.11735251472235
851,88.55,64.57130696313911
852,96.0,69.99588676396093
853,83.68,61.031480684478645
854,26.96,19.637335322621
855,19.28,14.01698668828342
856,20.99,15.275270252540967
857,62.58,45.554681976526616
858,84.79,61.83491711976119
859,56.07,40.87588889650527
860,32.52,23.646643894021953
861,46.95,34.136113484622996
862,59.31,43.19698399818139
863,77.68,56.65548260914108
864,73.6,53.60653930839751
865,90.7,66.14803130831834
866,68.79,50.16830758784131
867,88.24,64.38437931222626
868,53.56000000000001,38.98914751159077
869,86.11,62.80120000204984
870,58.61,42.65369260515608
871,73.72,53.71794556040454
872,42.37,30.83057842627395
873,31.45,22.914343746897572
874,37.23,27.086430284969282
875,31.14,22.659937119673202
876,75.45,54.9799772604387
877,22.32,16.24185036989092
878,45.72,33.25724235671958
879,83.14,60.61805233290006
880,73.1,53.28312067790415
881,87.78,64.00051159906545
882,60.800000000000004,44.237667734856224
883,32.5,23.620514252202554
884,49.89000000000001,36.298881252945016
885,92.52,67.47803692041951
886,54.87,39.9293069486467
887,86.18,62.87373465189876
888,34.08,24.82444810556387
889,41.06,29.912635897249807
890,85.37,62.268604244529975
891,47.69,34.6989499394201
892,76.77,55.98290392467162
893,28.99,21.11487024593303
894,26.82,19.51584072900383
895,47.9,34.86821999523564
896,40.48,29.439979151877974
897,29.740000000000002,21.624184096384152
898,31.590000000000003,22.968488766170346
899,89.95,65.59299320493842
900,90.87,66.27538322975307
901,49.89000000000001,36.352733684904315
902,41.72,30.392246364455282
903,86.9,63.39882955458727
904,70.36,51.258144206662294
905,76.9,56.04270687022432
906,18.9,13.758622253756243
907,49.86000000000001,36.28725391512539
908,36.2,26.339789716435316
909,90.65,66.13304812662987
910,46.9,34.128325589796724
911,71.17,51.89230662629754
912,49.98,36.373146133883274
913,60.800000000000004,44.33127914842295
914,73.42,53.53991837203123
915,33.44,24.33332828053898
916,89.39,65.15471993258224
917,59.21000000000001,43.07175430985999
918,61.6,44.825122938904585
919,37.58,27.320283980266343
920,74.85,54.54283415011521
921,70.8,51.63787341764568
922,30.05,21.88486802682887
923,32.39,23.559407408599714
924,41.42,30.192377945457345
925,74.49,54.24820877132675
926,43.8,31.882733172394598
927,23.379999999999995,17.000354237740908
928,49.87,36.264384891403004
929,30.66,22.316070443589833
930,26.16,19.055062436982173
931,78.14,56.99219699850367
932,27.440000000000005,19.944069667727604
933,38.49,28.038419790607982
934,86.25,62.869139504503224
935,40.52,29.507987937837196
936,46.41,33.77804646757336
937,84.59,61.68242498480221
938,56.08,40.850044938165254
939,79.55,58.02256133502501
940,64.5,46.94505896647042
941,85.07,62.05376123361589
942,35.7,26.01116459574195
943,13.49,9.802364650064174
944,58.77,42.76237789454553
945,87.86,64.05332811706384
946,53.37,38.864746520868145
947,38.79,28.215950974101823
948,13.33,9.694611806507591
949,83.69,61.049332472534566
950,39.1,28.43289936582145
951,33.64,24.492194029669278
952,81.68,59.595810326420626
953,30.440000000000005,22.180168957251958
954,79.77,58.168396890498386
955,27.04,19.668768927280382
956,19.95,14.518224710429893
957,80.98,59.0565992181199
958,47.38,34.50089955294745
959,13.66,9.94127884251157
960,90.98,66.38011267076752
961,86.96,63.451128237468495
962,36.48,26.57211854232838
963,89.07,65.00292520727115
964,74.06,54.0127185929441
965,92.19,67.24986800351165
966,75.09,54.77420831502778
967,84.97,61.969719643253676
968,44.01,32.05783573025546
969,25.85,18.794566967929143
970,91.53,66.76638006704121
971,36.47,26.531379912496412
972,37.43,27.27784241787447
973,84.57,61.619374161040305
974,83.77,61.11078815998368
975,26.79,19.506862110178275
976,38.98,28.364281044828047
977,34.26,24.92530042287063
978,86.82,63.316223058552815
979,30.67,22.312128551257782
980,71.9,52.429418249642325
981,53.99,39.32408416262709
982,39.8,28.960244803837238
983,84.74,61.801910763541756
984,29.49,21.453112150683648
985,20.17,14.685086882132383
986,49.09,35.697241989720496
987,82.01,59.80902914260286
988,68.2,49.712692883264936
989,82.74,60.36288640735671
990,62.55,45.60486162454173
991,74.22,54.13249895506012
992,71.16,51.884590285039486
993,79.5,57.979515563327006
994,39.63,28.826379615596615
995,62.94,45.77370586970751
996,36.84,26.823899980946898
997,14.359999999999998,10.444953693551344
998,92.32,67.36105128503893
999,21.32,15.493845870924266
1000,23.84,17.34537233737413
1001,84.21,61.415193957499994
1002,52.72,38.429982326160264
1003,40.56,29.536307715247613
1004,36.79,26.769257344640067
1005,82.56,60.214980287269924
1006,77.22,56.31128646042835
1007,33.16,24.11905340750754
1008,48.33,35.215672142142104
1009,21.8,15.859937405255092
1010,48.89000000000001,35.53172141782402
1011,46.26,33.66246208113245
1012,34.6,25.171702485552046
1013,26.780000000000005,19.47586723674078
1014,85.27,62.1946618199293
1015,22.61,16.43763157362244
1016,90.01,65.66151336371743
1017,66.98,48.812824735678504
1018,49.11999999999999,35.71822239596511
1019,87.47,63.76992279376491
1020,73.74,53.748343850327814
1021,55.71,40.56867430260645
1022,63.77,46.41374551218582
1023,39.96,29.059267294097097
1024,42.42,30.91792814260785
1025,49.830000000000005,36.29500188218655
1026,49.519999999999996,36.074485775872155
1027,29.780000000000005,21.67251822196558
1028,78.46,57.15662430335852
1029,13.99,10.17402070080067
1030,36.13,26.32246473455435
1031,50.34,36.61479716707709
1032,21.93,15.962586516148718
1033,55.75999999999999,40.57639390175781
1034,86.81,63.32962783369797
1035,75.76,55.24115264637372
1036,87.67,63.95478602711598
1037,66.51,48.44625180322289
1038,86.03,62.74299086695694
1039,87.8,64.0202423446809
1040,26.8,19.489135548526036
1041,86.83,63.33282144867004
1042,55.849999999999994,40.682823932929054
1043,66.92,48.735827545231686
1044,86.41,63.04864882765159
1045,82.23,59.90196482513655
1046,35.84,26.060035715162194
1047,89.78,65.5080776735165
1048,21.79,15.835581899383602
1049,15.76,11.470822381242467
1050,59.45,43.26515386742582
1051,32.92,23.953098327645023
1052,42.67,31.05632670908558
1053,82.71,60.34620438418796
1054,52.19,37.97805680055143
1055,49.96,36.35421988228528
1056,55.91,40.74986973292999
1057,25.900000000000002,18.86026532776882
1058,38.74,28.181109213182797
1059,95.03,69.32601335646973
1060,71.25,51.97494613617654
1061,34.37,24.994333718811585
1062,63.9,46.520243140494735
1063,45.97,33.441629647714834
1064,79.69,58.110064795298726
1065,86.23,62.86193895737004
1066,56.07,40.87453000386366
1067,79.15,57.720479793065
1068,91.78,66.9636695227786
1069,91.57,66.79760792503386
1070,91.19,66.55258142453324
1071,44.64,32.48384935010753
1072,37.3,27.156006166097104
1073,88.4,64.45274022797545
1074,56.78,41.380298894521545
1075,89.94,65.64168026786672
1076,83.91,61.19728544122094
1077,17.58,12.800432803324078
1078,46.09,33.546616514168015
1079,47.64,34.647446195293476
1080,48.33,35.23334850082828
1081,57.39,41.79277801697521
1082,22.3,16.236318759177852
1083,37.22,27.08728557670926
1084,34.98,25.45919570125211
1085,47.36,34.52007315851062
1086,39.6,28.84546516408491
1087,89.22,65.0750693172576
1088,23.900000000000002,17.38300891565141
1089,77.05,56.154272775425
1090,91.88,67.02001675026172
1091,28.379999999999995,20.64845432593045
1092,34.19,24.86577505500535
1093,85.56,62.372971249370124
1094,45.87,33.36488966315486
1095,23.02,16.763685790102482
1096,38.41,27.95192427643824
1097,36.31,26.43313685804535
1098,90.0,65.67456275729161
1099,30.719999999999995,22.342451302529355
1100,42.58,30.992321059629706
1101,82.89,60.43945394708265
1102,45.54,33.19131490810167
1103,51.95,37.81800492368504
1104,62.74,45.675305745075015
1105,73.75,53.719730609756056
1106,87.51,63.81691118845698
1107,87.32,63.680158081050386
1108,21.88,15.913981596771219
1109,89.41,65.19165389893301
1110,39.67,28.854184577820543
1111,86.5,63.12971374656212
1112,48.37,35.1666150951288
1113,88.66,64.67705989314153
1114,22.22,16.18593621042145
1115,79.86,58.214898666657916
1116,54.93,39.97544756821181
1117,19.53,14.211746382866249
1118,93.18000000000002,67.96522503945263
1119,39.2,28.552493459015203
1120,45.95,33.48164007591137
1121,82.72,60.265416593422074
1122,24.73,17.99022299214318
1123,26.13,19.011699855042945
1124,76.88,56.069219507657984
1125,69.3,50.472922169004974
1126,47.0,34.205801193219926
1127,48.19,35.11686100733406
1128,73.11,53.30968087722519
1129,91.01,66.36730713268629
1130,60.92,44.396307883815005
1131,84.64,61.73688948808369
1132,43.33,31.56613869215536
1133,14.23,10.357342317527005
1134,34.71,25.237166859297318
1135,33.8,24.578999410711546
1136,23.81,17.336497943903876
1137,61.510000000000005,44.75710221900112
1138,47.78999999999999,34.76688707445488
1139,76.06,55.46739928285186
1140,12.529999999999998,9.11601517171578
1141,73.39,53.51145860138973
1142,81.44,59.34942298494653
1143,50.23,36.61286942889621
1144,78.85,57.49761433291107
1145,39.45,28.7363999696678
1146,86.95,63.422209462956886
1147,54.54,39.70643279580665
1148,36.87,26.80931507898752
1149,85.5,62.366041917549026
1150,75.02,54.681898048189424
1151,30.47,22.1995703398724
1152,16.42,11.941749203834332
1153,39.55,28.79892491103666
1154,81.12,59.1823561516421
1155,12.859999999999998,9.346683042406369
1156,60.58,44.09688252102337
1157,42.38,30.833823809433913
1158,64.22,46.77735381833726
1159,21.87,15.894535563900082
1160,36.71,26.749965494589574
1161,92.31,67.33045009558907
1162,44.53,32.435357164342925
1163,23.440000000000005,17.072286126990708
1164,33.55,24.404331818581223
1165,27.27,19.840929591453857
1166,70.56,51.4529992799921
1167,29.63,21.550849575588032
1168,85.57,62.414343313841606
1169,73.36,53.45017697679417
1170,38.67,28.123919017956627
1171,88.64,64.65552778825001
1172,38.41,27.91626292571225
1173,92.11,67.19732090395941
1174,64.28,46.87898581845515
1175,54.22,39.50586747657019
1176,44.0,32.009746690509594
1177,75.11,54.76010815755098
1178,34.06,24.770234835719364
1179,10.26,7.460954822600423
1180,31.219999999999995,22.717092312989948
1181,53.150000000000006,38.69648763772726
1182,31.15,22.646017687877418
1183,41.95,30.50993464957971
1184,49.9,36.36203094657561
1185,77.76,56.682337027157004
1186,18.57,13.513538595955726
1187,90.31,65.90616900823986
1188,44.86,32.70088320684277
1189,48.21000000000001,35.09360243332304
1190,17.77,12.934575946892625
1191,91.39,66.67711454270197
1192,56.169999999999995,40.9098669569668
1193,77.3,56.357645347804734
1194,86.58,63.14803567385938
1195,40.88,29.791472227326715
1196,28.73,20.908450885252105
1197,79.2,57.7624945741328
1198,83.43,60.85701108136374
1199,77.3,56.38791798099781
1200,46.93,34.155881483051736
1201,61.4,44.751621234411566
1202,90.58,66.08950435674093
1203,61.39,44.76537226523024
1204,81.81,59.68200413725371
1205,30.069999999999997,21.866190893126266
1206,41.53,30.200711116508742
1207,22.32,16.246036610276757
1208,63.87,46.519630300741554
1209,32.51,23.672201779166766
1210,29.620000000000005,21.533891288580072
1211,47.43999999999999,34.53928956829098
1212,32.68,23.796630831068182
1213,44.45,32.34115293395693
1214,39.18,28.509580100653142
1215,32.29,23.476045049698396
1216,37.14,27.02476843220066
1217,55.480000000000004,40.422706933502226
1218,43.93,31.962025026186446
1219,37.0,26.92524352676001
1220,54.09,39.39458852661185
1221,69.75,50.74455225757847
1222,90.44,65.98813757817327
1223,94.12,68.67496796085584
1224,22.68,16.51790842297519
1225,78.89,57.52756417733145
1226,92.79,67.67667816180352
1227,39.02,28.425316876718256
1228,48.46,35.318229043004685
1229,56.839999999999996,41.35778602077693
1230,15.120000000000001,11.009773294445212
1231,26.55,19.335597298024314
1232,41.15,29.93374944998013
1233,28.280000000000005,20.564962877651674
1234,75.74,55.23416865478022
1235,88.09,64.23343308679927
1236,87.63,63.92947780809398
1237,31.46,22.91332388108598
1238,43.54,31.72139709228353
1239,70.2,51.19436870028171
1240,28.5,20.722255738540333
1241,37.84,27.535315484067983
1242,46.68,33.980272048523865
1243,67.88,49.4729587731065
1244,28.080000000000002,20.413219145431793
1245,90.53,66.04959575771225
1246,62.33,45.440897470824346
1247,37.65,27.393062084060414
1248,21.6,15.728785908071934
1249,28.069999999999997,20.430960338406535
1250,55.43999999999999,40.424124599491776
1251,67.84,49.38660429403873
1252,88.65,64.65720571561656
1253,92.79,67.71885708269666
1254,87.62,63.901656823410384
1255,93.09,67.93829865140741
1256,35.11,25.541000465546887
1257,87.12,63.52250065955939
1258,35.5,25.870526095377123
1259,43.05,31.32550375947773
1260,60.05,43.67999065889282
1261,59.35,43.17755729013515
1262,70.83,51.5528934187798
1263,24.98,18.159584502630633
1264,75.28,54.87728101255388
1265,41.53,30.25845920290495
1266,48.92,35.60631920473005
1267,14.370000000000001,10.45703372045853
1268,55.37,40.26367771212604
1269,62.31,45.40500129223538
1270,35.25,25.642166124889943
1271,76.95,56.13191132759884
1272,91.43,66.66577753167593
1273,42.09,30.6180353408192
1274,44.28,32.20736856154223
1275,27.36,19.93124614149325
1276,90.93,66.3188744607571
1277,76.46,55.76815441332658
1278,89.8,65.48548478832467
1279,71.25,51.907416771175235
1280,68.11,49.57308015624021
1281,72.21,52.67152689826575
1282,33.39,24.319126691672498
1283,65.31,47.59024732776787
1284,86.84,63.33709211315294
1285,44.0,32.02639573134866
1286,46.68,33.95720492493391
1287,17.96,13.074422504459003
1288,89.93,65.61157912431085
1289,38.04,27.66688117866632
1290,85.53,62.36361093087384
1291,41.42,30.157200709380938
1292,80.68,58.799569960168085
1293,42.34,30.830961547862803
1294,62.46999999999999,45.537964686998706
1295,88.47,64.55266325647035
1296,56.9,41.465312131995326
1297,63.1,45.92886147033617
1298,61.49999999999999,44.83312832175336
1299,69.26,50.47710835524076
1300,20.57,14.955623949595678
1301,17.13,12.46787143558148
1302,83.0,60.56132986786379
1303,18.95,13.788009464165246
1304,41.5,30.18796122165377
1305,73.57,53.6573181320688
1306,36.57,26.594989773446194
1307,27.34,19.910008405826026
1308,77.54,56.56469041662582
1309,39.27,28.557152509116225
1310,66.87,48.70335207638458
1311,76.02,55.45035100739852
1312,68.11,49.654967379683576
1313,58.54,42.57797925225485
1314,37.64,27.38375689585487
1315,32.66,23.748626104129325
1316,66.54,48.4875454335404
1317,42.57,30.991708323098017
1318,28.15,20.513907558595676
1319,74.74,54.49926843689268
1320,24.51,17.824204600305784
1321,58.46999999999999,42.62774793631859
1322,10.02,7.289508583084024
1323,29.15,21.20303766031471
1324,60.50000000000001,44.029504722230676
1325,61.13999999999999,44.58889884390017
1326,93.57999999999998,68.28052588754294
1327,78.44,57.21589729299077
1328,58.71,42.79866555360211
1329,52.38,38.117434676400826
1330,48.13999999999999,35.05704705454069
1331,19.24,14.004578462936507
1332,94.72,69.13786972790423
1333,95.09,69.36653486606419
1334,79.26,57.790009791192986
1335,78.99,57.61445415601532
1336,18.23,13.276141815812709
1337,88.2,64.34640844741926
1338,18.92,13.775974295091451
1339,27.580000000000002,20.061692047067417
1340,33.25,24.225805578689005
1341,31.89,23.209705043630855
1342,76.27,55.60617674564855
1343,42.2,30.705182036029825
1344,54.39,39.55330550588028
1345,60.98,44.44756434753643
1346,59.72,43.52375848548539
1347,57.31,41.777301372436646
1348,43.15,31.441687915104335
1349,60.43999999999999,44.040127945709685
1350,27.29,19.851994725026167
1351,48.72,35.47563100470647
1352,76.48,55.77510645856445
1353,87.05,63.45421804804815
1354,91.08,66.42565305874831
1355,78.12,56.882510131077616
1356,58.78,42.84861875989167
1357,38.68,28.139156308263644
1358,40.97,29.86364740873548
1359,43.11,31.369805233027584
1360,25.719999999999995,18.732479435995522
1361,36.53,26.579647525573694
1362,37.2,27.0683529757614
1363,72.88,53.15619913826844
1364,47.88000000000001,34.89801169165659
1365,44.93,32.73040832681345
1366,87.29,63.6504332953884
1367,67.18,48.89962678405854
1368,37.16,27.07057247735332
1369,33.12,24.099330969094567
1370,79.52,57.97053418535126
1371,91.72,66.89976176155683
1372,83.54,60.92408481805271
1373,77.97,56.87656142382433
1374,26.259999999999998,19.10854753995994
1375,73.07,53.25007515997613
1376,32.36,23.52938171059398
1377,37.75,27.454111431948427
1378,40.19,29.254951747473417
1379,34.25,24.92747615099724
1380,62.98,45.801689919767604
1381,34.8,25.345174337305597
1382,85.24,62.185213673377724
1383,42.35,30.786698920356564
1384,57.68,41.97591592229532
1385,55.05,40.14028316094573
1386,74.28,54.07812737985596
1387,56.65,41.29545396693255
1388,28.99,21.08920669026578
1389,34.04,24.765808949122256
1390,83.56,60.88134789153892
1391,85.23,62.17100717022412
1392,35.0,25.448928389890032
1393,66.89,48.70777700890283
1394,56.3,40.98468631740571
1395,60.96,44.41847631312106
1396,84.8,61.86078144943509
1397,46.46,33.845721373622396
1398,36.47,26.555251075700514
1399,27.95,20.35080874696213
1400,15.220000000000002,11.076720141339523
1401,37.97,27.631900914582594
1402,51.26,37.35788208996995
1403,25.46,18.504671648797746
1404,44.62,32.466065474121656
1405,92.96,67.77875618013138
1406,16.52,12.018846853417317
1407,25.259999999999998,18.375005860106313
1408,46.15,33.62543446114118
1409,81.73,59.526882745812266
1410,66.41,48.39769957579164
1411,82.86,60.40126623330687
1412,66.4,48.35368861805931
1413,41.28,30.024324347586486
1414,39.63,28.865511936451966
1415,24.77,18.04197256110171
1416,54.519999999999996,39.75266290508024
1417,46.61,33.903575814610754
1418,50.97,37.14662904778515
1419,35.89,26.08563188753485
1420,72.17,52.61752868869946
1421,56.31,40.974729580084706
1422,25.52,18.57685815223632
1423,87.27,63.636061705661476
1424,90.97,66.31839176704825
1425,44.03,32.09481799176033
1426,52.75999999999999,38.461566717729426
1427,92.33,67.35808149998022
1428,31.599999999999998,22.986001642735076
1429,54.11999999999999,39.45531331490265
1430,37.16,27.024028572343862
1431,46.06,33.51594089257971
1432,84.39,61.53631404308892
1433,52.57,38.284600693312626
1434,84.44,61.52862065985884
1435,61.81999999999999,45.002462803438185
1436,85.62,62.44342022721726
1437,10.09,7.340985927186781
1438,21.53,15.661368330728145
1439,90.89,66.30155253063543
1440,30.280000000000005,22.013508074846314
1441,36.13,26.292330082110702
1442,64.35,46.921613162646864
1443,73.33,53.416720332667325
1444,86.29,62.91796443601278
1445,56.63,41.27481221695254
1446,72.21,52.60272576825011
1447,87.16,63.58139211220873
1448,52.01,37.859646071271236
1449,68.45,49.843437879155985
1450,25.879999999999995,18.84190328526846
1451,63.66,46.4272327151736
1452,50.71,36.94517359168971
1453,53.40999999999999,38.905274113874505
1454,66.95,48.752888646780875
1455,39.58,28.78213979333622
1456,76.28,55.62887081086183
1457,64.24,46.85870693086854
1458,19.59,14.254729171960095
1459,59.849999999999994,43.616536376402614
1460,42.93,31.232438856687555
1461,70.35,51.298957275859706
1462,80.6,58.71995578319388
1463,73.92,53.87944821546239
1464,42.19,30.73420972164653
1465,88.45,64.52250503163727
1466,16.23,11.811300490262095
1467,38.05,27.673352208266536
1468,76.23,55.59764146048782
1469,39.19,28.525938279067788
1470,40.68,29.63710936877855
1471,73.13,53.32972302604601
1472,95.05,69.33930384494082
1473,19.73,14.3429876661216
1474,58.3,42.439570450179396
1475,15.970000000000002,11.624408258450725
1476,83.36,60.75776663235034
1477,17.95,13.062678153593282
1478,33.15,24.11260718986142
1479,86.15,62.84263974578615
1480,68.26,49.72269721574286
1481,87.74,63.99976001533563
1482,50.9,37.112625099172014
1483,66.67,48.56868191237342
1484,54.13999999999999,39.47551814285926
1485,52.46,38.17286045910378
1486,60.839999999999996,44.270202572677604
1487,78.91,57.57755523408574
1488,25.430000000000003,18.496030433280005
1489,94.75000000000001,69.12578466817313
1490,26.69,19.43937046475923
1491,68.08,49.652792028362896
1492,40.98,29.850840316121033
1493,24.559999999999995,17.857355022733657
1494,84.11,61.36661446393722
1495,30.13,21.91538375840419
1496,89.63,65.37285571359305
1497,39.27,28.556991115257816
1498,21.72,15.806750963950789
1499,92.3,67.32283084150396
1500,21.01,15.29630738716358
1501,81.82,59.6464187994704
1502,28.48,20.70993908305948
1503,87.96,64.15807107592417
1504,58.23,42.37817586803022
1505,58.93,42.87947611277716
1506,56.37,41.076672525483325
1507,32.99,24.028802842247494
1508,58.39,42.57522902911603
1509,16.2,11.773244821655439
1510,18.23,13.269958445998693
1511,24.69,17.950125186758346
1512,62.56000000000001,45.518007774594466
1513,39.28,28.618241855648673
1514,38.59,28.112035010392
1515,41.95,30.5066601507562
1516,13.450000000000001,9.785405521743048
1517,40.76,29.701018174625048
1518,62.99,45.90638831013922
1519,89.99,65.64122428353386
1520,47.37,34.52902573730531
1521,33.71,24.53038720337616
1522,82.15,59.873972069873034
1523,25.740000000000002,18.750196880868273
1524,20.49,14.897001010805779
1525,62.58,45.57181654461762
1526,33.12,24.109521860661854
1527,45.83,33.394708348662576
1528,38.65,28.11572495076456
1529,87.53,63.846321069208706
1530,91.59,66.82349038964101
1531,55.42,40.40227874319398
1532,41.43,30.13339838447445
1533,53.65,39.031344221734635
1534,82.85,60.420358965539606
1535,45.11,32.82675830647044
1536,41.19,29.964495848046315
1537,16.97,12.342593335140007
1538,73.18,53.373322550794136
1539,80.88,59.007927047204475
1540,90.97,66.35655078153373
1541,39.88,29.0144626516045
1542,86.63,63.165761775743455
1543,52.63,38.33198564233387
1544,76.71,55.93115601341833
1545,27.400000000000002,19.93990131303436
1546,83.06,60.59909642690112
1547,83.76,61.091214086431975
1548,48.46,35.24034886378216
1549,47.29,34.47547456569316
1550,63.01,45.95700434259946
1551,79.38,57.8436886867023
1552,83.82,61.141510457619724
1553,51.53000000000001,37.48448783699357
1554,84.74,61.77792271662312
1555,61.56000000000001,44.87426132176673
1556,90.53,66.00599319001219
1557,50.22,36.54849264168535
1558,48.22,35.10034750841078
1559,65.94,48.110616129923834
1560,70.96,51.73972099654902
1561,35.77,26.043812198122872
1562,79.86,58.247536756494675
1563,82.09,59.888798824904804
1564,8.95,6.511004891978332
1565,82.47,60.13750416180663
1566,26.15,19.04494896586058
1567,65.57,47.80568275853861
1568,74.8,54.56593889065232
1569,43.84,31.910468493188535
1570,91.76,66.9635462892308
1571,63.94,46.540409217586614
1572,38.12,27.697725132516315
1573,79.29,57.81792560612017
1574,83.59,60.98154093265744
1575,24.8,18.053984825651185
1576,90.79,66.24770548084062
1577,32.66,23.789954382574614
1578,20.98,15.245944979567662
1579,48.18000000000001,35.09889053466034
1580,41.63,30.333662035449056
1581,30.930000000000003,22.486752599561765
1582,47.93,34.877487529030844
1583,29.77,21.65002061776846
1584,27.409999999999997,19.964423561793282
1585,90.47,65.96791757920158
1586,30.47,22.156210328020194
1587,79.26,57.80811230837174
1588,18.89,13.744662075525284
1589,73.33,53.37703351616621
1590,23.95,17.416753814262194
1591,69.24,50.46602419504173
1592,22.28,16.220283695512805
1593,54.480000000000004,39.72458895923716
1594,32.89,23.928507321757525
1595,15.49,11.269699109151706
1596,76.38,55.66453566453859
1597,26.85,19.529090302426063
1598,27.23,19.804638437646055
1599,86.6,63.16562570717262
1600,37.99,27.653871480026837
1601,20.84,15.166151499713225
1602,91.36,66.64790381990568
1603,92.54,67.5128125568834
1604,50.89000000000001,37.098291400499136
1605,46.72,33.998667232756816
1606,70.39,51.28935700900361
1607,93.38,68.09993505697227
1608,72.22,52.652629382441894
1609,53.71,39.06315110233381
1610,84.4,61.5357343680937
1611,32.96,23.979873735463304
1612,39.89,29.061320729385965
1613,70.74,51.59901257982347
1614,75.53,55.09127596030314
1615,83.35,60.71950336533998
1616,91.14,66.48574298520461
1617,79.42,57.945795833016845
1618,14.23,10.362333690762066
1619,78.62,57.33638531613784
1620,79.3,57.85022509047404
1621,56.43999999999999,41.1476521872075
1622,30.620000000000005,22.28302171875635
1623,57.54,41.968021779842175
1624,53.63,39.08218392136876
1625,41.43,30.193038236329876
1626,85.28,62.195078287948014
1627,27.95,20.320314580979947
1628,33.63,24.459992746173334
1629,52.28,38.11473445944832
1630,79.87,58.13309952648932
1631,40.74,29.657986777648876
1632,38.75,28.20670441054327
1633,62.09,45.23177550425251
1634,26.280000000000005,19.12010137694202
1635,30.0,21.8334546942893
1636,86.06,62.78280488594024
1637,83.9,61.18546547106667
1638,59.96,43.72863402924575
1639,88.32,64.41444828156497
1640,21.01,15.291729468563533
1641,85.49,62.3661156738761
1642,79.48,57.98707710557347
1643,70.18,51.13840161590374
1644,26.46,19.25842107374314
1645,15.209999999999999,11.062432112356095
1646,69.45,50.64833452098026
1647,38.87,28.275696421482944
1648,22.93,16.700136827468416
1649,28.620000000000005,20.82129651880416
1650,54.33,39.5590968208177
1651,39.77,28.94504868880077
1652,36.11,26.288396534368715
1653,88.49,64.54300412218264
1654,79.11,57.695995564391374
1655,93.33000000000001,68.08469748006618
1656,32.58,23.69529405408705
1657,54.32,39.50246150316903
1658,87.65,63.9356230599776
1659,15.93,11.585811453347521
1660,37.98,27.638872927611075
1661,91.95,67.07192664740049
1662,91.97,67.10057231149104
1663,60.7,44.186256474324246
1664,20.36,14.800801516813115
1665,55.38,40.327519516001466
1666,30.34,22.05687425990046
1667,69.54,50.718693374806854
1668,33.59,24.447323228691612
1669,34.17,24.875027894591657
1670,90.59,66.07812943366356
1671,92.93,67.80382269098891
1672,68.27,49.65626387762315
1673,54.43,39.66065175468576
1674,86.73,63.26359313098688
1675,26.61,19.384160608920165
1676,60.37,43.97364249507725
1677,93.06,67.87214901094183
1678,91.3,66.59789908992421
1679,86.61,63.19585090458792
1680,75.75,55.25468487099057
1681,95.02000000000001,69.30401477985173
1682,11.619999999999997,8.457255163309924
1683,41.17,29.95898695105931
1684,48.43,35.25409615065176
1685,20.99,15.27098041244336
1686,82.74,60.326201659659816
1687,19.41,14.103521298231248
1688,23.36,16.987594991695016
1689,95.05,69.32667088724882
1690,50.46,36.69045555256465
1691,47.89000000000001,34.85286888879772
1692,91.08,66.4261454669636
1693,89.4,65.22381937793365
1694,90.0,65.65132103547081
1695,21.85,15.917784821697294
1696,70.29,51.27353250411846
1697,88.31,64.40860502602197
1698,81.41,59.374759785655506
1699,89.34,65.17217980006919
1700,67.47,49.20925869528324
1701,39.26,28.5403396471064
1702,56.9,41.46253750192937
1703,77.98,56.89312296955697
1704,52.10999999999999,37.980845308163374
1705,44.56,32.39425241816322
1706,84.86,61.89332664497556
1707,54.71,39.83742343232174
1708,66.92,48.761409703201906
1709,37.48,27.271142533913014
1710,87.69,63.9932592189229
1711,55.05,40.13191248441819
1712,58.3,42.49561575964864
1713,22.16,16.134300283012674
1714,42.19,30.743906873141817
1715,41.07,29.922199511626395
1716,90.5,66.01790499189914
1717,77.86,56.79718484458824
1718,58.62,42.719602451376616
1719,23.559999999999995,17.137491118715854
1720,63.87,46.57999118868725
1721,64.84,47.20100744827154
1722,69.4,50.50716361337649
1723,44.36,32.27692756703608
1724,86.33,62.969698175344014
1725,53.22,38.70782109835232
1726,68.26,49.70132052288501
1727,55.67,40.593874368443224
1728,88.7,64.66892964494953
1729,19.29,14.035429837646054
1730,87.18,63.494618419194005
1731,40.82,29.675968751095784
1732,62.21000000000001,45.23388911097758
1733,64.43,46.89792742368637
1734,75.59,55.117848918366455
1735,76.51,55.744217296446514
1736,11.42,8.30725372533474
1737,66.93,48.74555647966535
1738,21.65,15.76558945927206
1739,81.68,59.58394583390471
1740,47.67,34.665401415045636
1741,27.740000000000002,20.186429823290233
1742,30.82,22.41581644410263
1743,60.34,43.94525649443524
1744,93.60000000000001,68.28335240663431
1745,83.67,61.002469396829916
1746,50.99,37.12977978100956
1747,39.23,28.555043585566416
1748,31.590000000000003,22.982056759001903
1749,31.940000000000005,23.22664937002828
1750,46.7,34.02079758308579
1751,65.6,47.771984539264835
1752,22.08,16.074206091865847
1753,21.76,15.829980309511996
1754,19.82,14.422601903120764
1755,72.86,53.14580649500914
1756,31.61,22.965770410123323
1757,60.19,43.810971154956576
1758,25.15,18.298755069316503
1759,56.92,41.48159644589875
1760,24.29,17.684999861770017
1761,41.71,30.38633680933434
1762,87.16,63.586013155982954
1763,53.96,39.24177363669215
1764,22.93,16.702886392252445
1765,86.95,63.41573662318429
1766,47.54,34.62943454984049
1767,24.98,18.15754910089066
1768,75.78,55.25429327338087
1769,23.16,16.84647634828467
1770,91.65,66.863452589528
1771,28.47,20.720939163262003
1772,85.67,62.46462778400938
1773,59.199999999999996,43.14565451483348
1774,50.97,37.102166483743055
1775,74.24,54.089701022467914
1776,47.160000000000004,34.3720884043339
1777,85.23,62.17098717255095
1778,51.35,37.349785261686684
1779,78.14,56.95153155769992
1780,22.85,16.61419795032511
1781,57.63,41.92435726550175
1782,27.400000000000002,19.916245958777772
1783,28.67,20.880558480461907
1784,90.58,66.07086527736313
1785,30.45,22.141167081210604
1786,80.49,58.69517288726406
1787,61.839999999999996,45.07413191242131
1788,85.42,62.28799711561987
1789,58.830000000000005,42.81287731724478
1790,53.43,38.94244872699542
1791,86.66,63.18783645006909
1792,70.21,51.128584983723556
1793,36.97,26.86200530412946
1794,89.4,65.23374658580336
1795,27.27,19.83432009255401
1796,32.61,23.731505367733238
1797,33.14,24.106342803252254
1798,53.519999999999996,39.003185952898235
1799,42.39,30.885620087168608
1800,29.11,21.186511434676916
1801,77.82,56.75151478935082
1802,51.839999999999996,37.781861255344204
1803,23.719999999999995,17.24180802416552
1804,60.160000000000004,43.78065400418238
1805,49.36,35.88179994426519
1806,81.34,59.33513749109474
1807,17.39,12.649646708164777
1808,53.31,38.77951453751403
1809,82.53,60.114155500714695
1810,35.44,25.816552608758304
1811,52.27,38.10527891090741
1812,40.4,29.39049244943332
1813,18.06,13.144863474786117
1814,93.39000000000001,68.15101412930461
1815,50.75999999999999,36.976315226965575
1816,34.22,24.877398152765476
1817,18.53,13.483769243830954
1818,58.65,42.74764309863432
1819,35.44,25.7728642025081
1820,84.79,61.84802346504947
1821,28.89,21.03755948706061
1822,37.47,27.30175724482209
1823,37.3,27.1235291285063
1824,50.38,36.65032099063479
1825,46.68,33.954360153726284
1826,40.02,29.17074448948335
1827,55.94,40.748840689282844
1828,37.78,27.486050371034768
1829,48.66,35.475207273664275
1830,14.209999999999999,10.327100324708328
1831,22.19,16.13855943576249
1832,89.25,65.09806304327077
1833,38.12,27.722738056676423
1834,55.75,40.56868175242116
1835,31.599999999999998,22.99061004860537
1836,36.17,26.31210281407535
1837,90.05,65.69826468108585
1838,94.04,68.59781920140797
1839,40.22,29.316686636769205
1840,61.26,44.59208233884979
1841,83.02,60.544977230977366
1842,81.97,59.77938543930018
1843,48.89000000000001,35.55462406990618
1844,18.73,13.63414106714093
1845,79.3,57.80414218780349
1846,80.45,58.67720114539787
1847,30.61,22.28076664136637
1848,28.620000000000005,20.82335545510794
1849,68.76,50.047242226209335
1850,41.19,29.989552755241444
1851,23.940000000000005,17.41207233257234
1852,81.6,59.47108753887704
1853,22.11,16.079892829220533
1854,33.71,24.523272871853415
1855,25.430000000000003,18.519782563254644
1856,35.63,25.90408123511585
1857,32.05,23.3081062677762
1858,32.27,23.5073925330686
1859,33.04,24.024000891435367
1860,49.49999999999999,36.004293122975525
1861,83.67,61.019655457852764
1862,15.950000000000001,11.611955003542695
1863,78.09,56.96099478859287
1864,22.64,16.461425083004066
1865,80.43,58.671173905523986
1866,46.3,33.737264099540845
1867,38.49,28.050521614832622
1868,94.63000000000001,69.03849317083332
1869,68.45,49.83757165754325
1870,45.19,32.88137780856749
1871,49.28,35.85149678508959
1872,73.92,53.93350796583937
1873,89.45,65.1996092745122
1874,76.59,55.842717299628326
1875,84.46,61.59781183603087
1876,66.14,48.2043694471656
1877,51.38,37.41636872125103
1878,29.67,21.57909448700536
1879,43.2,31.43361825624786
1880,48.43999999999999,35.26128059006599
1881,58.489999999999995,42.56690800310943
1882,41.58,30.26179873327085
1883,71.48,52.14013828184324
1884,70.88,51.60008723333944
1885,36.63,26.690773143166957
1886,90.69,66.12779030179586
1887,36.86,26.83089196575075
1888,60.92,44.359366720504156
1889,60.72,44.27054534610784
1890,72.25,52.650939963472695
1891,32.25,23.453137588957077
1892,42.51,30.94282901243503
1893,22.91,16.670525727112853
1894,88.03,64.21517930973417
1895,35.14,25.556697347678533
1896,30.7,22.341973297252547
1897,28.719999999999995,20.906312301413447
1898,42.6,31.048942949149104
1899,45.18,32.875261073269854
1900,20.17,14.661782771870476
1901,89.6,65.36903768371977
1902,33.58,24.4604109307474
1903,43.74,31.81104565153895
1904,29.03,21.136735799585768
1905,44.85,32.687183855166204
1906,85.98,62.71465052936791
1907,68.31,49.71323066762327
1908,93.60000000000001,68.31226200714858
1909,30.590000000000003,22.233189651923404
1910,32.46,23.60992669852844
1911,84.74,61.81427511650648
1912,90.29,65.9117
1913,41.1,29.952246998090246
1914,17.69,12.856536143501446
1915,74.49,54.31738933801932
1916,69.87,50.922369214962245
1917,42.05,30.604879597354717
1918,21.47,15.622590413616857
1919,71.14,51.869213035651754
1920,50.87,37.012203742573085
1921,64.14,46.74642678023646
1922,19.39,14.098690432555834
1923,23.97,17.42454519990691
1924,75.33,54.92515990249074
1925,22.31,16.235889628200596
1926,56.25,40.96250957260766
1927,40.07,29.15423650323199
1928,29.749999999999996,21.646741724542196
1929,88.84,64.78371820396352
1930,80.82,58.94899759669677
1931,64.85,47.28789727229881
1932,51.37,37.44348332611754
1933,28.96,21.06769440262566
1934,18.9,13.760790123423712
1935,27.15,19.76508681831964
1936,85.34,62.247298879346374
1937,85.19,62.13341644241101
1938,82.1,59.88206669479892
1939,43.15,31.377942737664405
1940,92.98,67.82570314553952
1941,40.15,29.223623731629925
1942,92.32,67.33249227271936
1943,77.91,56.833291811192055
1944,64.95,47.27849740572774
1945,90.85,66.2516621025147
1946,43.94,31.9860588210988
1947,16.21,11.792997618565506
1948,74.63,54.34333626709686
1949,48.21000000000001,35.10400277207136
1950,66.16,48.19686498097974
1951,38.12,27.73817553132216
1952,13.109999999999998,9.540153057479392
1953,30.83,22.42612790274658
1954,66.97,48.69721578186907
1955,20.25,14.73168738662961
1956,37.88,27.579475500859736
1957,35.3,25.669027260291713
1958,74.03,53.9033293822042
1959,37.88,27.556493412400208
1960,38.9,28.28408882673076
1961,33.25,24.181765313522323
1962,77.05,56.15553868379061
1963,37.74,27.449816015967972
1964,35.92,26.121065399036368
1965,19.31,14.063225549202949
1966,27.16,19.767959171675248
1967,18.45,13.435227002575681
1968,15.66,11.394564211706529
1969,16.69,12.145676905917174
1970,33.95,24.69031896484404
1971,84.7,61.65212317434074
1972,50.26,36.63578938810293
1973,50.93,37.0432005998235
1974,39.94,29.066451864751908
1975,12.65,9.200725088487445
1976,90.29,65.8979081489925
1977,35.42,25.753613109532644
1978,52.61,38.32939656797856
1979,78.24,57.06043104137032
1980,91.13,66.48532262971143
1981,50.71,36.87905099927783
1982,80.44,58.671671308546294
1983,77.65,56.56623924052839
1984,90.37,65.93218468240129
1985,13.689999999999998,9.957255922020133
1986,81.22,59.2301748957531
1987,44.48,32.40904855203781
1988,63.86000000000001,46.576811149418766
1989,25.14,18.293893690448648
1990,92.27,67.3187305662379
1991,89.65,65.38531083017509
1992,92.13,67.20364015576963
1993,52.160000000000004,37.965232455332654
1994,45.48,33.08394612695904
1995,32.4,23.60483185536437
1996,68.36,49.82129410780567
1997,36.22,26.369301712441505
1998,44.0,31.983290264626863
1999,92.78,67.67866903318797
2000,19.35,14.072059436679014
2001,90.46,65.98094403239564
2002,30.120000000000005,21.940832495089225
2003,53.6,38.994827712024104
2004,87.66,63.92649276222225
2005,58.63,42.75550966088398
2006,86.63,63.1977041659212
2007,11.0,8.004419118409523
2008,41.2,29.981346467889907
2009,74.8,54.514769944330894
2010,29.03,21.096264753187754
2011,23.749999999999996,17.274953983560646
2012,30.27,22.044807657301753
2013,55.75999999999999,40.54436954715788
2014,92.61,67.55249635502571
2015,85.98,62.715690997984616
2016,38.93,28.307917050151936
2017,52.22,38.001068040452694
2018,79.29,57.848221064585154
2019,73.19,53.339068219726684
2020,77.06,56.18810010591107
2021,37.79,27.507739375808146
2022,87.98,64.20029873761794
2023,49.81999999999999,36.27027240132456
2024,75.46,54.96633674515823
2025,45.69,33.273440243718504
2026,49.199999999999996,35.78207593370731
2027,23.759999999999998,17.27287215700261
2028,84.9,61.91944994074382
2029,17.79,12.950196082463224
2030,35.63,25.91829222518084
2031,65.37,47.66469643086231
2032,88.4,64.48679202426028
2033,36.96,26.905000236459962
2034,36.19,26.3116750681772
2035,82.23,59.964761384970956
2036,59.92,43.62707302802069
2037,93.23,68.01109153175234
2038,17.85,13.000379134142234
2039,54.510000000000005,39.737013497509686
2040,49.24000000000001,35.87918191395353
2041,68.37,49.87297635977339
2042,65.92,48.04047882998622
2043,50.13,36.48405371020285
2044,26.909999999999997,19.59172815367235
2045,77.2,56.23106982488601
2046,89.08,64.97874748007482
2047,70.65,51.45950970820995
2048,90.23,65.82267382883123
2049,81.34,59.32895626443839
2050,38.95,28.325810474470106
2051,84.88,61.908100467733796
2052,55.58,40.446211904669035
2053,37.38,27.174534621078603
2054,89.72,65.45630535083107
2055,54.78,39.93297053610608
2056,62.46,45.52675964780683
2057,35.28,25.65115990376848
2058,45.17,32.85792244628461
2059,35.31,25.688291915720033
2060,34.08,24.82124051972674
2061,33.47,24.357558928948894
2062,40.02,29.134177548581015
2063,78.33,57.098626506848284
2064,53.61,39.04274498302903
2065,53.9,39.287917195526035
2066,76.33,55.61189255813039
2067,35.95,26.13516637094017
2068,89.65,65.39317614267495
2069,36.19,26.336602927260092
2070,37.83,27.560859646070657
2071,68.18,49.71446119854478
2072,35.92,26.125645213397192
2073,44.98,32.711922119011525
2074,47.40999999999999,34.502863921904556
2075,18.85,13.70448110941398
2076,43.22,31.433746871841983
2077,80.64,58.70061051433771
2078,12.620000000000001,9.186446398981818
2079,46.62,33.955360371055804
2080,47.58,34.608208730049476
2081,47.43999999999999,34.56693972805827
2082,86.14,62.841609734886575
2083,24.53,17.826109394661586
2084,72.61,52.80775277267956
2085,76.57,55.85050784810808
2086,91.33,66.60024680288369
2087,14.34,10.440807146934686
2088,34.39,25.049967527593182
2089,54.91,39.962933810504516
2090,81.0,59.08992823462179
2091,81.58,59.5021459735901
2092,41.57,30.272020715262208
2093,87.79,64.01916391634548
2094,59.04,43.000858703333435
2095,84.04,61.288641612154045
2096,51.69,37.67513780465194
2097,85.53,62.3919060171448
2098,44.04,32.04399390987328
2099,31.11,22.66082583483343
2100,85.82,62.613778076936136
2101,13.92,10.12495300696358
2102,56.55,41.20185164966209
2103,92.14,67.21549418594093
2104,45.37,32.99632209197705
2105,32.03,23.316314216280336
2106,33.55,24.405271696737632
2107,42.75,31.163274992041558
2108,91.16,66.52188967856415
2109,46.35,33.78441356709449
2110,20.63,15.01978188438304
2111,24.7,17.98896881306178
2112,41.05,29.86659804617888
2113,65.93,48.053973988385984
2114,53.99,39.25768664505273
2115,17.27,12.55938184210145
2116,87.84,64.10026969874953
2117,94.81999999999998,69.13704316986275
2118,76.08,55.497836777622084
2119,35.95,26.139905775322315
2120,73.15,53.21974331127488
2121,67.95,49.49909115088493
2122,78.53,57.287462441676794
2123,91.2,66.51241028307142
2124,42.71,31.11974945604095
2125,43.79,31.850131943998115
2126,82.34,60.05594855353852
2127,87.39,63.76679381893345
2128,89.8,65.54276288693762
2129,51.33,37.33310265552357
2130,79.97,58.31594074977313
2131,24.35,17.71091892331586
2132,27.54,20.04062436295412
2133,71.38,52.013945811003246
2134,26.51,19.27747943319365
2135,79.8,58.189867863530175
2136,24.080000000000002,17.504914813634933
2137,36.7,26.70077229570172
2138,56.839999999999996,41.336437168310844
2139,85.24,62.18438420044104
2140,35.57,25.864912025631213
2141,69.08,50.335631983298136
2142,67.5,49.18720643600063
2143,44.4,32.299518688974224
2144,17.29,12.565343716055656
2145,25.919999999999998,18.86154263068496
2146,87.93,64.1401794623059
2147,11.9,8.654854339969685
2148,84.17,61.400171969996464
2149,94.93,69.22755891290237
2150,72.7,53.033034701674296
2151,52.99,38.622414752981285
2152,55.800000000000004,40.62771559174865
2153,86.32,62.97101629306065
2154,36.09,26.235308029232826
2155,30.090000000000003,21.880440883618395
2156,86.75,63.25690169442982
2157,84.95,61.96425524243446
2158,23.32,16.982807866232218
2159,75.27,54.77134362224986
2160,46.01,33.480913804750884
2161,88.31,64.43666717729981
2162,23.12,16.80497106244755
2163,34.1,24.803507166889037
2164,63.169999999999995,46.02099636311286
2165,84.63,61.669878327388886
2166,35.85,26.082972577396138
2167,82.7,60.32431978490072
2168,39.9,29.047532280116464
2169,40.74,29.60876608770572
2170,46.28,33.66109545122044
2171,33.64,24.492361076223116
2172,38.82,28.239944713538726
2173,78.25,57.08651945389495
2174,90.44,65.9909619197285
2175,41.86,30.433585026889883
2176,61.43999999999999,44.77700999492001
2177,83.04,60.55603219797727
2178,26.01,18.935146775474596
2179,39.33,28.614600337237228
2180,41.48,30.208514227708267
2181,25.84,18.785400378859826
2182,21.09,15.34125196330501
2183,87.19,63.57346636443892
2184,60.0,43.718492280694036
2185,52.199999999999996,37.99628362732766
2186,52.13,37.96815235413095
2187,19.93,14.51206649038158
2188,59.54,43.38786403702814
2189,42.44,30.90291583167815
2190,87.14,63.551983911907904
2191,30.89,22.472663036024105
2192,67.58,49.20964328900033
2193,22.52,16.36917397242065
2194,30.379999999999995,22.128666383930906
2195,85.93,62.69173648511993
2196,29.409999999999997,21.413123084965548
2197,27.14,19.726025195280165
2198,46.24,33.64659437292041
2199,24.900000000000002,18.11265716454853
2200,35.96,26.176781778000493
2201,75.81,55.249827436919276
2202,23.1,16.816682526567256
2203,84.52,61.64908002163638
2204,66.79,48.68365479122429
2205,40.93,29.787838735056376
2206,78.66,57.38773362429924
2207,81.67,59.55021108351358
2208,90.01,65.69481983656546
2209,25.55,18.576714635278808
2210,90.79,66.2657204020295
2211,31.430000000000003,22.89088010589478
2212,12.859999999999998,9.352236674924724
2213,53.67,39.08978176795833
2214,45.12,32.892994116655856
2215,81.09,59.084191283550915
2216,74.08,54.02188591927683
2217,75.08,54.78183031299259
2218,19.25,14.01459031881731
2219,43.45,31.663929353535085
2220,68.9,50.125778055092155
2221,33.84,24.627316000731803
2222,57.75,42.09385757003138
2223,80.65,58.838108748213955
2224,17.11,12.443433946565554
2225,29.35,21.375882311294497
2226,29.17,21.22156246374714
2227,84.09,61.295617582223535
2228,89.16,65.05176166710332
2229,17.99,13.08597166088998
2230,79.0,57.60809666523129
2231,63.57,46.362862591944406
2232,24.45,17.809441194182863
2233,40.46,29.42527219961724
2234,62.27,45.316288528688474
2235,20.77,15.107216555268286
2236,32.85,23.930614601894575
2237,48.93,35.59654848833089
2238,89.34,65.16091908840772
2239,85.68,62.483075488008055
2240,51.800000000000004,37.75674468563232
2241,76.47,55.76823334946099
2242,80.15,58.43841094092069
2243,37.75,27.508825399393398
2244,48.18000000000001,35.07670245651204
2245,91.58,66.7798848236428
2246,22.59,16.42517245103771
2247,25.919999999999998,18.846666846726094
2248,11.399999999999999,8.289731126529064
2249,44.51,32.436583236003415
2250,62.88000000000001,45.73715988670666
2251,62.13999999999999,45.26687105692016
2252,24.400000000000002,17.762757178856177
2253,79.98,58.33089295684739
2254,47.43,34.50975844643253
2255,44.96,32.71639846550721
2256,68.27,49.762048166667945
2257,83.11,60.62885548842658
2258,39.72,28.952123059336124
2259,45.42,33.074348877516826
2260,11.959999999999999,8.692934056062573
2261,58.04,42.25821930908852
2262,47.800000000000004,34.82963756175483
2263,37.91,27.599658713784134
2264,23.51,17.119812186734887
2265,47.04,34.259931812764634
2266,57.08,41.535168238828845
2267,42.33,30.834962303332688
2268,49.67,36.20118346495139
2269,15.779999999999998,11.485847754870989
2270,84.74,61.804363297842166
2271,6.08,4.422416942904916
2272,78.67,57.38495694466332
2273,32.98,23.98227519338646
2274,72.55,52.91981614592118
2275,78.09,56.953128975363185
2276,59.75999999999999,43.487544124398994
2277,78.25,57.055699256573305
2278,90.18,65.76125751663234
2279,58.34,42.53693660702968
2280,64.27,46.79536654390369
2281,55.3,40.22107464534832
2282,25.5,18.552595171155907
2283,30.02,21.82657980655862
2284,79.39,57.86049994489188
2285,80.69,58.86808187004314
2286,45.84,33.340777284744455
2287,73.05,53.25339810687752
2288,38.17,27.80959087579605
2289,34.84,25.372748745667067
2290,42.68,31.057091539444734
2291,65.87,48.031414994919665
2292,64.12,46.72021167957374
2293,88.25,64.35184750643093
2294,27.749999999999996,20.177032473252424
2295,40.66,29.584800819116943
2296,82.08,59.86199179221473
2297,35.63,25.951624295427944
2298,62.9,45.83665661838733
2299,60.09,43.751514830099815
2300,63.61,46.391134337793424
2301,41.55,30.27431248464354
2302,21.98,15.978912106434946
2303,59.37,43.18243835460516
2304,23.83,17.34983864185258
2305,33.5,24.392863395123776
2306,89.15,65.00900494589108
2307,90.09,65.70709290378696
2308,41.22,30.042784469980578
2309,72.69,53.02031317414261
2310,69.53,50.699548109814785
2311,90.88,66.29890348417193
2312,87.08,63.50927510371426
2313,76.61,55.87658061071772
2314,53.160000000000004,38.667091034148875
2315,23.66,17.200712434095475
2316,85.28,62.19687859150053
2317,88.15,64.28818539559917
2318,25.61,18.653000792135206
2319,84.58,61.68667730588907
2320,45.14,32.837708904658534
2321,30.059999999999995,21.86992627477899
2322,85.41,62.3027963897187
2323,35.68,25.95312562184384
2324,27.99,20.37651589753956
2325,32.66,23.76712363495855
2326,27.98,20.338642382394777
2327,65.77,47.915883500864005
2328,87.28,63.65149803340712
2329,84.73,61.77262169015648
2330,43.94,31.996384387791533
2331,29.33,21.358165407729395
2332,33.6,24.47412312430261
2333,44.17,32.15068950411278
2334,82.6,60.23910691978685
2335,32.69,23.77369559554561
2336,48.74,35.43994281744142
2337,88.12,64.27522543868355
2338,61.38,44.70486792563266
2339,77.57,56.57433198585496
2340,57.89000000000001,42.215622617500024
2341,32.45,23.617884309033762
2342,57.58,41.953954696886825
2343,60.59000000000001,44.09985854255231
2344,44.15,32.13008508962636
2345,78.33,57.12175538508146
2346,94.07,68.60393352222832
2347,10.49,7.631836161197869
2348,87.62,63.86958361315745
2349,38.57,28.031490754732385
2350,67.42,49.16306612209372
2351,39.86,29.05321333030557
2352,43.08,31.383857781596653
2353,25.82,18.769616156494276
2354,84.24,61.45073617514036
2355,83.1,60.608354023143704
2356,40.02,29.156793643305623
2357,83.91,61.2242622733114
2358,66.99,48.81074328660574
2359,88.37,64.46570116913638
2360,52.95,38.526655744141955
2361,44.48,32.360943345659024
2362,86.76,63.266384372152025
2363,93.08,67.93623677835356
2364,93.90999999999998,68.52240071682778
2365,38.53,28.027661651739656
2366,59.66,43.479470000158024
2367,44.56,32.44498630949095
2368,60.40999999999999,44.03615650527669
2369,14.959999999999999,10.875901186628766
2370,11.0,7.997930183839617
2371,46.13,33.56267927534108
2372,26.36,19.190611617561828
2373,77.48,56.50977575594077
2374,74.14,54.00183638661481
2375,89.37,65.18777142728285
2376,76.35,55.69843405167262
2377,33.89,24.69852650129207
2378,71.21,51.81805062339882
2379,63.33,46.17421430292017
2380,16.83,12.23727718347705
2381,81.48,59.44567764754723
2382,89.66,65.40152642811266
2383,88.85,64.82819452436813
2384,9.28,6.747115665070888
2385,25.68,18.67531938959259
2386,21.51,15.639954754129175
2387,25.66,18.675173887327276
2388,40.58,29.505999776522323
2389,54.68,39.77052081142641
2390,48.01,34.95873490444763
2391,62.78999999999999,45.78369638676469
2392,49.25,35.87105050908847
2393,48.0,34.936710005245914
2394,61.839999999999996,45.00755095198122
2395,19.55,14.223978928897868
2396,25.059999999999995,18.24366460880525
2397,60.81,44.254637032554264
2398,43.05,31.29522796400116
2399,21.79,15.840275000574195
2400,47.43,34.5270701596566
2401,50.480000000000004,36.796728443064374
2402,38.19,27.816434984401923
2403,82.79,60.399072698862625
2404,37.02,26.906988985593678
2405,62.55,45.5858484244023
2406,78.6,57.30594002892423
2407,34.07,24.809082406443647
2408,22.96,16.689605129583505
2409,83.85,61.167830811719654
2410,93.69,68.3545430564247
2411,85.26,62.19116241219599
2412,90.7,66.12523843514374
2413,81.24,59.243262295598456
2414,48.19,35.1161372993816
2415,87.1,63.53933231062334
2416,77.38,56.445434100013685
2417,49.150000000000006,35.81592417198611
2418,90.12,65.75027086064856
2419,31.15,22.64845181558581
2420,87.45,63.780166603467535
2421,46.57,33.90950974498473
2422,35.94,26.17972416036571
2423,33.59,24.464860782088586
2424,59.97,43.72371670006262
2425,72.54,52.873553742723416
2426,61.25,44.652703761398286
2427,43.87,31.96060221412971
2428,42.6,31.049049853751445
2429,69.27,50.52975898528282
2430,84.28,61.46789863249975
2431,68.79,50.07366658419827
2432,42.65,31.04665778184497
2433,34.64,25.225787468917982
2434,41.02,29.83710401297186
2435,25.79,18.76361022501281
2436,26.400000000000002,19.19586910075699
2437,26.400000000000002,19.230286002803606
2438,27.13,19.733419856018166
2439,69.71,50.790795466780835
2440,36.83,26.790002463252453
2441,44.69,32.53644123798621
2442,24.03,17.48441012802812
2443,83.72,61.05077714794169
2444,46.51,33.838700261844444
2445,53.67,39.12289099378777
2446,52.27,38.058162582329835
2447,82.99,60.53979679886489
2448,85.48,62.34900240669073
2449,93.72000000000001,68.37445399750428
2450,80.76,58.86905981417666
2451,90.2,65.7508663279993
2452,28.440000000000005,20.669972736801476
2453,51.34,37.37700803860915
2454,81.74,59.61255666620075
2455,93.23,68.00374359099257
2456,24.02,17.484596979718418
2457,90.49,66.00469134548399
2458,87.31,63.69681417244072
2459,74.91,54.54890172145169
2460,60.18000000000001,43.793963461940926
2461,39.32,28.59650617430436
2462,33.89,24.653057795928973
2463,77.84,56.766618728390476
2464,47.45,34.54284106055665
2465,39.17,28.530489203273678
2466,23.23,16.900322548571864
2467,86.01,62.70839266063908
2468,86.65,63.21456285151214
2469,77.62,56.59184707129897
2470,46.73,34.00945387659816
2471,23.37,17.010222685538267
2472,41.37,30.133789519722917
2473,56.800000000000004,41.34133433226376
2474,34.16,24.857444324397594
2475,29.069999999999997,21.138500192011154
2476,93.01,67.83767475736914
2477,79.49,57.934796605103415
2478,34.19,24.874797255039212
2479,83.38,60.82525518819969
2480,62.54,45.60621771543805
2481,75.58,55.12381855284143
2482,95.96,70.00040832763862
2483,57.1,41.59979212988358
2484,82.47,60.17050876348683
2485,80.59,58.77924484471504
2486,36.75,26.76363057770202
2487,59.169999999999995,43.0263094333566
2488,25.400000000000002,18.498975929280196
2489,50.42,36.66691988642576
2490,81.71,59.59462605798115
2491,58.11999999999999,42.37908093588395
2492,27.900000000000002,20.320207899640078
2493,32.25,23.455138950432115
2494,26.17,19.043651254857444
2495,30.14,21.93637846296778
2496,15.92,11.577150777949386
2497,51.11999999999999,37.17216554352472
2498,44.42,32.32947901426663
2499,84.54,61.698836727446405
2500,81.73,59.620945396785615
2501,29.39,21.410315801972107
2502,88.89,64.86101593324854
2503,26.39,19.18631875736441
2504,46.49,33.87758865320465
2505,29.740000000000002,21.6177942934024
2506,30.55,22.233998252385717
2507,30.440000000000005,22.14855945093736
2508,41.83,30.44965621876526
2509,56.43,41.14391672243948
2510,46.89000000000001,34.09853668079175
2511,40.55,29.478355315330933
2512,9.63,7.005240917484801
2513,67.66,49.33712744751346
2514,25.63,18.64240543946506
2515,43.73,31.846096603635875
2516,60.35,43.97474485510987
2517,37.29,27.115523668760478
2518,48.6,35.41770012520824
2519,31.36,22.809954184776572
2520,79.58,58.01275602827855
2521,44.97,32.69724928657776
2522,12.620000000000001,9.181501160809477
2523,46.39,33.74499584020382
2524,86.82,63.333368395965344
2525,75.09,54.76523401883532
2526,35.75,25.992411031297838
2527,70.96,51.74895499885582
2528,82.5,60.117959203420305
2529,52.849999999999994,38.44518765935556
2530,82.28,60.021833120853934
2531,78.14,56.98837741799475
2532,39.57,28.813767816835206
2533,34.09,24.839230828388835
2534,39.23,28.53078331177958
2535,25.98,18.908303883814646
2536,39.66,28.83539323754689
2537,83.27,60.69026475550412
2538,78.24,57.068724404651775
2539,54.78,39.86046983464801
2540,90.38,65.9274119815494
2541,41.84,30.42589857735137
2542,40.22,29.270673492480245
2543,31.98,23.25616975135051
2544,58.63,42.658965732801185
2545,77.14,56.17036507693126
2546,46.45,33.85474720505864
2547,27.900000000000002,20.290091211793417
2548,62.27,45.41143212758733
2549,43.61,31.73045770967695
2550,88.61,64.62636649507179
2551,26.879999999999995,19.544981099605398
2552,44.34,32.27672853657994
2553,40.4,29.38651145623631
2554,31.84,23.19464351339058
2555,50.3,36.597254248909195
2556,51.35,37.401327239143065
2557,53.62,39.07378366797958
2558,37.15,27.065811530941872
2559,73.01,53.26881370652139
2560,36.47,26.5644209572079
2561,41.19,29.999254875130518
2562,45.57,33.147322533175
2563,22.54,16.38871523407813
2564,71.4,52.062246748071885
2565,79.59,58.010107819063506
2566,39.63,28.85978142324996
2567,93.57,68.27055191276588
2568,79.9,58.285583184018805
2569,87.36,63.73434008210458
2570,34.2,24.91275743812365
2571,67.24,48.98774803692477
2572,10.17,7.40084102241368
2573,54.26,39.55109318028955
2574,39.02,28.407265278427545
2575,66.62,48.49173558332231
2576,32.15,23.411056751412694
2577,20.12,14.646207109167518
2578,78.72,57.40684760131637
2579,85.06,62.04148155261896
2580,48.33,35.17742249150923
2581,33.04,24.03268981719756
2582,83.82,61.13799851468864
2583,90.95,66.34549102819385
2584,92.36,67.38848217311184
2585,57.95,42.241948793313256
2586,30.2,21.958756079382564
2587,26.84,19.535317021175025
2588,25.03,18.224332078044437
2589,65.96,48.083523765023045
2590,67.33,49.0097782789366
2591,91.97,67.06803607329375
2592,25.36,18.44320381776104
2593,89.15,65.02462769696884
2594,87.54,63.85126805992695
2595,81.46,59.40110370585541
2596,23.930000000000003,17.422932867028578
2597,81.66,59.52476273203724
2598,81.46,59.438711981117955
2599,75.85,55.32324339490129
2600,16.38,11.921565901617571
2601,13.700000000000001,9.971222673552235
2602,34.72,25.260831885857144
2603,89.43,65.21158535339289
2604,56.68,41.2235881826955
2605,46.32,33.71656896013121
2606,41.9,30.528505703368914
2607,58.02,42.30651013409689
2608,38.06,27.696847042736742
2609,93.42,68.14685536575494
2610,25.0,18.197534213722914
2611,54.1,39.439761509325415
2612,62.98,45.88375608312147
2613,38.09,27.699735899962768
2614,54.34,39.556768072918295
2615,63.24000000000001,46.02786922114048
2616,22.05,16.060450964788952
2617,26.84,19.51541863090182
2618,90.23,65.8173989549026
2619,31.87,23.217225715359472
2620,46.57,33.93163155453486
2621,89.79,65.50866310917172
2622,84.96,61.879696313825775
2623,34.56,25.16682454439957
2624,87.65,63.92227067263179
2625,35.39,25.740006288477343
2626,45.05,32.81329027726163
2627,34.32,25.001373976156167
2628,33.13,24.126873386049915
2629,88.3,64.4129834682063
2630,36.23,26.396450312493055
2631,84.65,61.70733909531809
2632,51.19,37.23910466498465
2633,40.05,29.181135843525603
2634,27.54,20.027193599311516
2635,45.14,32.838094322973255
2636,86.77,63.30286354913061
2637,30.559999999999995,22.248076509872163
2638,60.68,44.259927145749565
2639,88.39,64.47468838818673
2640,94.06,68.61613801907447
2641,46.92,34.11320406870815
2642,89.94,65.58245139760152
2643,19.46,14.170692098205446
2644,83.28,60.74353168309507
2645,57.81999999999999,42.097937148304396
2646,28.46,20.724297512820602
2647,39.35,28.636312386123805
2648,87.02,63.458331633913275
2649,75.79,55.281659788592535
2650,39.3,28.586913466650063
2651,28.930000000000003,21.038038908772084
2652,25.55,18.579313576391108
2653,23.99,17.432852057711067
2654,13.859999999999998,10.087451798483054
2655,49.68,36.15157164648615
2656,78.06,56.88311873094023
2657,50.89000000000001,37.03983502564107
2658,29.99,21.80844141572797
2659,30.15,21.917825965256334
2660,52.05,37.846874370247896
2661,70.8,51.612074860780645
2662,28.15,20.478584597571665
2663,45.03,32.803667817397034
2664,20.43,14.847965338991477
2665,89.52,65.26967650568297
2666,17.01,12.370929539792531
2667,30.71,22.349137347197658
2668,45.03,32.77347242656881
2669,42.93,31.245700227265157
2670,34.74,25.26979392516114
2671,24.259999999999998,17.63918791856073
2672,87.43,63.786020282054
2673,25.71,18.716681413807525
2674,23.46,17.057231969993325
2675,39.36,28.62078951052709
2676,24.34,17.72263818008152
2677,81.98,59.77844564988976
2678,19.25,14.012225016189179
2679,44.28,32.25246630322752
2680,17.52,12.744617732526725
2681,58.11999999999999,42.3635946390626
2682,36.42,26.488070138921422
2683,83.59,60.98048490537828
2684,36.76,26.746927442356874
2685,92.54,67.51486171751834
2686,64.88,47.30743152923821
2687,29.069999999999997,21.15352348218157
2688,38.4,27.95531954367498
2689,27.84,20.247734351864658
2690,67.82,49.40999951754664
2691,33.84,24.602008936463907
2692,31.900000000000002,23.203379302302697
2693,83.9,61.18778423348998
2694,18.8,13.684487818253892
2695,47.54,34.56858192993416
2696,50.9,37.02901953235217
2697,20.92,15.231651245394938
2698,81.12,59.15502782488876
2699,57.43999999999999,41.77784705837075
2700,36.2,26.33386632060383
2701,39.84,28.995141456447104
2702,89.61,65.37043612469765
2703,88.33,64.43729472419194
2704,60.169999999999995,43.83940064785303
2705,21.47,15.629478544514674
2706,35.19,25.584515536760964
2707,8.8,6.399076532207026
2708,23.26,16.914229332178515
2709,34.19,24.915453115328816
2710,85.98,62.71732645955095
2711,81.83,59.640845833707345
2712,38.49,28.028306244160287
2713,89.06,64.96896613987722
2714,88.58,64.61930701664134
2715,27.35,19.88252166741467
2716,72.59,52.938283115961035
2717,86.89,63.382108555254
2718,68.07,49.6323070765083
2719,58.3,42.455370458046076
2720,63.43999999999999,46.17627957448014
2721,72.08,52.50845357312883
2722,22.55,16.40403605935196
2723,84.56,61.66049702109611
2724,80.8,58.93561895180583
2725,87.61,63.89906898998016
2726,68.07,49.55256299817581
2727,69.57,50.75194737276192
2728,83.03,60.49935543548875
2729,55.58,40.468539968825475
2730,59.55,43.37404908943378
2731,89.14,65.00508820981877
2732,69.94,50.94542480627389
2733,89.02,64.95982475368457
2734,85.09,62.035513446408906
2735,84.44,61.59292543442778
2736,14.810000000000002,10.770120201405177
2737,24.740000000000002,17.999229890439594
2738,56.05,40.873304317945816
2739,63.78,46.4323241915596
2740,84.9,61.922095252120265
2741,68.36,49.834278487293524
2742,69.96,50.93907816307281
2743,80.93,59.032876138219855
2744,79.86,58.27139719805502
2745,89.64,65.36756445372347
2746,88.43,64.50424197437195
2747,13.77,10.017271708628328
2748,37.09,26.989566048211096
2749,35.42,25.75964351472071
2750,60.42,44.03775212017672
2751,37.48,27.305865461120522
2752,43.76,31.84150535287076
2753,32.75,23.817429299084672
2754,8.15,5.926871963525834
2755,30.61,22.2846508989714
2756,48.45,35.26372994315316
2757,35.02,25.46691002627541
2758,49.75,36.200673625101096
2759,61.33,44.68904964279556
2760,88.39,64.48850244745667
2761,81.48,59.4421484536329
2762,87.64,63.917083694981464
2763,79.75,58.133253016910054
2764,94.58,68.99928071198717
2765,31.53,22.96185723188165
2766,83.46,60.863562987058096
2767,73.66,53.713157110603994
2768,40.32,29.338509811417413
2769,52.63,38.37195329058321
2770,52.89000000000001,38.52853582769374
2771,62.86000000000001,45.76567622388764
2772,30.13,21.9356035310214
2773,81.81,59.65994828663362
2774,37.65,27.43647798485318
2775,32.16,23.40412493421808
2776,58.08,42.264717680364015
2777,79.16,57.756240598360236
2778,57.27,41.76467188037816
2779,36.08,26.245441685243826
2780,57.29,41.77140647324284
2781,36.43,26.495523544178024
2782,89.79,65.36905664013956
2783,31.23,22.72477165657005
2784,69.1,50.38356467785573
2785,88.02,64.18576302581698
2786,91.94,67.06587690417058
2787,91.25,66.57649405415142
2788,33.83,24.61782832538769
2789,93.4,68.16235206352343
2790,88.65,64.51843462067137
2791,63.160000000000004,46.016857467643945
2792,78.39,57.17095245611789
2793,56.46,41.08528777041011
2794,73.78,53.78674662108684
2795,89.81,65.50182832107453
2796,89.52,65.30802154677423
2797,89.18,65.03017101248477
2798,38.49,28.007069502340517
2799,75.17,54.76192245394551
2800,38.22,27.801258100958727
2801,88.31,64.42127614557896
2802,53.7,39.115859605410186
2803,72.96,53.1304919538294
2804,29.99,21.812433556014795
2805,77.69,56.63207058333165
2806,84.88,61.9234630312163
2807,56.13999999999999,40.842273572364356
2808,30.96,22.557699538075216
2809,46.3,33.74299023704631
2810,60.68,44.15680292161844
2811,87.02,63.49016193415531
2812,53.40999999999999,38.835540167986196
2813,78.38,57.17505693076734
2814,24.400000000000002,17.763781336203742
2815,12.720000000000002,9.256782826142407
2816,64.72,47.1609595545441
2817,52.150000000000006,37.97844954047871
2818,59.18000000000001,43.06125595589549
2819,42.48,30.901517621602277
2820,56.160000000000004,40.85236296821535
2821,32.43,23.61896358970707
2822,80.2,58.487504595471805
2823,73.11,53.33659038078444
2824,49.13,35.716876821858264
2825,93.60000000000001,68.31067083672195
2826,86.75,63.28050147101342
2827,72.62,52.933926705982415
2828,24.17,17.599157343653886
2829,83.26,60.7081783423092
2830,76.12,55.51746599829531
2831,85.47,62.318263298627464
2832,28.27,20.557171545158926
2833,91.22,66.53140809717858
2834,89.53,65.32731675682759
2835,37.91,27.630985034753856
2836,69.93,50.99860403044551
2837,42.02,30.570581346248584
2838,33.32,24.268385063027427
2839,16.42,11.94594129434498
2840,8.96,6.517477326586347
2841,15.870000000000001,11.545775649323632
2842,41.02,29.853456771710547
2843,35.19,25.640447774137055
2844,41.7,30.33913094638786
2845,24.23,17.629605749598
2846,11.709999999999999,8.52025135974671
2847,40.8,29.690256622150688
2848,47.02,34.18888678434849
2849,89.65,65.38650257457469
