Instance,WS10M_RANGE_Actual,WS10M_RANGE_Predicted
1,3.8299999999999996,2.71979306921895
2,7.559999999999999,5.368710261906687
3,4.55,3.2315067389199466
4,4.1,2.911921640448678
5,3.8,2.6988748960154334
6,3.41,2.421860001394986
7,4.33,3.0753205555107757
8,4.74,3.366140394504175
9,2.74,1.9461618523854491
10,5.059999999999999,3.5937049000505077
11,4.04,2.8688677188666305
12,3.24,2.301131444234478
13,2.86,2.031226717650958
14,5.11,3.6292872426553537
15,3.3,2.3438068099746068
16,5.419999999999999,3.8492862958195477
17,4.82,3.4230666527146263
18,3.9900000000000007,2.8332994469060826
19,3.1,2.201696978876431
20,2.47,1.7542882644517082
21,3.64,2.5849433255773357
22,5.129999999999999,3.643372167892903
23,3.69,2.620511409338108
24,4.68,3.3238660366839197
25,3.05,2.1662406711614186
26,4.4,3.124989331808759
27,5.27,3.7429306823128368
28,4.65,3.3024237174031383
29,3.71,2.634936788831024
30,3.59,2.549716636034096
31,3.9,2.769955496370601
32,3.23,2.2939089747395
33,3.37,2.3932990460129284
34,4.73,3.3592489714598828
35,3.41,2.4217508793299793
36,5.279999999999999,3.7492494274668986
37,2.88,2.0455476159468255
38,2.75,1.9531797334739291
39,5.569999999999999,3.955460225151063
40,2.97,2.1094417709109896
41,3.28,2.32912823743268
42,5.41,3.8418220965934475
43,5.27,3.742680625231959
44,4.3,3.0540218797364025
45,4.26,3.025521234574991
46,3.49,2.478802252053849
47,2.75,1.9529129926772772
48,3.29,2.336396832387429
49,2.95,2.0952917957039072
50,3.85,2.734455958616357
51,2.42,1.7188864806857056
52,2.4,1.704335194178737
53,3.72,2.6418854642941207
54,4.23,3.003994274137875
55,3.7,2.6275950929296448
56,5.21,3.699912360459557
57,2.56,1.8179417416744081
58,2.53,1.796947924129812
59,3.55,2.5206447485238463
60,4.849999999999999,3.4443092164636755
61,3.0,2.1305369286760487
62,4.779999999999999,3.394496821724336
63,3.87,2.7481508605913585
64,4.45,3.159957446182892
65,4.17,2.9614512582957744
66,3.8299999999999996,2.7202303397972916
67,3.38,2.400668005109465
68,3.69,2.620097969969033
69,2.73,1.9389836041756607
70,3.56,2.528136898218132
71,5.9,4.190062931570066
72,4.33,3.0746637430736703
73,8.5,6.0360183068866995
74,4.26,3.0252907923505568
75,3.49,2.478889012550392
76,2.22,1.5768069941930052
77,3.63,2.5774240463662754
78,2.72,1.9318282537727525
79,3.8299999999999996,2.7197877083284667
80,4.72,3.352141996818884
81,3.62,2.5705415734907247
82,2.79,1.9812757439203772
83,5.44,3.863139327985018
84,4.8,3.408459859574111
85,3.87,2.7486805794121643
86,4.81,3.415862585531605
87,4.37,3.103807901246384
88,3.66,2.5989872038357404
89,3.45,2.4502420513439955
90,3.9,2.7698803516799195
91,4.95,3.514995325534881
92,5.78,4.104516963360907
93,2.51,1.7827371595309423
94,3.67,2.606431410591825
95,5.259999999999999,3.735876821960276
96,4.15,2.947445274805502
97,4.789999999999999,3.4019167191979958
98,4.13,2.9330825454011618
99,3.8299999999999996,2.7200206812143297
100,4.33,3.0748895140469137
101,3.63,2.5782205193957193
102,2.55,1.8107121303221885
103,4.03,2.861678796327413
104,4.9799999999999995,3.536562243283377
105,4.34,3.0820384268638157
106,4.86,3.4517152941138662
107,3.13,2.222657151160825
108,2.97,2.1093819192856564
109,5.449999999999999,3.8707145893125388
110,4.37,3.103779665580061
111,3.77,2.677571643951381
112,4.21,2.990003687452425
113,4.02,2.8551710572963285
114,3.86,2.7415705912344412
115,3.58,2.542493776946424
116,2.96,2.101988032003209
117,4.43,3.1463127401622293
118,4.29,3.0468934050190217
119,5.4,3.8344978241960432
120,4.07,2.890573217536918
121,3.72,2.6421212132421164
122,1.8,1.2784823959377611
123,3.42,2.4290212177274664
124,5.139999999999999,3.6498420067182504
125,4.03,2.862076985038693
126,5.059999999999999,3.5928277858025752
127,3.96,2.8121304258707345
128,3.84,2.727358647698662
129,4.49,3.188531639865288
130,5.359999999999999,3.806841265269248
131,5.449999999999999,3.870119720579336
132,3.11,2.2088788965507833
133,3.41,2.4214534374098826
134,4.94,3.5084864982439443
135,3.28,2.329547836098553
136,5.079999999999999,3.6078730103563785
137,2.98,2.1166822115349593
138,3.95,2.804957790297235
139,5.0,3.5506237370333977
140,3.11,2.208402072846271
141,4.72,3.352249463026632
142,4.969999999999999,3.529782471514884
143,1.9900000000000002,1.4131338454066635
144,4.35,3.0893546502462867
145,3.69,2.620361965061538
146,4.66,3.3090722215590778
147,4.44,3.152615092688237
148,2.75,1.953035441955009
149,5.49,3.8982848129715655
150,4.05,2.8758355736391494
151,3.56,2.528482690069864
152,3.81,2.7058093730343744
153,3.28,2.329056916680843
154,3.3,2.3436482464674357
155,5.369999999999999,3.8133339206862074
156,3.66,2.599237689825966
157,3.71,2.6350742570073256
158,4.59,3.2598646355549588
159,3.41,2.4214252033507684
160,4.1,2.911471861583303
161,3.96,2.811844085797567
162,2.25,1.598114949851028
163,3.33,2.365044024949946
164,1.61,1.143517518029344
165,3.7,2.6279201478436542
166,3.8900000000000006,2.7625990090815438
167,4.86,3.4517539633188585
168,3.06,2.173416015145965
169,3.56,2.5278090267248605
170,3.67,2.6064338217358274
171,4.11,2.9186975856281756
172,4.0,2.8407527633851726
173,4.699999999999999,3.3374100322550206
174,4.81,3.4156868291849354
175,4.37,3.1031764446585224
176,4.52,3.209676751885244
177,3.07,2.1800677011819496
178,3.78,2.6840326754878627
179,4.45,3.160462034247137
180,3.97,2.8191494309089196
181,3.81,2.7055803693801
182,2.57,1.8250520928268856
183,3.18,2.258137477602647
184,4.51,3.203172077976071
185,3.22,2.286948601981284
186,5.73,4.068580529572404
187,5.839999999999999,4.1471537399509755
188,5.47,3.8848352175934884
189,3.27,2.321995859607165
190,4.28,3.0396972447408843
191,3.79,2.6915524015172685
192,4.1,2.911741303432009
193,3.8900000000000006,2.7621702627844926
194,2.64,1.8749470527706333
195,4.56,3.2384724225771757
196,2.92,2.073853550883731
197,3.09,2.194562497035428
198,3.94,2.797542914629686
199,3.69,2.6205469700643094
200,3.67,2.606472895867889
201,2.02,1.4347588250968704
202,3.32,2.3576988860114643
203,2.58,1.8321806203984945
204,3.23,2.2937320811179847
205,3.45,2.4503267020398027
206,3.37,2.3931171442983663
207,4.45,3.1604600049467195
208,3.6,2.5569843764256786
209,2.67,1.896399592567323
210,2.7,1.9173257751449362
211,3.3,2.343349633001831
212,3.39,2.4073106091376006
213,6.19,4.395553943700681
214,2.73,1.9387442477041972
215,4.46,3.167720618453114
216,5.039999999999999,3.579561893297504
217,4.62,3.28079136244814
218,3.43,2.436132400486016
219,3.46,2.4574682066235187
220,4.61,3.2737052881637863
221,2.01,1.4276054948357577
222,4.56,3.238599864109474
223,4.3,3.053614804495087
224,3.5,2.4856330395703687
225,3.0,2.130445428687546
226,3.59,2.549431921523254
227,5.1899999999999995,3.6857121434566387
228,5.799999999999999,4.1190398354252
229,4.05,2.8760981109516077
230,3.55,2.5208016862478666
231,3.19,2.2656731034844007
232,6.05,4.2963925247167705
233,4.02,2.855161077901722
234,4.29,3.0467670969521077
235,2.27,1.6122845534766106
236,4.26,3.0253608052028373
237,2.7,1.9174041714335566
238,4.989999999999999,3.543631985029301
239,4.959999999999999,3.522341859835983
240,3.09,2.1946590709382994
241,4.13,2.9326951168426394
242,5.03,3.571903350570739
243,3.9,2.7700062819158644
244,2.95,2.0948319002253313
245,4.61,3.2740380446128152
246,3.07,2.180206450434674
247,3.36,2.3865316847220974
248,3.73,2.6489209517267
249,3.0,2.130496602398103
250,3.52,2.499576338884044
251,3.3,2.3432308437250167
252,2.38,1.6903831092583037
253,4.52,3.2096526926081665
254,3.24,2.3012102693036955
255,3.73,2.648683896190218
256,4.38,3.1108865017247544
257,5.4,3.834614726826653
258,3.81,2.7055357370682653
259,4.849999999999999,3.4438861816588164
260,2.94,2.0879494944591412
261,3.02,2.144766600710421
262,3.8900000000000006,2.7626251240574584
263,4.59,3.260148079392604
264,3.24,2.3008398585773007
265,4.09,2.9044448708870836
266,2.99,2.1235981774892854
267,2.74,1.9456499260399749
268,4.29,3.0469519683268005
269,2.96,2.1023118158850695
270,4.43,3.145857897188465
271,4.21,2.9896806382486334
272,4.83,3.4303800243055673
273,3.54,2.5140523521212086
274,4.11,2.919093560082659
275,4.26,3.025251053387303
276,4.92,3.493802931416844
277,4.51,3.2026138560337367
278,3.32,2.357819994018127
279,3.36,2.3860688293409633
280,2.55,1.8111073717376842
281,4.35,3.088778520610042
282,3.17,2.251322004927714
283,4.19,2.9754895730774202
284,3.9900000000000007,2.8337570440546984
285,3.41,2.4217434672242715
286,3.91,2.7767551631737555
287,3.48,2.471244603108863
288,4.929999999999999,3.501360376353011
289,5.23,3.7141780034451424
290,4.19,2.975423374045732
291,3.77,2.6775570562233217
292,3.31,2.350750435454383
293,4.04,2.8688997833340335
294,5.279999999999999,3.7492076373243544
295,4.24,3.0107248003815976
296,4.27,3.0327276875824776
297,4.5,3.1960141695641697
298,3.8900000000000006,2.7626388732646237
299,4.13,2.932928899920159
300,1.93,1.3708076875461543
301,4.26,3.0255001015439467
302,4.09,2.90482657460761
303,3.14,2.2301374280167803
304,3.31,2.350817123392203
305,5.71,4.054921232074125
306,4.51,3.2029054248007993
307,4.6,3.266750868235434
308,3.53,2.506713039322772
309,4.23,3.0041765315739473
310,3.8900000000000006,2.7620468328289376
311,2.47,1.7541322751213533
312,1.69,1.2001066629891224
313,4.49,3.188571747433237
314,4.63,3.288553618263935
315,3.38,2.4006237837835376
316,4.07,2.8902017355449248
317,4.34,3.081896581607475
318,5.039999999999999,3.578953955124105
319,5.69,4.040657420337405
320,3.9299999999999997,2.7906484603609205
321,4.52,3.209524380239905
322,3.55,2.520925936685719
323,3.47,2.464354651416842
324,4.01,2.8480886918243926
325,2.72,1.9316040775832366
326,3.12,2.215958960757576
327,2.93,2.081058039627138
328,4.07,2.8900166419266182
329,5.429999999999999,3.856426280772952
330,3.8199999999999994,2.713027525861443
331,4.01,2.8476313255819083
332,5.159999999999999,3.6645108201039798
333,3.19,2.265689256716095
334,4.749999999999999,3.3732417890871114
335,4.68,3.323457114254702
336,3.37,2.3932976286319856
337,4.28,3.0391234409966916
338,3.05,2.16572433340209
339,4.25,3.0185011048827257
340,3.5,2.4852715064572632
341,4.14,2.9398863274957345
342,3.03,2.1518691150544007
343,4.02,2.854843320899506
344,4.1,2.911827207454649
345,4.58,3.2524622920266246
346,4.3,3.0540558505801205
347,3.64,2.5846580967783197
348,3.6,2.5565250886436925
349,3.39,2.4076328230238255
350,3.67,2.6061741476262386
351,4.47,3.1741043375010043
352,3.39,2.407219799824027
353,3.01,2.137369003877257
354,2.99,2.1232558167779167
355,3.8299999999999996,2.719493258261597
356,3.44,2.443150997210161
357,3.11,2.2089072041823345
358,4.14,2.940385440857666
359,4.03,2.862215384238245
360,4.3,3.053452738393493
361,5.549999999999999,3.941432193399803
362,3.4,2.4144402719036426
363,2.31,1.6406605661696771
364,4.07,2.89068661755148
365,4.04,2.8694631569215954
366,4.49,3.189002494617532
367,4.52,3.210269197392859
368,3.32,2.3574238696475294
369,4.58,3.2523532124475234
370,3.59,2.5492809883222205
371,5.5,3.90571397123794
372,4.39,3.117920590481034
373,4.36,3.0965849610629848
374,5.059999999999999,3.593390229550607
375,5.419999999999999,3.8490810790119627
376,6.08,4.3177392184881445
377,3.84,2.7273230316608705
378,3.74,2.656225308308501
379,5.33,3.78464629716064
380,3.38,2.4005368937062603
381,4.33,3.0747504558464853
382,2.86,2.0309099707522145
383,4.8,3.4084203808729745
384,4.24,3.011158108278515
385,4.11,2.9189518477818037
386,4.47,3.174691029999773
387,3.15,2.2372946606670907
388,3.29,2.3364504211009636
389,2.76,1.9602539515783164
390,3.9900000000000007,2.833924429279514
391,4.57,3.245598263955957
392,4.83,3.4300922103976137
393,5.87,4.1685554895961845
394,4.48,3.181773116637544
395,4.64,3.294818316921727
396,4.54,3.2240945848987432
397,3.9800000000000004,2.826326809104214
398,3.69,2.620481111323107
399,4.06,2.8835466216857304
400,3.35,2.379151772487912
401,3.41,2.4219163701376054
402,3.96,2.8124467820042494
403,4.06,2.883598537865898
404,4.08,2.8970428243215425
405,3.9199999999999995,2.7836127676673956
406,4.02,2.854776754918078
407,3.52,2.4998067190884057
408,6.48,4.601431180853999
409,2.66,1.8888419798764031
410,4.03,2.861503591352149
411,3.74,2.6563773523645446
412,3.13,2.223083156197905
413,3.6,2.5565345853892514
414,3.62,2.57106488504592
415,3.53,2.506592491404193
416,1.9400000000000002,1.3779086684605537
417,4.23,3.0036222177115564
418,5.429999999999999,3.8563132269484663
419,4.6,3.2661071408683933
420,1.35,0.9588486561958225
421,2.93,2.0809758662478575
422,4.04,2.868849048614324
423,4.86,3.4512958916908882
424,2.87,2.0382828741374066
425,3.65,2.591972108777547
426,4.67,3.316628160343055
427,2.77,1.967142981005003
428,2.63,1.8679341995786392
429,3.59,2.5493164800066777
430,4.04,2.8693358257565893
431,5.459999999999999,3.8778009451622406
432,3.32,2.3578259126531234
433,3.04,2.1586821537701537
434,3.63,2.577809651334584
435,4.23,3.0039470441367837
436,3.11,2.2089556864320063
437,2.87,2.0384465190259036
438,5.09,3.6151325183685143
439,3.46,2.4574431406054615
440,4.95,3.515434728476962
441,3.9,2.7694595514230285
442,4.01,2.847975717461209
443,3.9900000000000007,2.833198495977976
444,3.8800000000000003,2.7551524903225046
445,2.5,1.7751456743205165
446,2.57,1.8252866760183195
447,3.41,2.4219309087089673
448,2.38,1.6902806881714112
449,3.64,2.585473226885934
450,3.63,2.5777083431934993
451,4.48,3.181760973579148
452,2.57,1.8250249368522329
453,5.15,3.6576761228826014
454,3.9,2.769876654360464
455,4.52,3.209606368293629
456,4.54,3.224222297517154
457,3.04,2.1590767619276727
458,3.1,2.201330123353804
459,2.85,2.024180177171935
460,3.78,2.6847979624582963
461,3.95,2.804879462199534
462,3.9800000000000004,2.826092994244224
463,2.3,1.6335945901149682
464,3.28,2.329438565518254
465,5.38,3.8204671926961793
466,4.16,2.954769635117794
467,3.32,2.3581323483678203
468,4.3,3.0533218126801387
469,4.839999999999999,3.437440594797436
470,6.75,4.793551305098363
471,5.79,4.112237887571213
472,5.159999999999999,3.6639921916469733
473,6.17,4.381527031477358
474,3.61,2.563921463639017
475,3.81,2.705438988123316
476,2.68,1.9031459602425245
477,4.63,3.2884615125639787
478,2.06,1.462933947154197
479,4.8999999999999995,3.4797132492011262
480,5.549999999999999,3.9416544566239677
481,3.68,2.613701956468668
482,5.659999999999999,4.019438076230339
483,2.81,1.9956723222981956
484,3.55,2.52117935791259
485,4.59,3.2592132627703165
486,3.54,2.513898722528893
487,3.1,2.2013526663592176
488,2.94,2.088063134655326
489,4.86,3.4514738675155225
490,3.28,2.329552609739331
491,2.7,1.9175414359551959
492,3.02,2.1448277462409684
493,4.66,3.3096618581815975
494,3.11,2.208501866402452
495,4.58,3.252236721613686
496,3.7,2.6279053307315285
497,3.59,2.5492310647585947
498,2.24,1.5907853831140613
499,4.15,2.9471505329367336
500,2.97,2.1092581889366824
501,4.52,3.2097381447589792
502,4.01,2.847495185596115
503,3.04,2.1591602367431135
504,4.91,3.4871270709312743
505,5.019999999999999,3.5647501087948252
506,3.42,2.428482775032844
507,3.16,2.244102171773887
508,3.48,2.4715280411079403
509,3.86,2.741159477316523
510,3.59,2.549634083800262
511,5.47,3.884411268005172
512,3.38,2.4006792902985468
513,3.23,2.293904151853981
514,4.14,2.940106670481362
515,3.51,2.492597103005462
516,2.64,1.8747964698926263
517,4.52,3.209752457259615
518,3.8299999999999996,2.7199611020046177
519,5.27,3.7428582948936215
520,4.15,2.9473310519229448
521,3.53,2.5069010148627333
522,3.61,2.5635736930762714
523,3.9900000000000007,2.8338261529124162
524,2.96,2.102049169508201
525,3.34,2.3721323097455462
526,4.23,3.004216245525425
527,4.24,3.01114500759675
528,5.859999999999999,4.1615661405586355
529,3.19,2.2653571448622647
530,3.39,2.4075441255381107
531,2.94,2.08809905034433
532,3.62,2.5706290769572675
533,3.42,2.4287077109591437
534,3.57,2.535238802016631
535,5.73,4.069294313739808
536,4.52,3.2102214155053845
537,5.079999999999999,3.6080198935414116
538,4.16,2.954165229605945
539,2.85,2.0239797884206276
540,3.9900000000000007,2.833405717066538
541,3.53,2.5065784370631388
542,3.07,2.180414542192225
543,4.08,2.8977577906613208
544,4.37,3.103618239837494
545,4.02,2.85503446386231
546,3.47,2.464535424543178
547,5.169999999999999,3.6716281109082027
548,4.44,3.152727259544234
549,3.28,2.3291841173256396
550,5.339999999999999,3.7926073570055547
551,4.72,3.3523000814779085
552,5.139999999999999,3.650486066601502
553,5.78,4.1044580875893475
554,3.15,2.2368435484866334
555,4.1,2.9119928148651697
556,2.73,1.9387674748481634
557,3.73,2.648830959991248
558,2.16,1.533720617110602
559,3.9900000000000007,2.833398789525577
560,5.249999999999999,3.7283633774608025
561,3.71,2.6349577840967298
562,4.879999999999999,3.4652801758745704
563,2.36,1.675974652643195
564,3.28,2.329080848918498
565,5.59,3.9699513803829074
566,3.57,2.535582518817955
567,4.41,3.1321744733812427
568,3.9199999999999995,2.783842554877907
569,4.839999999999999,3.4367529387861473
570,4.19,2.9757085554735228
571,3.54,2.5137332281580393
572,3.14,2.2299089520032793
573,3.8299999999999996,2.72009163860152
574,4.71,3.3452686875634354
575,2.95,2.0952484326093996
576,2.91,2.0666752023214254
577,3.38,2.400255341652045
578,5.38,3.82074593572194
579,3.47,2.464148307390197
580,4.41,3.1318458168572803
581,4.38,3.1107927250744005
582,5.2,3.692761428331929
583,4.25,3.0183504194850066
584,3.71,2.6347280422811323
585,2.85,2.0237811242636616
586,3.71,2.6349917572167083
587,3.48,2.471821119743351
588,4.22,2.9967824648880113
589,5.519999999999999,3.9197277528646994
590,3.27,2.3223781437470836
591,4.56,3.2383298672952705
592,4.83,3.4303278052514887
593,4.74,3.3665134009059114
594,3.08,2.1869286030699326
595,5.0,3.5507195564236853
596,2.27,1.6122860860983166
597,4.52,3.209630639241007
598,3.72,2.641508157989381
599,4.55,3.231508578677224
600,3.2,2.2727629507466363
601,4.23,3.0041713535545167
602,5.59,3.9700392538293965
603,2.89,2.0520997536679846
604,3.38,2.400397754929905
605,2.06,1.4629286640930794
606,4.789999999999999,3.4013951436769134
607,3.68,2.613546646736516
608,3.35,2.3789366728695858
609,2.74,1.9461234870785198
610,5.159999999999999,3.664661656113211
611,3.53,2.5069682322008817
612,5.129999999999999,3.6426731391455633
613,4.929999999999999,3.5013737554744058
614,3.07,2.180138238801836
615,4.42,3.138975455440656
616,3.08,2.187410142921282
617,4.82,3.4227384051403367
618,4.58,3.2523858611731464
619,3.12,2.215974607659116
620,3.1,2.201435598150572
621,3.58,2.5427805607467224
622,3.11,2.208751897851422
623,2.33,1.6548013861321882
624,4.4,3.124973628616016
625,4.53,3.217361059174701
626,3.71,2.63512368538528
627,4.91,3.4866705721140874
628,4.06,2.883579302546416
629,3.8900000000000006,2.7627599365956375
630,2.88,2.0454328182775523
631,4.11,2.9190357014073864
632,2.86,2.0313568417453363
633,3.24,2.3007810995624216
634,5.03,3.5719865253361682
635,3.9800000000000004,2.82610884654295
636,2.48,1.7614652882410657
637,3.78,2.6846781535526043
638,5.599999999999999,3.9770276702694383
639,3.8800000000000003,2.7551900978232693
640,2.75,1.9528298517578722
641,3.55,2.521043091475846
642,3.8,2.698457394855301
643,2.93,2.080775723918755
644,2.24,1.5907626943449706
645,3.52,2.500077068781139
646,3.74,2.6556755652307933
647,3.28,2.329563125694721
648,3.4,2.414919100787308
649,2.15,1.5267952789601182
650,4.05,2.8761434741341456
651,3.4,2.4148418686005146
652,3.13,2.2228880106785245
653,3.91,2.776526569345045
654,1.75,1.2428132335250786
655,3.18,2.25857258951198
656,3.8800000000000003,2.7556595376417223
657,3.57,2.5350621418137367
658,5.419999999999999,3.8495228092866554
659,4.849999999999999,3.444378266866731
660,3.61,2.563926859402714
661,3.37,2.393034053594287
662,3.8299999999999996,2.72026468408843
663,2.94,2.087785726529658
664,4.01,2.8480383841471153
665,3.91,2.776420185074962
666,4.02,2.855147198403076
667,4.15,2.9474855564344877
668,4.46,3.1673226783348674
669,4.23,3.0038307774073862
670,2.52,1.7895750360053282
671,2.95,2.094831260298249
672,3.03,2.1517521164784883
673,4.16,2.954586578260824
674,2.27,1.6120605929925251
675,2.4,1.7043010865271948
676,5.349999999999999,3.799818206691216
677,3.24,2.3007203778823895
678,3.07,2.180210531262826
679,3.5,2.4855746050592127
680,4.67,3.316632136200765
681,2.33,1.6548370061436901
682,3.71,2.634912662979055
683,4.769999999999999,3.3877099899864356
684,4.32,3.0678686361641794
685,4.91,3.487185557802394
686,3.85,2.733976071464118
687,4.24,3.0114571074375327
688,3.48,2.471368632362498
689,4.07,2.8906892986855666
690,3.47,2.4644346804784028
691,4.94,3.507895114011864
692,4.989999999999999,3.5436003911589378
693,5.889999999999999,4.182300267764689
694,3.3,2.3435501175669033
695,2.81,1.9956291392438443
696,4.73,3.358844457306189
697,4.37,3.103820235836212
698,4.39,3.1172827971078076
699,3.37,2.393478934914599
700,2.38,1.6904103804045696
701,4.4,3.1249435729315347
702,5.4,3.835335308296796
703,4.06,2.88330050486122
704,2.9,2.0597866443634874
705,4.71,3.3445230318301604
706,4.17,2.961653265773983
707,2.79,1.9815932369245097
708,3.56,2.527942624987052
709,4.03,2.8618359814011547
710,3.49,2.478452619706969
711,4.849999999999999,3.4445673305522058
712,4.01,2.8479212620655647
713,3.23,2.2935178977846054
714,5.929999999999999,4.211724841629114
715,4.42,3.139262289337449
716,5.259999999999999,3.7355173874606993
717,3.75,2.663477910012228
718,2.35,1.668710220558552
719,4.959999999999999,3.522070857653335
720,3.51,2.492915223614763
721,3.36,2.3864452909020546
722,4.08,2.897854205933062
723,3.59,2.549683586760486
724,3.97,2.8194009296684523
725,4.24,3.0107471582350662
726,3.35,2.3793020452935147
727,4.749999999999999,3.3732494392522034
728,3.03,2.152090532396904
729,3.72,2.6420279649996607
730,4.22,2.9967352966578438
731,3.9199999999999995,2.7840579270961174
732,4.4,3.1247208373332263
733,4.14,2.9400124571064468
734,5.039999999999999,3.579582966164127
735,3.67,2.6065249083295297
736,3.17,2.2514054313145504
737,2.54,1.8036835151907946
738,2.68,1.903159542788183
739,3.81,2.7056694431400246
740,4.47,3.1747977756504415
741,4.29,3.046793835752212
742,2.37,1.6831923081069262
743,3.45,2.4504021135816365
744,5.159999999999999,3.6647835966972084
745,4.63,3.2883665156670303
746,3.33,2.3645483839477377
747,3.68,2.6136542185099985
748,4.18,2.9682450861803877
749,3.21,2.2792309349606867
750,3.48,2.471497137115353
751,4.869999999999999,3.4582952135339045
752,2.96,2.1018356470706006
753,5.1,3.621867625775138
754,4.36,3.0959946992210186
755,4.53,3.21707873070386
756,4.879999999999999,3.4658461620333094
757,4.91,3.4871222381126574
758,2.83,2.009856165292821
759,4.18,2.9684487440348852
760,3.48,2.4711899670333977
761,4.31,3.061041329336329
762,4.25,3.0183701770887
763,2.8,1.988567015829488
764,4.3,3.053563303272654
765,5.18,3.6786139681790977
766,2.77,1.9672437148738846
767,3.34,2.3717498374012655
768,4.74,3.366401159335609
769,4.62,3.281266599452921
770,5.24,3.721702965017139
771,3.23,2.2941112311289618
772,3.34,2.3718497172329465
773,3.66,2.598883186077564
774,4.16,2.9542425824833285
775,3.08,2.187155605553048
776,2.57,1.8252271592366907
777,3.35,2.3794042217664955
778,3.18,2.258615149389937
779,3.67,2.606158402698555
780,2.42,1.718784392767853
781,2.74,1.9460270016420282
782,3.79,2.6914585278423115
783,4.62,3.2804222726425865
784,3.96,2.8125384651908427
785,5.129999999999999,3.643031960452451
786,3.96,2.8124826249787103
787,2.91,2.066788216965126
788,4.41,3.13147641066328
789,2.92,2.0738402254027437
790,5.859999999999999,4.161483874419811
791,3.21,2.2795085107945847
792,3.1,2.201568758477682
793,4.15,2.9473969588944104
794,3.43,2.435725613880621
795,4.42,3.1391797870747826
796,4.68,3.323393466313447
797,3.78,2.6844105424118494
798,3.58,2.542311570968218
799,3.56,2.5283984573788065
800,3.84,2.727283999452735
801,4.2,2.982476173549597
802,3.51,2.4928819026157196
803,3.22,2.2869092182002464
804,4.989999999999999,3.543707392033716
805,4.72,3.3523851177199173
806,2.14,1.5197278464195736
807,4.22,2.9966879095498204
808,3.68,2.6137848112311226
809,3.8800000000000003,2.755819277657051
810,4.879999999999999,3.465998853497577
811,4.21,2.990115735927982
812,5.15,3.6572628154208235
813,3.34,2.3722855199907817
814,3.58,2.542169972133675
815,3.56,2.528501057002074
816,3.84,2.7270544662663205
817,4.32,3.068172555717153
818,4.18,2.968237797186909
819,2.12,1.5057351009758253
820,3.5,2.4857738760011396
821,2.69,1.9105075356061936
822,4.07,2.89069775094771
823,4.5,3.1958521796930643
824,2.38,1.6903920894676538
825,5.33,3.7855798390624384
826,3.77,2.677616562630611
827,3.35,2.3792465462351626
828,3.13,2.2230392172194158
829,5.069999999999999,3.6006508861691575
830,4.31,3.0604980647325286
831,3.57,2.535456581151191
832,2.43,1.7257340477499987
833,4.94,3.5083360971000372
834,3.45,2.4497845113177763
835,2.57,1.8253325494314703
836,3.58,2.542710163056566
837,4.19,2.975660500930256
838,3.36,2.386295855024643
839,2.66,1.888916703655206
840,3.77,2.677539450773759
841,4.68,3.3238394826589435
842,5.039999999999999,3.578973111601788
843,4.42,3.139015523228175
844,3.8,2.6989181586377735
845,5.87,4.168977158520387
846,3.91,2.7768089087436274
847,4.779999999999999,3.3948856627078157
848,4.68,3.3234627091203053
849,3.06,2.1731915604909826
850,3.9800000000000004,2.8266841581017634
851,3.51,2.492922166845125
852,3.44,2.443081353811109
853,4.04,2.8693516295236754
854,5.049999999999999,3.5864253991560755
855,3.61,2.5633476854210224
856,4.02,2.854721653886555
857,4.57,3.245239904135549
858,2.19,1.5554712807773012
859,4.929999999999999,3.501339146616472
860,2.87,2.0380347702017905
861,2.01,1.4272722191847358
862,3.34,2.371997660203652
863,4.14,2.940414164237406
864,2.36,1.6760392448129895
865,2.26,1.6051736660443738
866,4.74,3.366528825220422
867,3.22,2.287040620098067
868,4.26,3.0252655451690322
869,3.68,2.6136543132767174
870,2.33,1.654662692808345
871,2.99,2.1235516564861507
872,4.66,3.309100028366614
873,4.72,3.352127587977194
874,3.97,2.8192265243524104
875,4.769999999999999,3.3872564578346758
876,2.84,2.016998812222083
877,3.5,2.485573133582138
878,3.64,2.5847703388105145
879,3.35,2.3792687070162906
880,3.23,2.294003490708484
881,1.9900000000000002,1.413368022703952
882,3.07,2.1801371539304895
883,3.96,2.8118097256719325
884,2.84,2.016770930826452
885,5.91,4.197194022295522
886,3.69,2.6203266215344834
887,3.96,2.812616944351842
888,4.39,3.117791399730209
889,4.06,2.8833493670169266
890,3.57,2.535607602116296
891,2.43,1.7257008054579879
892,3.06,2.173360248332404
893,5.279999999999999,3.749783017010284
894,5.419999999999999,3.8488624940384715
895,3.12,2.2157152474902913
896,3.33,2.364633751717973
897,4.37,3.102908196968799
898,2.75,1.9528195399600838
899,3.1,2.201702404127893
900,3.07,2.1804735684311756
901,4.39,3.1177919132544085
902,4.969999999999999,3.5296333412477128
903,4.55,3.231581575003689
904,3.39,2.4075148049357993
905,1.62,1.1505669127461855
906,4.21,2.9899172722975322
907,3.95,2.8050648299177645
908,4.41,3.131712445524384
909,3.36,2.3864949187936695
910,4.82,3.4226979139126064
911,3.78,2.6847175501646614
912,4.28,3.039324833794728
913,3.95,2.8053230552371837
914,4.25,3.0184965545104396
915,4.9799999999999995,3.536427602814274
916,1.34,0.9517029567066038
917,3.16,2.243963131847799
918,2.42,1.7185809894631778
919,3.44,2.4426775591697045
920,3.55,2.521204229870317
921,4.48,3.1818684535237765
922,8.06,5.723446967547322
923,4.17,2.961227408993463
924,4.28,3.0397163088347163
925,2.18,1.5481906686717433
926,5.259999999999999,3.7351966730223016
927,4.29,3.04624978693689
928,2.41,1.7113521502998836
929,2.87,2.038161946997035
930,5.889999999999999,4.182951400485041
931,4.65,3.3025922345056036
932,3.57,2.5349655781315557
933,3.8900000000000006,2.7625970182258133
934,3.25,2.308188945281896
935,4.71,3.344693465390716
936,3.63,2.5778572944728486
937,6.06,4.303670841079674
938,4.02,2.854929153559642
939,3.8299999999999996,2.7202138509469242
940,2.07,1.4700175090653476
941,3.53,2.5071683569838674
942,5.049999999999999,3.586525940480484
943,4.18,2.9680041342246564
944,2.97,2.1091432813455033
945,2.86,2.0312398722621663
946,5.929999999999999,4.210993038043039
947,4.0,2.840449259843275
948,4.789999999999999,3.4013968064116287
949,4.31,3.061121299345083
950,3.26,2.314956759571574
951,4.749999999999999,3.3731410549807186
952,3.67,2.6067294285239835
953,8.17,5.801817370007664
954,3.28,2.3295928589104986
955,4.83,3.429748214709517
956,5.159999999999999,3.6641704230455434
957,3.08,2.187513203802417
958,3.95,2.805222401884728
959,5.659999999999999,4.019298575961664
960,4.09,2.904999699875309
961,5.049999999999999,3.5868625906799756
962,3.74,2.6561936708760445
963,2.98,2.1166404967158683
964,4.17,2.961742214864083
965,3.19,2.2657250854140973
966,4.5,3.1960244900557364
967,1.36,0.9660076071474628
968,4.26,3.0253077524905203
969,4.41,3.131490609861531
970,3.24,2.301217092399474
971,3.94,2.7978720278621094
972,4.49,3.1888347796358487
973,3.27,2.3223057304826873
974,3.48,2.471691862951616
975,6.86,4.871379216359076
976,4.33,3.0748586170885246
977,4.26,3.025192087920701
978,3.3,2.3438040124509434
979,3.95,2.8050543689914016
980,4.19,2.975914727802161
981,4.91,3.486896805504994
982,3.63,2.5778166287962967
983,3.63,2.578149483837332
984,4.63,3.28789483205462
985,5.2,3.692999546299191
986,3.52,2.4995335825673943
987,4.26,3.025544213301238
988,3.64,2.585156522337653
989,5.7,4.048278295888552
990,4.5,3.196036533436655
991,3.9900000000000007,2.833815769022593
992,5.259999999999999,3.7356378303711812
993,4.8999999999999995,3.480059546470455
994,4.07,2.890139462343137
995,3.34,2.371662251245992
996,4.91,3.4868347019862074
997,4.36,3.0960429382320105
998,3.41,2.4220226247151877
999,3.18,2.258003683550401
1000,4.57,3.2453263754275015
1001,3.29,2.3366737091179632
1002,4.71,3.3451548023825675
1003,4.48,3.1815109896734945
1004,4.1,2.9116049660437375
1005,3.74,2.6563287207421546
1006,4.07,2.890640941895626
1007,3.68,2.613240746345902
1008,4.699999999999999,3.3378991199491264
1009,4.21,2.989501604519202
1010,3.9800000000000004,2.8259494137704735
1011,3.45,2.4500002067055484
1012,2.99,2.123338188349526
1013,4.41,3.131505099430153
1014,3.79,2.691863807807127
1015,3.51,2.4924198551064674
1016,3.66,2.599551758940655
1017,4.39,3.1177443612418423
1018,3.72,2.6415236986587787
1019,2.77,1.967345281605794
1020,3.36,2.386292067847923
1021,4.68,3.3235107353580866
1022,2.71,1.9244983846685995
1023,2.4,1.7042998576048218
1024,5.73,4.069537141623681
1025,4.02,2.8548697367649893
1026,4.05,2.876222106375014
1027,5.39,3.8274690236585713
1028,2.6,1.8465201812658874
1029,4.82,3.4226575085026387
1030,5.91,4.19721521409507
1031,2.33,1.6546052109930778
1032,4.8999999999999995,3.479721305000014
1033,2.46,1.7469862796198758
1034,4.06,2.8835955298663176
1035,3.08,2.1875609279838266
1036,2.9,2.0597757249927477
1037,1.9,1.3494251990528388
1038,2.56,1.8182410775140805
1039,1.92,1.3636597082833226
1040,3.38,2.4002222615873237
1041,3.6,2.5568502265560955
1042,3.97,2.819501507046933
1043,3.19,2.2655053637234106
1044,4.49,3.189050486994087
1045,2.95,2.095065392861985
1046,3.57,2.5349920619989703
1047,4.38,3.110884209217066
1048,3.63,2.5774787946606628
1049,5.459999999999999,3.8772463333387273
1050,2.62,1.8605609750113796
1051,3.42,2.4287632608075542
1052,3.55,2.5210628191164988
1053,4.36,3.0967126764275577
1054,4.18,2.968330181609009
1055,2.93,2.0807385137300605
1056,4.42,3.139051990711411
1057,4.779999999999999,3.3946468702541437
1058,2.75,1.9527893619300727
1059,2.35,1.6691392161540657
1060,5.0,3.5512067755742383
1061,4.02,2.85458723719486
1062,3.07,2.180212700876354
1063,3.69,2.6203765695797934
1064,3.86,2.741453826003453
1065,2.83,2.0099023995013745
1066,4.51,3.2030798176354223
1067,3.58,2.5426308162981925
1068,3.45,2.4504437141973767
1069,3.46,2.4575481248508524
1070,3.95,2.8056318538732934
1071,2.92,2.0736877270782808
1072,4.23,3.0040206014800948
1073,2.89,2.0525770880800205
1074,3.8900000000000006,2.7627813137116024
1075,5.73,4.0698719895944
1076,2.89,2.052630627704059
1077,5.419999999999999,3.849190072976726
1078,5.739999999999999,4.075913524104222
1079,4.11,2.9184977062404487
1080,5.309999999999999,3.7711460393401075
1081,2.96,2.1020670699634882
1082,5.809999999999999,4.12586947748803
1083,4.8,3.408645711205993
1084,4.959999999999999,3.5222522176748234
1085,5.18,3.678785058698493
1086,4.52,3.2099851335363283
1087,3.9900000000000007,2.8338855272610504
1088,3.39,2.407292562170443
1089,2.64,1.8749884578614124
1090,2.25,1.5981142025420159
1091,4.58,3.2523466611972105
1092,3.65,2.591944732768433
1093,1.79,1.27131154906473
1094,3.64,2.584801538421498
1095,5.44,3.863401969670584
1096,3.95,2.805092442370801
1097,4.3,3.053570891146681
1098,3.19,2.265807703079507
1099,3.08,2.187196125788895
1100,3.04,2.1588797178826757
1101,1.93,1.3707658603907453
1102,4.11,2.919016531323407
1103,3.69,2.620465529296872
1104,3.03,2.151851006798874
1105,2.49,1.7683993150493649
1106,2.93,2.081022043245741
1107,3.8199999999999994,2.713078733731955
1108,5.79,4.111227172524196
1109,2.43,1.7258843331331846
1110,4.47,3.1740612025433435
1111,4.91,3.4875445675171504
1112,4.46,3.1667697517347184
1113,3.54,2.5143151662831267
1114,5.719999999999999,4.062253337140054
1115,3.29,2.3365790290566815
1116,3.57,2.535149290404882
1117,4.63,3.2879709098208414
1118,5.169999999999999,3.6718821903966474
1119,4.699999999999999,3.337844673719749
1120,3.9,2.7697267988582945
1121,3.3,2.343618172479775
1122,3.8,2.6984550514490153
1123,4.22,2.9967034746554027
1124,4.51,3.203071923509421
1125,2.84,2.0169765553280246
1126,4.95,3.515114051910115
1127,3.95,2.805362524322904
1128,3.6,2.5568204201092493
1129,4.09,2.904804353399222
1130,4.01,2.8479533669494295
1131,4.62,3.2812601414408524
1132,5.139999999999999,3.650209154768088
1133,4.9799999999999995,3.5365662311105446
1134,2.06,1.462874170422095
1135,3.35,2.3788629381094717
1136,5.77,4.097505057943495
1137,3.33,2.364661722298527
1138,2.68,1.9031801696909563
1139,4.46,3.167609851295314
1140,5.09,3.6146009128330476
1141,3.96,2.8125135359408127
1142,3.67,2.6064493527944834
1143,4.699999999999999,3.337972316492913
1144,2.64,1.875017117245794
1145,4.64,3.295160772026351
1146,3.9199999999999995,2.7841368618151803
1147,3.75,2.663027560950505
1148,3.43,2.435652633136307
1149,3.48,2.4716568009204476
1150,3.37,2.3934060293211705
1151,5.829999999999999,4.14042495124039
1152,4.929999999999999,3.500790193397995
1153,4.66,3.3092843565526224
1154,4.32,3.0683341806007927
1155,4.35,3.088801291987266
1156,3.49,2.478445963220486
1157,2.43,1.7256646881660298
1158,4.57,3.2453881787084464
1159,3.53,2.506572833667199
1160,4.55,3.2314712985854976
1161,3.28,2.329677438940792
1162,4.24,3.011151406411788
1163,5.309999999999999,3.7711319106202192
1164,3.9199999999999995,2.783740099681642
1165,5.069999999999999,3.6002644117450844
1166,4.3,3.0539366595697457
1167,4.48,3.181217398613458
1168,3.16,2.2443807520644956
1169,2.96,2.1021785281225784
1170,4.46,3.1669809125645627
1171,2.76,1.9603566941207677
1172,3.94,2.7976069755718505
1173,3.79,2.691908464224338
1174,4.55,3.231591948927509
1175,5.219999999999999,3.707019130270048
1176,4.06,2.883102466903512
1177,3.78,2.6846395269682906
1178,3.33,2.3647104082834094
1179,5.1899999999999995,3.685445584519861
1180,4.54,3.2237914415224087
1181,3.8,2.6985456336719253
1182,3.41,2.421386349940444
1183,3.44,2.4427159997618912
1184,4.56,3.238565832869841
1185,1.92,1.3636873277303818
1186,4.82,3.422918026448175
1187,6.38,4.531354061866807
1188,4.43,3.1462869583792994
1189,3.76,2.6701944689244055
1190,5.77,4.09754341376788
1191,3.25,2.3084101161293122
1192,5.59,3.9696687296946234
1193,4.0,2.840867967150254
1194,3.27,2.3224982744084186
1195,3.73,2.6490899293311836
1196,6.16,4.374168033857511
1197,3.85,2.7343638376795503
1198,4.749999999999999,3.373669978702985
1199,4.46,3.1676275955280797
1200,2.75,1.9529317550868581
1201,4.06,2.883485312713621
1202,4.52,3.2103131490259886
1203,4.59,3.2599558837957385
1204,4.59,3.2600580575597116
1205,3.27,2.322072583840502
1206,4.6,3.266310635787872
1207,4.32,3.0678970726011223
1208,3.9900000000000007,2.8336061935622903
1209,4.929999999999999,3.5010629989315567
1210,4.07,2.8899900880335427
1211,2.82,2.002597839921527
1212,4.62,3.28092500783303
1213,4.0,2.8404746593253107
1214,4.23,3.0038306933014827
1215,4.74,3.365793891623299
1216,4.83,3.429676867537219
1217,4.759999999999999,3.3803829474723655
1218,4.13,2.9327274708597977
1219,3.62,2.570762875010836
1220,3.6,2.5566796085570216
1221,2.88,2.0451081713759445
1222,4.89,3.473111418134797
1223,4.03,2.862411965835836
1224,6.499999999999999,4.615887493969036
1225,4.25,3.0184681723541886
1226,2.73,1.9389750274520816
1227,5.21,3.7000978312680997
1228,5.129999999999999,3.6432887886980234
1229,3.14,2.229823158025123
1230,5.47,3.8847768696593956
1231,6.08,4.3177302322685405
1232,3.38,2.4001702736668573
1233,3.58,2.5422114809720067
1234,4.27,3.0326129047736576
1235,3.12,2.215919843290961
1236,3.16,2.2444296525825287
1237,4.29,3.0467257365805835
1238,4.01,2.847932009425201
1239,5.449999999999999,3.870693899221678
1240,5.1,3.621284663558946
1241,3.74,2.6559284459136516
1242,3.41,2.421672775341607
1243,4.01,2.8478725155620688
1244,3.76,2.669901831192403
1245,4.15,2.947594131859187
1246,3.8900000000000006,2.7627822491284033
1247,4.5,3.1955725863225135
1248,5.259999999999999,3.735512448390086
1249,4.23,3.003983243800031
1250,3.67,2.6065766827285732
1251,3.55,2.5210404886339988
1252,2.86,2.0313950001810674
1253,4.81,3.4164080854202292
1254,3.85,2.734421000587501
1255,3.9,2.770059621231628
1256,3.37,2.393101411097345
1257,1.72,1.2216378102325125
1258,4.879999999999999,3.465815962592489
1259,4.57,3.2451886376378978
1260,2.85,2.02386532563364
1261,3.07,2.1800731785269494
1262,3.94,2.7978620625329444
1263,3.9199999999999995,2.783552522716962
1264,3.96,2.8124416310182605
1265,5.1899999999999995,3.6857985689490245
1266,2.89,2.0523078816473626
1267,5.23,3.7140222877136373
1268,3.2,2.2722937690427822
1269,2.36,1.6761283322943006
1270,3.66,2.5989238074251237
1271,4.04,2.8693770161967875
1272,2.62,1.8608070713158313
1273,3.73,2.6487265605287162
1274,3.21,2.2793852844323617
1275,5.259999999999999,3.73562403340847
1276,3.13,2.2230962902197438
1277,4.48,3.1817976539193307
1278,2.88,2.045496702194917
1279,3.73,2.6490125673693536
1280,4.34,3.0819260594565314
1281,5.249999999999999,3.7287082740949273
1282,7.169999999999999,5.091598963231025
1283,4.47,3.1744983233694657
1284,4.0,2.8409119861960836
1285,3.17,2.2511779054657324
1286,4.45,3.159837089313544
1287,5.71,4.054931574869168
1288,4.91,3.48728449397894
1289,4.09,2.9041528879274257
1290,3.81,2.7059588060226174
1291,5.279999999999999,3.7496314610268935
1292,3.14,2.230072809471557
1293,4.83,3.4300059109893826
1294,3.58,2.5426229916234
1295,4.42,3.1393597741545416
1296,2.27,1.6122160606108351
1297,3.27,2.3221491106202548
1298,3.9299999999999997,2.7911760477777587
1299,3.6,2.5567179634016215
1300,4.42,3.138481219919651
1301,5.259999999999999,3.735360564620879
1302,4.26,3.025665487354623
1303,5.429999999999999,3.8560101142967405
1304,3.57,2.535097289276587
1305,4.27,3.0327393973525165
1306,3.46,2.4569571151169565
1307,5.67,4.02659923776022
1308,4.869999999999999,3.4588162464560157
1309,4.03,2.8615860251478207
1310,1.88,1.335160773074111
1311,5.18,3.6790025189801008
1312,3.72,2.642062307591562
1313,3.07,2.180033316327712
1314,3.33,2.3647318751634474
1315,3.55,2.5208477380854637
1316,2.94,2.087992649024234
1317,4.16,2.9543099438192084
1318,5.47,3.884860574579173
1319,3.63,2.5781318826008035
1320,4.29,3.0463469437959505
1321,4.1,2.911882156176461
1322,5.429999999999999,3.856095047588653
1323,3.85,2.7339698858749375
1324,2.3,1.6333535880795236
1325,4.21,2.9900615985208505
1326,4.779999999999999,3.3949603673420117
1327,3.67,2.606654334573838
1328,4.769999999999999,3.387626739343079
1329,2.18,1.5481519880277164
1330,4.09,2.90461415215103
1331,5.079999999999999,3.6076464757036892
1332,4.01,2.848446093398832
1333,3.11,2.208894483435021
1334,3.65,2.592343571403433
1335,3.34,2.3722723601916975
1336,5.949999999999999,4.2255511607002925
1337,3.67,2.606659561437426
1338,5.799999999999999,4.1187999039687035
1339,3.77,2.677231497417847
1340,5.01,3.5580921405608503
1341,5.339999999999999,3.7920703682015042
1342,3.84,2.7272480397955348
1343,4.3,3.053473257361415
1344,2.54,1.8035989616903003
1345,3.73,2.649079479555889
1346,2.05,1.455945910292343
1347,4.08,2.8976621007800745
1348,5.049999999999999,3.5864453556462528
1349,4.12,2.9259589273810414
1350,3.8800000000000003,2.7553236839803716
1351,3.13,2.2228654697971164
1352,3.8299999999999996,2.720180453419311
1353,1.52,1.0795532747006675
1354,2.9,2.0597243776238594
1355,3.31,2.3506174629537298
1356,5.129999999999999,3.643436284391776
1357,4.62,3.280595852268962
1358,4.4,3.124976781810774
1359,4.25,3.0180099204292787
1360,7.929999999999999,5.6311795384485235
1361,5.339999999999999,3.7918666486689094
1362,3.9900000000000007,2.833431044015966
1363,4.23,3.00433382352432
1364,3.74,2.656188404097821
1365,5.09,3.6148027949684414
1366,2.77,1.9673583224350637
1367,3.23,2.29375884831976
1368,4.749999999999999,3.3734013413031176
1369,5.169999999999999,3.671144160070341
1370,3.74,2.65619985948405
1371,4.1,2.9119625366758104
1372,2.85,2.0241895373800673
1373,3.13,2.2230751763512506
1374,3.5,2.485414761685886
1375,3.12,2.2158603423926
1376,3.44,2.442748195022691
1377,3.31,2.3504135524085474
1378,4.38,3.110459184022931
1379,4.53,3.2169048141702827
1380,2.97,2.1090000869647723
1381,4.71,3.3449059049391114
1382,3.79,2.691878726154425
1383,4.08,2.897018107451478
1384,2.69,1.9103337457156437
1385,4.91,3.4872128416655612
1386,4.25,3.018100306332184
1387,3.57,2.5354966855649637
1388,4.03,2.8618509376196606
1389,4.27,3.0322292345494435
1390,2.52,1.7897050099226752
1391,3.35,2.3793402109583854
1392,3.43,2.435610944420997
1393,3.0,2.1305404037570406
1394,2.99,2.1234120034847597
1395,3.9199999999999995,2.7840002896175045
1396,3.71,2.6350103131590537
1397,4.08,2.8975150322426297
1398,6.029999999999999,4.282117373295403
1399,8.05,5.716101356042993
1400,2.61,1.8536522332003351
1401,4.52,3.2097716603618727
1402,4.989999999999999,3.5438947363783586
1403,3.41,2.4213333665990486
1404,5.069999999999999,3.6000650090602004
1405,2.69,1.9105423901288932
1406,5.32,3.777934453657889
1407,3.79,2.6914263873443125
1408,4.36,3.0963764105096936
1409,3.25,2.3080778226025784
1410,4.1,2.9118017099483344
1411,3.42,2.4289621449700802
1412,2.46,1.7470481876814365
1413,3.9900000000000007,2.8332400066503562
1414,5.82,4.133027087004712
1415,5.58,3.9627976631660196
1416,4.789999999999999,3.401978530733466
1417,3.19,2.2652230426881053
1418,3.46,2.457344565421213
1419,3.87,2.7477963948385984
1420,3.32,2.3579137985181853
1421,3.36,2.3860072212405785
1422,5.449999999999999,3.8702381000295376
1423,3.01,2.137817756243594
1424,2.84,2.0170287303972265
1425,4.63,3.2882804217199526
1426,4.46,3.167503677997163
1427,3.9800000000000004,2.8267814482233034
1428,4.94,3.5078884096484724
1429,4.21,2.9900075885467805
1430,3.58,2.5421864379861443
1431,4.71,3.344535907993635
1432,3.27,2.3224361195316194
1433,3.0,2.1305597275517685
1434,3.29,2.336557357260342
1435,3.52,2.4998111195020205
1436,3.68,2.6136189629034816
1437,5.339999999999999,3.7919518672784203
1438,3.91,2.776535237152609
1439,2.45,1.7401887604073318
1440,4.92,3.4934090624517267
1441,4.6,3.266596854650693
1442,3.8800000000000003,2.755662202586571
1443,2.77,1.9672616491464276
1444,3.13,2.223021568828931
1445,3.76,2.670433043118111
1446,4.08,2.8974790536665846
1447,3.42,2.4291003393144703
1448,3.8900000000000006,2.762520688212972
1449,2.84,2.016886263912664
1450,4.95,3.515398858338336
1451,3.38,2.4006677661066522
1452,3.65,2.5921422881595695
1453,2.62,1.8606676623290044
1454,3.09,2.19444483962937
1455,3.53,2.5065602247647196
1456,3.43,2.4361354327445226
1457,5.459999999999999,3.877926907747592
1458,5.03,3.571968894622585
1459,4.64,3.295300048059662
1460,3.96,2.8120405576108554
1461,4.28,3.0397702909012527
1462,2.96,2.1021734380236534
1463,3.43,2.436072988135584
1464,4.41,3.1319103787346787
1465,3.67,2.606580140585373
1466,6.19,4.39553679016048
1467,3.39,2.4072658858127056
1468,4.24,3.0113420210436534
1469,4.13,2.932806269871956
1470,5.3,3.7639909070171313
1471,4.74,3.3665179145299358
1472,3.32,2.358048673066045
1473,4.07,2.890082552046696
1474,3.78,2.6842466516437273
1475,4.28,3.0395388359966797
1476,3.13,2.2229698293236497
1477,4.21,2.9897075946787157
1478,4.13,2.9327789623145457
1479,4.24,3.011431846754204
1480,3.09,2.1945323660610443
1481,2.85,2.0242251700326204
1482,5.369999999999999,3.8138468299179995
1483,2.87,2.0382761759463444
1484,5.44,3.863519435662241
1485,2.0,1.4203028622906928
1486,2.72,1.931578469271931
1487,4.89,3.4730956347089426
1488,4.5,3.1955850241000086
1489,4.53,3.2173893232886965
1490,4.56,3.2385034607763763
1491,4.59,3.259981287351657
1492,4.86,3.4515245888790416
1493,4.21,2.989481801029003
1494,4.12,2.926223784980573
1495,4.19,2.975400830280455
1496,3.85,2.7343963097064
1497,3.54,2.5137528400233666
1498,5.33,3.785042570555942
1499,3.05,2.166236375451318
1500,4.699999999999999,3.3377548345249477
1501,2.38,1.69037804404256
1502,4.1,2.9114392526745747
1503,4.18,2.9687752690191513
1504,2.5,1.7754155003815273
1505,3.29,2.336313340742838
1506,3.36,2.3863107282957188
1507,4.29,3.0467340024860943
1508,4.63,3.288323635882159
1509,4.21,2.9893824745926536
1510,5.369999999999999,3.813546705517242
1511,4.789999999999999,3.4010370856198877
1512,2.53,1.7966241156475935
1513,5.12,3.63616381499715
1514,4.8999999999999995,3.479980711019896
1515,3.8299999999999996,2.7195613443487776
1516,5.59,3.969573769952888
1517,5.99,4.253985291640509
1518,3.9199999999999995,2.783995172124163
1519,3.9299999999999997,2.791289820881376
1520,4.83,3.4303303742287903
1521,4.95,3.5151372735115363
1522,2.37,1.6832381429321586
1523,5.219999999999999,3.7072535317379014
1524,3.23,2.2936582057525383
1525,2.09,1.4843183507395907
1526,6.35,4.509133528693314
1527,4.59,3.2599007117472967
1528,3.91,2.7764144737702163
1529,2.36,1.6762506692181582
1530,3.8800000000000003,2.7558191961255623
1531,4.18,2.968690505589524
1532,4.32,3.06755380058003
1533,3.34,2.3718215527049558
1534,3.5,2.485849361210218
1535,3.43,2.4357962261071786
1536,3.25,2.3079159595074077
1537,4.839999999999999,3.4369643504743332
1538,4.53,3.217312210728384
1539,3.96,2.81263460841737
1540,3.81,2.7060640916033583
1541,3.9800000000000004,2.8262914156307444
1542,2.19,1.5554449336062839
1543,3.7,2.6277185550383093
1544,4.09,2.9048281593805174
1545,4.25,3.0181409038292824
1546,4.02,2.8552603087214727
1547,3.43,2.4361346890415
1548,3.39,2.4071707219738476
1549,4.9799999999999995,3.536907974842822
1550,4.04,2.8693902941722773
1551,3.23,2.293915421874206
1552,2.72,1.9319126389023666
1553,3.94,2.797776698041327
1554,2.83,2.009977360368359
1555,3.47,2.4644323952958924
1556,1.74,1.235815311929141
1557,3.5,2.485462838509642
1558,3.8199999999999994,2.71276988829123
1559,4.9799999999999995,3.5370832534536283
1560,3.49,2.4787232642102115
1561,2.06,1.4630180897515637
1562,4.65,3.3025452057326374
1563,3.9299999999999997,2.7913076062548723
1564,4.53,3.21696417261434
1565,3.58,2.5425750746817415
1566,5.4799999999999995,3.891766120005083
1567,4.25,3.0183966165327822
1568,4.13,2.933337433652638
1569,2.76,1.960101704601474
1570,4.66,3.309799928470154
1571,2.47,1.7540569562342991
1572,3.35,2.3785
1573,3.57,2.535602890247358
1574,4.45,3.160568382582658
1575,4.86,3.4512880785103226
1576,3.59,2.5498926574410095
1577,6.87,4.878672365413856
1578,4.23,3.003512368659281
1579,4.89,3.4727895406850373
1580,4.699999999999999,3.3379860054803476
1581,3.7,2.62726994140398
1582,3.37,2.3931934864985616
1583,3.75,2.66293027589129
1584,4.959999999999999,3.5225214225260397
1585,2.03,1.4418235840576277
1586,3.8199999999999994,2.712545665504777
1587,3.31,2.3509390124970557
1588,4.83,3.4299886805457636
1589,2.7,1.917332569615207
1590,4.14,2.9398685519924213
1591,3.75,2.6633259890656125
1592,5.139999999999999,3.650043314623451
1593,4.42,3.1391478427441517
1594,4.35,3.089066732250063
1595,4.6,3.2665588274732045
1596,3.25,2.3082184912294497
1597,3.31,2.3505496261093874
1598,4.33,3.0747076790877057
1599,4.31,3.061169104930726
1600,3.8900000000000006,2.7624315655474447
1601,4.55,3.2312464428672563
1602,4.63,3.2883202709642356
1603,4.02,2.855276155614446
1604,4.91,3.487160620395682
1605,3.57,2.5352244017512033
1606,3.91,2.7767958226832796
1607,3.34,2.372142774005584
1608,3.3,2.343717252682439
1609,2.09,1.4841651746098061
1610,3.02,2.1449067288263786
1611,3.53,2.5068109009688966
1612,4.44,3.153318132445851
1613,3.46,2.457523472657897
1614,3.94,2.798342985234281
1615,2.78,1.9743018048498373
1616,2.95,2.095281211108178
1617,3.55,2.5214768701382257
1618,5.349999999999999,3.7994665234008536
1619,5.039999999999999,3.5794978766740146
1620,4.41,3.132220994092154
1621,4.49,3.188949075930694
1622,6.16,4.374074957204894
1623,5.71,4.055379369562537
1624,4.699999999999999,3.337996142577377
1625,4.67,3.316668644711163
1626,3.15,2.2373130442775033
1627,3.96,2.8119727974308253
1628,3.25,2.3078639103606307
1629,4.92,3.494347145373055
1630,2.72,1.9315673690256518
1631,3.21,2.2797109733113063
1632,4.59,3.2594725157877615
1633,4.07,2.8904574703810217
1634,4.35,3.0890686181418494
1635,4.51,3.202664674066572
1636,3.94,2.7983996685968164
1637,3.05,2.1662410191398043
1638,5.129999999999999,3.643490721716934
1639,3.53,2.5071440322806993
1640,4.01,2.847721845856973
1641,4.33,3.075357021423875
1642,3.71,2.6351142312324747
1643,3.38,2.4005350195459028
1644,5.5,3.905731698336249
1645,4.67,3.3161261834118085
1646,4.35,3.0895198637245973
1647,3.69,2.6202777443973924
1648,5.569999999999999,3.9556754258276388
1649,4.43,3.145850042564928
1650,4.09,2.904552569733173
1651,3.74,2.6559566155000405
1652,6.52,4.629834816901797
1653,3.97,2.8196519814489576
1654,3.06,2.1733692694393354
1655,3.37,2.393581197204916
1656,4.49,3.1882557702914704
1657,3.7,2.6273031437172456
1658,3.9299999999999997,2.7912605833119777
1659,4.9799999999999995,3.5362358106675496
1660,3.68,2.6133324490821472
1661,3.16,2.244393365793333
1662,3.23,2.2941964153095835
1663,2.38,1.6902171591435389
1664,4.879999999999999,3.4651042219366097
1665,3.41,2.421688560543579
1666,3.15,2.2367968621105994
1667,4.94,3.5085100040545396
1668,3.67,2.606343455962377
1669,5.24,3.721030418593114
1670,2.93,2.08106017975846
1671,3.39,2.4078011157076644
1672,3.12,2.215467981094953
1673,4.15,2.9473038466498473
1674,3.57,2.535593477741984
1675,6.179999999999999,4.388873214199242
1676,3.19,2.265529988508895
1677,3.08,2.187532362331502
1678,2.92,2.0739731733942444
1679,4.07,2.890785118608118
1680,4.8,3.409113641446902
1681,3.19,2.26565794270814
1682,5.38,3.8207545572177746
1683,3.7,2.6275149948115093
1684,3.55,2.52109194313841
1685,4.55,3.231053619493965
1686,3.64,2.5852158722020535
1687,3.64,2.584598168371774
1688,2.99,2.1231592806632396
1689,5.339999999999999,3.792515878434851
1690,3.64,2.5846248251722335
1691,3.9900000000000007,2.8334775699448134
1692,3.65,2.592391482972938
1693,3.19,2.2657097018596395
1694,2.67,1.8964117026755754
1695,5.549999999999999,3.9416664708413034
1696,3.78,2.684713777661654
1697,2.81,1.9958132241397117
1698,2.19,1.555500691649458
1699,3.59,2.5497791681235724
1700,5.24,3.721548953547495
1701,2.94,2.0876049542828086
1702,4.94,3.508302241576093
1703,4.52,3.2103232234289667
1704,5.27,3.7427758851657997
1705,2.63,1.8675589845016654
1706,3.94,2.7982845420339975
1707,3.24,2.3009883212365447
1708,3.37,2.3933687946722024
1709,3.45,2.449862576468115
1710,5.259999999999999,3.73593791826774
1711,3.58,2.542642849528637
1712,3.97,2.8195715899477807
1713,4.8999999999999995,3.4799082769867384
1714,5.56,3.948713932144167
1715,5.23,3.714360050222662
1716,3.44,2.4432496092865987
1717,4.08,2.897767717595717
1718,4.04,2.869199724203448
1719,5.049999999999999,3.585935331455038
1720,4.969999999999999,3.529898751965606
1721,3.37,2.393234137599953
1722,4.26,3.0250288455466556
1723,3.26,2.3150721152204334
1724,3.4,2.4148213957729108
1725,3.46,2.456956863430531
1726,2.94,2.087899067492841
1727,4.44,3.1534375260402543
1728,3.04,2.159096953206386
1729,5.12,3.635863459149285
1730,2.15,1.5268462151455453
1731,3.38,2.399975473252499
1732,3.52,2.499441192134431
1733,3.22,2.2866380017550076
1734,2.86,2.0312933237862834
1735,3.21,2.2797358032060897
1736,5.629999999999999,3.9979414701634686
1737,3.53,2.506936566075148
1738,4.71,3.34488761696529
1739,4.43,3.1463086517521424
1740,2.77,1.967016241553035
1741,4.23,3.003856394859484
1742,4.929999999999999,3.50070633290607
1743,3.09,2.194496884423846
1744,2.51,1.7827981645628375
1745,2.86,2.0312863515223327
1746,2.84,2.016946906045814
1747,3.81,2.705650639830852
1748,3.6,2.5565000401255027
1749,4.54,3.2238031500267557
1750,4.699999999999999,3.337826575453518
1751,2.71,1.9246051787304697
1752,5.01,3.5579389002805666
1753,4.39,3.117422109587237
1754,5.349999999999999,3.7992055972059373
1755,5.18,3.6790207999184097
1756,2.28,1.6188830175931277
1757,3.25,2.3079612278756376
1758,5.079999999999999,3.6074138238594773
1759,3.95,2.8052777404477753
1760,5.0,3.5508864117173977
1761,5.639999999999999,4.005232507365164
1762,3.85,2.734445600258545
1763,4.3,3.0533353287097302
1764,5.3,3.7640303229915495
1765,3.13,2.223073170296849
1766,4.73,3.3591238195279494
1767,4.51,3.202370013560778
1768,4.23,3.004195060468823
1769,4.82,3.4227651114601287
1770,2.87,2.0384854412049527
1771,4.74,3.3660492895324445
1772,2.04,1.4489185400124196
1773,4.03,2.862132068722125
1774,3.51,2.492684790530512
1775,2.84,2.016979413965761
1776,3.46,2.45739994071447
1777,3.53,2.507133696416527
1778,2.97,2.109053995468584
1779,3.26,2.315303807079886
1780,4.28,3.0392310946882897
1781,3.12,2.2155940114085837
1782,3.75,2.662795293273756
1783,4.43,3.14607401546619
1784,3.26,2.3154370983092853
1785,4.11,2.9184118458450055
1786,2.96,2.1023478224072085
1787,4.15,2.947401608388233
1788,2.74,1.9461083809141784
1789,2.83,2.0097642303517693
1790,4.72,3.35213926412474
1791,2.76,1.9602706440779507
1792,3.33,2.364844225156163
1793,3.14,2.229543431397847
1794,3.79,2.6919207805638172
1795,4.25,3.0179854681895377
1796,3.73,2.64878590570888
1797,4.28,3.039367564752924
1798,3.43,2.4360293663215615
1799,4.34,3.082334932683645
1800,4.73,3.3589896181101984
1801,2.92,2.073942164240628
1802,3.37,2.3934874129265062
1803,3.8,2.6982858805051224
1804,3.47,2.464215813359922
1805,4.28,3.039012434068602
1806,3.84,2.7273699165872274
1807,4.56,3.2382117653179496
1808,3.43,2.4356679686005336
1809,2.88,2.045328022782174
1810,3.77,2.677492621484591
1811,4.71,3.3451310792047706
1812,3.81,2.705557565239834
1813,4.21,2.9897251068617394
1814,4.59,3.2601027178516646
1815,3.09,2.194462554908958
1816,3.67,2.6059783215818806
1817,4.86,3.4511325589875694
1818,3.32,2.357984042435111
1819,3.18,2.258147240653482
1820,3.8900000000000006,2.7628202966435786
1821,6.05,4.296298786884094
1822,5.279999999999999,3.7496918777511605
1823,3.06,2.1730012597474286
1824,2.5,1.775359276418982
1825,3.0,2.130355430362725
1826,4.42,3.1392157472981026
1827,3.8,2.6987308350672383
1828,3.24,2.300806162153066
1829,4.45,3.1604838789740026
1830,4.44,3.1527215844386127
1831,3.14,2.22986340104067
1832,3.65,2.5923973600960917
1833,3.67,2.6060646725195498
1834,2.78,1.9741813375093742
1835,4.34,3.0819176920445837
1836,4.03,2.8616789059710697
1837,3.85,2.734467719172582
1838,3.34,2.3722681879858345
1839,4.73,3.3593433011445355
1840,3.04,2.1589086739655268
1841,2.86,2.0313515498832997
1842,3.9199999999999995,2.7841112288581837
1843,2.69,1.9102092044774637
1844,4.57,3.2453953037558483
1845,3.1,2.201700230249334
1846,4.0,2.840947645821488
1847,4.969999999999999,3.529296695456613
1848,5.27,3.7422417777519303
1849,2.87,2.0381202783060957
1850,5.839999999999999,4.147163141958981
1851,4.22,2.996709109665401
1852,2.96,2.1022555847315516
1853,4.959999999999999,3.5218445092793345
1854,3.33,2.3647587656177276
1855,4.4,3.1248634145271788
1856,3.33,2.3646374581710297
1857,4.14,2.9398176895274695
1858,4.44,3.153314923265627
1859,3.74,2.6556937151490767
1860,4.09,2.904321531728821
1861,3.56,2.5284419527313187
1862,4.94,3.5081692356832073
1863,3.78,2.684691799701279
1864,4.33,3.0746623536063966
1865,3.39,2.4077917563101168
1866,3.74,2.6561077977339442
1867,4.17,2.961617253564377
1868,4.48,3.181826109469378
1869,2.5,1.7754160317841636
1870,3.02,2.144604323293949
1871,4.03,2.8617445711687473
1872,3.16,2.2445950779327055
1873,3.1,2.2016354898987625
1874,4.14,2.9403078233854627
1875,4.28,3.039787972203904
1876,3.9800000000000004,2.826622588823311
1877,3.26,2.3152359385111967
1878,4.15,2.946799204924707
1879,3.66,2.599106971554384
1880,4.41,3.1317044588887875
1881,2.63,1.867681577618623
1882,3.03,2.151818975825046
1883,5.29,3.7571341747624833
1884,3.34,2.371945941235679
1885,4.869999999999999,3.458614745778909
1886,3.1,2.2017157650649763
1887,3.33,2.3648973609451605
1888,2.77,1.967229859337556
1889,5.1899999999999995,3.6860773907421374
1890,1.77,1.2570950628392366
1891,3.69,2.6202545861885977
1892,3.77,2.6772811048449072
1893,4.42,3.1387144915495986
1894,3.9900000000000007,2.833940248214821
1895,3.87,2.748002407566268
1896,3.9299999999999997,2.790890586494756
1897,4.8999999999999995,3.4797303213579593
1898,4.56,3.2386005243270755
1899,3.61,2.563553479242061
1900,3.51,2.4923881111662483
1901,4.26,3.025663216768192
1902,4.59,3.2597377102488325
1903,3.75,2.662880713951619
1904,5.059999999999999,3.5933899307566666
1905,4.16,2.954498283840114
1906,5.059999999999999,3.5936934712115587
1907,1.5,1.0652248754846119
1908,4.59,3.2601292975888505
1909,2.9,2.0592572873881747
1910,3.8900000000000006,2.7623378698750374
1911,2.89,2.0527060117136093
1912,6.419999999999999,4.559815857616892
1913,4.71,3.345036319117856
1914,3.81,2.705403651283355
1915,3.0,2.130725805218931
1916,4.43,3.146049265394924
1917,4.42,3.1386328544722097
1918,5.1899999999999995,3.6854078693891372
1919,5.91,4.197285302099868
1920,2.72,1.9316102588915656
1921,4.55,3.231344600717201
1922,4.699999999999999,3.337416408797053
1923,4.35,3.088803590845492
1924,3.7,2.627845745906196
1925,5.09,3.614546868000156
1926,3.48,2.471389337696693
1927,4.14,2.939870194051111
1928,4.749999999999999,3.3730895545960293
1929,2.63,1.867984015427963
1930,3.9,2.7699158475195915
1931,4.22,2.9971473717069608
1932,4.64,3.295381598778008
1933,4.0,2.84051234827003
1934,5.539999999999999,3.9344082105299254
1935,5.1899999999999995,3.685785068174289
1936,2.02,1.4347297440856974
1937,3.36,2.3864518381538145
1938,4.29,3.0468968904184255
1939,3.0,2.1303235304933756
1940,3.3,2.343835805350021
1941,5.279999999999999,3.749494018346778
1942,2.63,1.8679927657685802
1943,4.89,3.4730298626456135
1944,3.7,2.6275091174001917
1945,2.87,2.0384024127928733
1946,4.24,3.011048835390108
1947,4.92,3.4938598350996797
1948,3.17,2.251231219392067
1949,3.68,2.613479747837884
1950,4.32,3.0679648966790545
1951,5.1,3.6214669643603523
1952,4.64,3.2950353267726418
1953,4.3,3.053515449438719
1954,2.75,1.9526940156290984
1955,4.8999999999999995,3.479543089605444
1956,4.11,2.9186584862073084
1957,3.59,2.5492942748077856
1958,3.05,2.1660073452050996
1959,3.02,2.14462251836714
1960,4.07,2.8899449449466856
1961,4.21,2.9895152813871424
1962,3.65,2.5922837689503955
1963,3.55,2.5209632239736215
1964,3.97,2.819104604386158
1965,5.449999999999999,3.8705139483025026
1966,4.749999999999999,3.3731031871690416
1967,5.5,3.9060281738759484
1968,4.6899999999999995,3.3305981805823057
1969,5.039999999999999,3.578962296753712
1970,4.03,2.8616248698279083
1971,2.7,1.9173339852175317
1972,5.159999999999999,3.664663338459956
1973,2.07,1.4699368393683447
1974,4.31,3.0606908931996943
1975,4.86,3.451154932815017
1976,4.37,3.1038815452242643
1977,3.9800000000000004,2.8261138275486917
1978,4.66,3.3094511717960287
1979,3.8,2.698785784307639
1980,3.73,2.649243547379271
1981,3.9299999999999997,2.790609227942556
1982,4.15,2.9474045620579146
1983,4.1,2.911643230138583
1984,4.62,3.281411124936242
1985,4.9799999999999995,3.536293470539946
1986,3.91,2.7770062791917893
1987,4.6,3.266865953950653
1988,4.29,3.046879082394984
1989,4.25,3.0181505028143167
1990,4.699999999999999,3.338189687657855
1991,3.18,2.258590282123071
1992,3.65,2.5925046980311115
1993,2.67,1.8961495499901786
1994,3.9,2.7694109958801643
1995,6.05,4.296678878144432
1996,3.39,2.4076175143643077
1997,5.249999999999999,3.7283558916864443
1998,3.8299999999999996,2.7195431855267
1999,4.28,3.039867142332799
2000,4.04,2.86883590351646
2001,2.1,1.4915952974632012
2002,6.54,4.644392068311992
2003,2.9,2.05936796240002
2004,4.52,3.2100839754735353
2005,4.0,2.8409289832780362
2006,3.9299999999999997,2.79130789702078
2007,4.849999999999999,3.4442692002313446
2008,3.45,2.449996771358092
2009,3.08,2.1874204407881206
2010,3.34,2.3715600678097104
2011,4.12,2.925687108126517
2012,5.2,3.6929253497723145
2013,4.26,3.0248799209806325
2014,1.65,1.1719777319285287
2015,2.56,1.8182573585742492
2016,3.72,2.641513052608018
2017,3.31,2.350448849032895
2018,5.11,3.6293057477747492
2019,3.27,2.322363401297218
2020,3.53,2.5071384515752944
2021,4.57,3.2453296433856935
2022,4.3,3.0541117000640576
2023,3.21,2.2796788548087314
2024,2.86,2.031132817100591
2025,4.64,3.2951763568868175
2026,2.57,1.8250211855422764
2027,4.11,2.9184908140413697
2028,3.22,2.2869963244445417
2029,5.419999999999999,3.849045878287888
2030,3.8900000000000006,2.7623021615041625
2031,3.81,2.706045046288538
2032,5.01,3.558303655618341
2033,3.67,2.6063218793297263
2034,4.6899999999999995,3.3301839007874188
2035,3.81,2.7059812395365066
2036,3.09,2.194444432636729
2037,3.9,2.770045596085333
2038,5.18,3.6787642116709427
2039,4.21,2.990089111276226
2040,4.37,3.103529199576354
2041,3.8299999999999996,2.7202511196089665
2042,3.96,2.8123715256041497
2043,3.44,2.4429108443706364
2044,5.449999999999999,3.8703688793169015
2045,3.12,2.2157695082312925
2046,3.52,2.5000557183505197
2047,2.92,2.07377669711617
2048,3.72,2.642141759839453
2049,4.55,3.231599326444657
2050,4.01,2.8475142827374924
2051,4.89,3.4729907328518075
2052,3.62,2.5706660549273055
2053,3.65,2.5917517619038675
2054,3.8900000000000006,2.7629188414806807
2055,4.839999999999999,3.4374697516707524
2056,3.23,2.2939714997298704
2057,3.54,2.513745917692506
2058,3.8,2.6984960203195105
2059,4.56,3.2381398535391934
2060,5.639999999999999,4.005349885487559
2061,4.41,3.131684718438722
2062,2.93,2.080770464833522
2063,3.5,2.4857276603657166
2064,4.23,3.004022234625054
2065,5.279999999999999,3.7498106151272568
2066,2.84,2.0169945139711403
2067,3.23,2.2935756661565967
2068,4.779999999999999,3.394963844457172
2069,4.3,3.053561963609781
2070,5.139999999999999,3.6504003808773593
2071,4.09,2.9048938114833787
2072,4.22,2.9966841888506113
2073,3.69,2.620258079504221
2074,3.52,2.4995916808090866
2075,4.64,3.294765843384395
2076,2.94,2.0876886412938527
2077,1.92,1.3635138103786637
2078,4.73,3.3591503243596152
2079,4.89,3.4727085243857845
2080,2.92,2.0735643447659617
2081,2.99,2.123507798941721
2082,3.81,2.7061252718888977
2083,4.21,2.989357650851782
2084,2.79,1.981100221263829
2085,4.64,3.2954809636840747
2086,3.34,2.37220637864673
2087,5.69,4.0408325571800585
2088,4.63,3.2881525332653516
2089,3.06,2.1730040466848424
2090,3.59,2.5498855138252354
2091,4.6899999999999995,3.33092111576539
2092,5.77,4.097450309714515
2093,2.45,1.7400829147998236
2094,4.26,3.0253637179561585
2095,3.58,2.5426265174249485
2096,3.8800000000000003,2.7556685632487503
2097,3.35,2.379355361063753
2098,3.51,2.4925316062240355
2099,4.42,3.1390389306621667
2100,3.8199999999999994,2.713198379320599
2101,4.959999999999999,3.5222438046553597
2102,3.42,2.428930533326463
2103,3.81,2.7060450832759293
2104,4.3,3.0533790698554504
2105,4.749999999999999,3.373158310979648
2106,3.47,2.464169515394349
2107,5.4799999999999995,3.892036999237768
2108,4.32,3.0683472615925353
2109,5.23,3.7144101071066404
2110,5.27,3.74258645023987
2111,5.01,3.558046894399214
2112,3.75,2.662948102398593
2113,2.87,2.038303938069133
2114,4.06,2.8827549196475246
2115,3.95,2.804896097712837
2116,4.27,3.032859599129663
2117,2.13,1.512790340017416
2118,4.86,3.451736886964971
2119,4.18,2.9680500425134175
2120,3.2,2.2722877774470804
2121,3.77,2.67740386742155
2122,3.75,2.6634118678536165
2123,3.44,2.443201525184026
2124,4.44,3.1531752230685193
2125,3.51,2.49247460943112
2126,3.78,2.684710070157318
2127,5.519999999999999,3.920497433677858
2128,4.51,3.2034377317368206
2129,2.91,2.0664046826361266
2130,2.45,1.7401524396139494
2131,4.959999999999999,3.5221651422280797
2132,4.15,2.9470431387688105
2133,3.51,2.492840643385403
2134,3.54,2.5138350458694787
2135,4.47,3.1746902679767373
2136,5.419999999999999,3.8484881783430165
2137,4.17,2.961190945962896
2138,3.39,2.407200074576183
2139,3.8299999999999996,2.7203903995061456
2140,4.83,3.429723720820363
2141,3.19,2.2655569668334135
2142,0.88,0.6249935638964801
2143,2.82,2.0025829489777935
2144,4.01,2.8473412527520696
2145,4.759999999999999,3.3801882274479667
2146,3.57,2.5356436897879733
2147,4.23,3.003747999219313
2148,4.01,2.84810414397516
2149,2.97,2.1094342487208406
2150,5.2,3.69324034638772
2151,4.06,2.8834705244341783
2152,3.46,2.457206530804313
2153,4.54,3.2244621371478055
2154,3.44,2.4426453873192604
2155,3.54,2.5137870754178464
2156,3.51,2.492928935845753
2157,3.48,2.471626248103987
2158,4.86,3.4514563580760034
2159,3.21,2.2795020840013507
2160,3.56,2.5280920131182074
2161,4.19,2.9760157434104655
2162,3.71,2.6343186669203376
2163,3.24,2.3008018438713775
2164,3.9,2.769700863251111
2165,3.19,2.2655320772236305
2166,3.51,2.492612847195832
2167,3.59,2.5498107287680707
2168,3.95,2.805151045510705
2169,4.16,2.953776128656275
2170,3.94,2.7977499331752957
2171,2.9,2.059567990227618
2172,4.92,3.4936133006035908
2173,5.23,3.7145297679351885
2174,4.23,3.0044573528909764
2175,4.12,2.925511976331365
2176,3.32,2.3578497553981905
2177,3.8199999999999994,2.7130848893430763
2178,5.359999999999999,3.806346135767631
2179,1.97,1.399006243988349
2180,4.67,3.3164863103813813
2181,4.34,3.081732532433173
2182,4.989999999999999,3.5433721757245786
2183,2.43,1.7259005428663443
2184,3.38,2.400506212313809
2185,4.39,3.117527753677006
2186,4.6,3.2667668437496395
2187,5.259999999999999,3.7355708977445348
2188,4.3,3.0538421633893886
2189,4.42,3.138828172342563
2190,3.54,2.5142843533189736
2191,3.6,2.5564346122633603
2192,2.82,2.0027343321104443
2193,4.03,2.8615624241519795
2194,5.47,3.884772667434979
2195,4.27,3.0327765574301258
2196,5.6499999999999995,4.012285893786708
2197,4.08,2.8970717131472288
2198,2.65,1.8819315833888899
2199,4.08,2.8973074365954203
2200,4.25,3.0181220547590386
2201,3.68,2.6135591909424627
2202,5.12,3.636056343800958
2203,3.5,2.485822257510981
2204,2.83,2.009934676668196
2205,4.39,3.1174420761308044
2206,4.36,3.0967265034527656
2207,3.0,2.1307482585429587
2208,4.22,2.9973998721509854
2209,3.53,2.506636924565137
2210,5.019999999999999,3.5656770790407424
2211,5.069999999999999,3.6004816899717578
2212,5.88,4.175221136602271
2213,3.9199999999999995,2.783879152001132
2214,5.349999999999999,3.799639216060803
2215,3.25,2.308141572165463
2216,3.39,2.4076932831409508
2217,5.539999999999999,3.9346488236509116
2218,5.91,4.196957887599531
2219,4.929999999999999,3.5012984373514726
2220,2.12,1.5054696200681692
2221,4.769999999999999,3.3873366708497707
2222,2.99,2.1235125125850023
2223,4.4,3.125063467747227
2224,5.91,4.196549038700635
2225,5.67,4.026559918525437
2226,4.94,3.507833972839703
2227,2.88,2.045437820287282
2228,3.47,2.46461682909284
2229,4.779999999999999,3.3943196246424785
2230,3.12,2.2159267296416245
2231,5.019999999999999,3.5652955726942004
2232,5.67,4.026820293106159
2233,2.8,1.9883357607125165
2234,3.8299999999999996,2.719835314479274
2235,5.18,3.678268783656214
2236,5.01,3.5580908184644717
2237,5.3,3.7634565249929355
2238,2.61,1.853771021663181
2239,2.77,1.9673948692144603
2240,5.049999999999999,3.5864624631302853
2241,3.16,2.2443685478755193
2242,3.84,2.7272609897201168
2243,4.9799999999999995,3.5368315193109447
2244,3.76,2.6702378556918145
2245,3.26,2.315291575788729
2246,4.41,3.1315261606143197
2247,3.68,2.613117053712428
2248,4.91,3.4866304687657608
2249,5.139999999999999,3.650409873438004
2250,3.57,2.5349869148959847
2251,3.33,2.3649241773346823
2252,5.4799999999999995,3.891634192136461
2253,4.62,3.2812565350111114
2254,3.58,2.5422195299770016
2255,2.77,1.9671005230195107
2256,3.28,2.329522886240075
2257,5.68,4.033994515763948
2258,5.24,3.721661931382705
2259,5.3,3.76373986441254
2260,4.959999999999999,3.5219497556351596
2261,2.94,2.0878858629388857
2262,4.14,2.940209597981623
2263,4.54,3.2240359845060405
2264,4.82,3.4230581736569383
2265,3.38,2.400523835764703
2266,3.68,2.6132577698142176
2267,4.64,3.2952158606208948
2268,4.3,3.0538856667953076
2269,5.76,4.0903871850139595
2270,4.24,3.011473982947657
2271,4.9799999999999995,3.5364852902788124
2272,3.95,2.80544446048339
2273,3.71,2.634526528901415
2274,4.47,3.1748000075741407
2275,4.22,2.9971874638618305
2276,3.26,2.3150214188021243
2277,4.2,2.9829660771018847
2278,3.59,2.5497048312870008
2279,4.3,3.0539288954527617
2280,2.62,1.8606576209231704
2281,3.61,2.5633496795477986
2282,5.339999999999999,3.791930060523525
2283,3.71,2.6344677169553887
2284,2.96,2.1022436836600757
2285,5.049999999999999,3.5867011025632225
2286,3.53,2.506657136698093
2287,3.13,2.2230399168575334
2288,5.41,3.841908158825413
2289,6.099999999999999,4.331850365445038
2290,4.28,3.0392529847762217
2291,3.7,2.6278552192443065
2292,4.04,2.8691839342687366
2293,2.69,1.910573187579549
2294,3.86,2.74098329525955
2295,3.65,2.5919706349637046
2296,3.04,2.1591707995109926
2297,3.55,2.5212307590248333
2298,3.86,2.74134479917408
2299,2.85,2.0238969029497818
2300,4.35,3.0895053807632267
2301,5.049999999999999,3.586486032126122
2302,4.25,3.0179246361179417
2303,3.18,2.2580088400386105
2304,6.219999999999999,4.41706103611992
2305,4.31,3.060847278479106
2306,3.1,2.2017391345816355
2307,3.45,2.4503755905580653
2308,4.95,3.5156307628226493
2309,3.8800000000000003,2.7557590593032764
2310,4.12,2.926128707938944
2311,3.65,2.592505978702383
2312,2.84,2.0171482410680137
2313,3.18,2.2585948258421418
2314,4.01,2.8475284856859826
2315,3.6,2.5563966964838927
2316,3.05,2.1662676198875777
2317,3.71,2.6349721714926893
2318,4.68,3.3237642525983313
2319,3.01,2.137840512509712
2320,3.15,2.2369393955343098
2321,5.44,3.862871800973709
2322,3.78,2.6847483579016043
2323,2.71,1.9245121181458849
2324,5.27,3.7425555848546277
2325,4.36,3.0961588400727367
2326,3.15,2.2368386506679685
2327,2.55,1.8110407687113024
2328,3.63,2.5780969328773926
2329,2.81,1.995723554035721
2330,4.41,3.131781292366285
2331,4.4,3.1247643407112946
2332,4.869999999999999,3.4586192553129247
2333,2.81,1.995531719510177
2334,2.68,1.9034862015292022
2335,3.87,2.748183493252651
2336,2.66,1.8888528018108672
2337,2.95,2.095280921979687
2338,3.17,2.2512833106723176
2339,4.27,3.0326907274343085
2340,4.24,3.0114225003500708
2341,4.26,3.0251578337433727
2342,3.77,2.677383897926793
2343,3.9199999999999995,2.783645227203712
2344,4.33,3.0749308247218035
2345,3.9299999999999997,2.7911847625065866
2346,4.41,3.1320442157850237
2347,4.44,3.153123628497987
2348,2.55,1.8110782313514142
2349,3.21,2.2793233500542143
2350,3.94,2.7982841701391563
2351,4.789999999999999,3.4019058111572633
2352,4.26,3.0253400647988657
2353,4.14,2.9397532577838135
2354,5.069999999999999,3.6008735705319053
2355,3.72,2.6421080564594366
2356,4.51,3.2030505158393385
2357,5.069999999999999,3.600945311792268
2358,3.5,2.4856934277423988
2359,4.68,3.323907168670869
2360,2.45,1.7398797013718643
2361,3.74,2.6559255964879545
2362,2.98,2.1165055065976466
2363,5.019999999999999,3.5655878427708565
2364,3.66,2.5995402396206138
2365,3.69,2.620409100570329
2366,3.12,2.2158994007663955
2367,4.34,3.082074211792611
2368,4.42,3.139129178388556
2369,4.39,3.1172248471685693
2370,4.94,3.507940363864748
2371,2.98,2.1162416007756097
2372,4.49,3.188606808504253
2373,4.21,2.990076515454686
2374,1.9400000000000002,1.3777941158747218
2375,3.11,2.2089640144275795
2376,3.68,2.613788179452493
2377,5.659999999999999,4.01985386605566
2378,4.929999999999999,3.5007176532288242
2379,4.4,3.124926402939781
2380,5.18,3.678330575108821
2381,4.8999999999999995,3.4802183711997796
2382,2.03,1.4418610350384655
2383,4.47,3.1748478304427574
2384,5.069999999999999,3.600102764493853
2385,4.8,3.408489119167017
2386,4.37,3.103169315900639
2387,4.749999999999999,3.373162730898532
2388,3.69,2.620252828629704
2389,2.11,1.4983261404651227
2390,3.5,2.485663548554172
2391,4.72,3.3522598597060154
2392,3.75,2.6632495016904443
2393,4.32,3.067756724405579
2394,4.11,2.9185767114156342
2395,4.29,3.0465718383358373
2396,5.369999999999999,3.8135312102437995
2397,3.81,2.705548391088151
2398,3.28,2.3290640622347927
2399,4.16,2.953969608654184
2400,3.9800000000000004,2.8264186199685972
2401,5.33,3.7854564099381305
2402,4.28,3.039667519039599
2403,4.49,3.189015101513288
2404,4.27,3.031942523940651
2405,4.27,3.0324825769022956
2406,2.77,1.9673784244839982
2407,5.24,3.7211122941687456
2408,4.38,3.1100973120423987
2409,4.22,2.9972384950619815
2410,3.71,2.6351183655173767
2411,3.9800000000000004,2.8267871276642973
2412,1.86,1.3210793291250609
2413,3.67,2.6065905229444093
2414,5.15,3.657473798817073
2415,4.23,3.0042855695534256
2416,4.699999999999999,3.338090399948583
2417,4.66,3.309579448483003
2418,4.789999999999999,3.4020594614257385
2419,4.779999999999999,3.3941576778939972
2420,3.12,2.2159626351468735
2421,4.0,2.8407000470217767
2422,6.789999999999999,4.82181880835754
2423,6.05,4.296399572447693
2424,4.5,3.1959558379035347
2425,2.37,1.6832796497478826
2426,4.23,3.0042732056272046
2427,4.74,3.3662227723581526
2428,4.65,3.3025053441895755
2429,4.02,2.8551986686650452
2430,3.09,2.194666299961319
2431,2.93,2.0807769248041357
2432,3.56,2.5281771629787415
2433,3.97,2.819434803416351
2434,2.28,1.619140860688785
2435,5.349999999999999,3.799091709804515
2436,3.87,2.748104067378737
2437,5.96,4.232718052479783
2438,3.58,2.5422905802585474
2439,3.87,2.748438485730223
2440,3.81,2.7056181643540094
2441,3.9199999999999995,2.7838062300438233
2442,3.86,2.7410893157811302
2443,3.8800000000000003,2.7557354577227877
2444,3.45,2.4499560557220086
2445,5.309999999999999,3.771170553016543
2446,3.4,2.4145888631257364
2447,4.989999999999999,3.5440887867854753
2448,4.19,2.9758927547471075
2449,2.93,2.081062214662798
2450,2.48,1.7613836269873624
2451,2.89,2.0525444794728145
2452,3.56,2.5278570375174776
2453,3.12,2.2157144920691096
2454,3.62,2.5710494337396375
2455,3.18,2.258602325617402
2456,5.1,3.621849751258651
2457,4.12,2.926160455175311
2458,4.33,3.0753341344126444
2459,2.52,1.7896562455379548
2460,4.13,2.9328048325975824
2461,3.61,2.5634549823493056
2462,4.16,2.954094053664697
2463,3.28,2.3296132158779783
2464,4.49,3.1886150619610794
2465,3.85,2.7342225688770903
2466,4.33,3.0747599591989125
2467,2.33,1.6548586794789812
2468,4.26,3.0256578476097826
2469,3.56,2.528388337478956
2470,2.42,1.718570639902402
2471,4.39,3.1175716914262575
2472,4.82,3.4231373981102697
2473,3.05,2.165957147087422
2474,4.27,3.0322541639456415
2475,3.14,2.229718700560937
2476,3.27,2.3224826332235207
2477,3.23,2.2939970601096134
2478,3.52,2.4996096502415073
2479,4.15,2.947506918659101
2480,4.29,3.046897085969977
2481,3.58,2.542657215271918
2482,4.86,3.451685334736056
2483,4.29,3.046673127104995
2484,4.48,3.181941146898938
2485,4.24,3.011390781745228
2486,4.06,2.883264468335084
2487,3.87,2.7479709597979585
2488,5.1,3.6219127919445686
2489,2.27,1.6119654899625628
2490,5.24,3.7215469572290685
2491,4.21,2.9900448047183277
2492,5.56,3.948509624321641
2493,3.79,2.6912964801225328
2494,4.18,2.9683802156939794
2495,4.3,3.0535190316421383
2496,3.95,2.8049365290933346
2497,4.1,2.9112566794759935
2498,4.29,3.0465161446109077
2499,6.009999999999999,4.26856280118215
2500,4.06,2.8835928953218275
2501,5.67,4.026622732761816
2502,3.71,2.635141439240973
2503,4.33,3.0746868479888936
2504,4.35,3.089373604223878
2505,4.01,2.8473492785277825
2506,4.11,2.918678645539371
2507,4.03,2.861905346837091
2508,3.12,2.2156737508204576
2509,4.969999999999999,3.5298631547909127
2510,3.4,2.4143206090539038
2511,3.16,2.2438785740964224
2512,5.44,3.863002023231232
2513,4.55,3.2315573525927297
2514,3.68,2.613269673935357
2515,3.84,2.7270398453662343
2516,6.179999999999999,4.388766101516333
2517,3.73,2.6486645989873505
2518,5.12,3.636281084444029
2519,4.1,2.911485106528654
2520,2.99,2.123563506448148
2521,4.58,3.252086275547104
2522,5.259999999999999,3.735089869702772
2523,2.66,1.889004488864934
2524,3.63,2.5782378128702397
2525,4.72,3.3522719126897935
2526,3.6,2.5562817979646377
2527,4.17,2.9616952884772445
2528,2.51,1.782630447999524
2529,2.09,1.4841648250325448
2530,4.31,3.061153947505427
2531,4.06,2.8835700955810335
2532,3.96,2.81237351975902
2533,4.47,3.1746237335435543
2534,3.45,2.4498791391812427
2535,5.11,3.6287601148405964
2536,3.84,2.726721965939785
2537,3.27,2.322392020298374
2538,4.38,3.1107852232425177
2539,1.15,0.8166436970350893
2540,3.65,2.5924155284085804
2541,3.9,2.7693191553093763
2542,5.67,4.026301411937613
2543,3.2,2.2723580719057344
2544,3.8900000000000006,2.762287403972875
2545,3.23,2.293826551234197
2546,4.61,3.2741228299536203
2547,3.3,2.3433645731561534
2548,4.839999999999999,3.4374713580579606
2549,3.37,2.3931072769649777
2550,3.78,2.6847124632629713
2551,3.57,2.5350065756925635
2552,3.0,2.1305525408794495
2553,3.56,2.5280207440721014
2554,5.56,3.948639911019547
2555,3.52,2.499675831669414
2556,4.989999999999999,3.5436985931250837
2557,3.57,2.5354378884872277
2558,4.6,3.2669210430326703
2559,5.33,3.7855887981733285
2560,4.81,3.4160533020751553
2561,4.64,3.2952763223535677
2562,2.51,1.782455575092289
2563,3.5,2.4853823441485745
2564,3.59,2.5497803927938687
2565,3.39,2.407625110801158
2566,4.3,3.0537963910878645
2567,4.17,2.961687895045127
2568,4.83,3.4304531904565416
2569,3.28,2.329677095394302
2570,5.91,4.196976142328635
2571,3.33,2.36501700012096
2572,6.609999999999999,4.693748746374822
2573,4.23,3.0041869801969048
2574,3.61,2.5636571859078776
2575,2.61,1.853524864007478
2576,4.17,2.9613625146662246
2577,5.039999999999999,3.579188155009042
2578,4.01,2.847943343111438
2579,3.23,2.29411797787443
2580,4.759999999999999,3.380080744858486
2581,4.21,2.9895758126611374
2582,4.24,3.0114051838352554
2583,3.73,2.6492437711197283
2584,3.81,2.7060996745949786
2585,4.64,3.295388870265935
2586,4.869999999999999,3.4580394254624585
2587,4.4,3.124659476695316
2588,4.749999999999999,3.3732154149271425
2589,2.7,1.9176057031278864
2590,2.72,1.9316300769294499
2591,2.1,1.491536005169238
2592,3.58,2.5422335888410177
2593,4.04,2.869348396125191
2594,3.85,2.734405298645509
2595,3.18,2.258570652071617
2596,5.799999999999999,4.118761878647914
2597,2.97,2.1093234264988507
2598,4.23,3.0044546937013314
2599,4.51,3.203104194535917
2600,5.38,3.820444792743796
2601,4.51,3.2028318817433568
2602,4.58,3.2523465279785584
2603,2.13,1.5128698571275854
2604,3.38,2.4001402876961193
2605,3.31,2.350682794451177
2606,3.9800000000000004,2.826614366254467
2607,4.27,3.0327174574165343
2608,4.62,3.2807359450488804
2609,3.49,2.478744018045323
2610,5.059999999999999,3.5932894916523335
2611,3.73,2.6491846282969553
2612,3.1,2.2016330973880662
2613,2.91,2.066403104739597
2614,3.31,2.35067185396734
2615,2.85,2.0239239513363563
2616,5.85,4.1546663492498785
2617,4.41,3.1315159456246193
2618,3.8800000000000003,2.7558089938435493
2619,5.5,3.9059959645212716
2620,5.1,3.6218640320229363
2621,4.36,3.09671294314191
2622,3.1,2.2015491847587203
2623,5.249999999999999,3.7283021231561633
2624,2.75,1.953198231742895
2625,3.63,2.5776549703775067
2626,4.83,3.430113485365151
2627,3.8299999999999996,2.720126072148336
2628,5.539999999999999,3.9343453432146527
2629,3.62,2.5710709433994365
2630,5.019999999999999,3.565114736233915
2631,2.57,1.8252731394684074
2632,3.71,2.6345413321707323
2633,5.01,3.5580692859515115
2634,3.5,2.4853896037408094
2635,3.37,2.3930336975199067
2636,4.0,2.8410513734043277
2637,6.05,4.29626444012162
2638,5.27,3.743019359415606
2639,3.06,2.1733715497954726
2640,3.33,2.3651650888352793
2641,3.06,2.17284575746422
2642,3.52,2.50001033952356
2643,6.11,4.339196280659417
2644,3.26,2.3154417261668057
2645,4.32,3.06786062196252
2646,4.759999999999999,3.3803401749718245
2647,3.84,2.726965211841282
2648,3.52,2.500031520603561
2649,2.36,1.6762682797961308
2650,4.0,2.840427114454957
2651,3.27,2.3220731153420218
2652,4.23,3.003636217160503
2653,3.3,2.3431771786376183
2654,5.73,4.069160314641858
2655,4.51,3.2026516107324383
2656,2.46,1.7471245304290413
2657,3.02,2.144668723152332
2658,3.58,2.542179933876939
2659,3.4,2.4142690339539845
2660,3.46,2.45685143867799
2661,4.16,2.9545034582284373
2662,3.49,2.478453339736478
2663,4.63,3.2881656114740765
2664,4.05,2.875742152349952
2665,2.17,1.5412406779176362
2666,3.64,2.5848457797935462
2667,4.37,3.1032069695562545
2668,3.34,2.3719508144773864
2669,5.96,4.232129219966653
2670,3.59,2.549323949805316
2671,3.9900000000000007,2.8332589855022112
2672,4.48,3.1819232841731435
2673,4.58,3.2525332261530924
2674,3.33,2.3647067245410693
2675,3.36,2.3859307294246683
2676,5.359999999999999,3.80647755452872
2677,3.36,2.3864086751646334
2678,4.699999999999999,3.337774304074689
2679,4.58,3.2525679985137077
2680,3.9,2.769451075045634
2681,4.61,3.2740299009336513
2682,3.87,2.7481475326301568
2683,3.64,2.585400249222519
2684,4.769999999999999,3.387237638604594
2685,3.53,2.507223406887131
2686,4.42,3.1391714337377503
2687,4.33,3.0748621941582495
2688,3.16,2.2441176908872764
2689,3.77,2.677160467738335
2690,3.1,2.2016580870253644
2691,3.59,2.5491899898417603
2692,3.06,2.173006119889691
2693,3.66,2.599502128697102
2694,6.36,4.516358237186763
2695,2.87,2.037969315489922
2696,4.17,2.9611225554140783
2697,5.67,4.026630549642717
2698,3.79,2.691735103209397
2699,4.43,3.145628859944161
2700,3.25,2.307974016814455
2701,3.74,2.6560054262506534
2702,4.19,2.9758926464389996
2703,2.96,2.1024407500810174
2704,3.97,2.8194176077692994
2705,4.969999999999999,3.52952946503026
2706,3.75,2.6627825732359347
2707,4.34,3.0818903208774078
2708,3.58,2.5422481930871075
2709,5.5,3.9061295652911068
2710,2.7,1.917718575911319
2711,2.98,2.1164345148278527
2712,3.57,2.535376765875168
2713,2.37,1.6833516777582862
2714,3.1,2.2018140520630514
2715,4.17,2.960971558882845
2716,2.78,1.97451331164615
2717,2.99,2.1236891546346146
2718,5.259999999999999,3.735654909319543
2719,2.46,1.7470831862875598
2720,1.78,1.2640571460302417
2721,2.94,2.0879998151035433
2722,5.349999999999999,3.7990187474454427
2723,3.69,2.6207693794042473
2724,3.84,2.7273147581549035
2725,3.15,2.237325769248633
2726,2.7,1.9174337560322263
2727,5.58,3.963100432575622
2728,3.38,2.4004677154370033
2729,3.9800000000000004,2.8264729428503643
2730,2.81,1.9956277061612773
2731,3.49,2.4787022771885625
2732,2.93,2.080885217449024
2733,4.44,3.1535809960386634
2734,2.91,2.0667779619292763
2735,3.64,2.5853325797695774
2736,4.71,3.3445426953402944
2737,3.56,2.528110940497573
2738,4.59,3.2599457935501106
2739,3.58,2.542359700384908
2740,2.79,1.9816551361567476
2741,3.81,2.7059551645815043
2742,3.24,2.3009151014499034
2743,4.12,2.926241957398965
2744,5.29,3.757198373618957
2745,2.33,1.654881955710807
2746,3.91,2.7770621972427594
2747,5.3,3.7635491789554596
2748,4.06,2.88320234989816
2749,4.05,2.875838649561747
2750,3.4,2.4147102733704684
2751,4.71,3.345008133371275
2752,3.35,2.378914721329299
2753,3.32,2.3576087298163513
2754,4.53,3.216830967654722
2755,3.9299999999999997,2.7908931721838215
2756,3.09,2.194410308497644
2757,3.42,2.428572541576492
2758,3.66,2.599085137299039
2759,3.72,2.6418945259938242
2760,4.46,3.167708712761814
2761,4.86,3.4517667947987167
2762,3.34,2.372239993441309
2763,2.74,1.9459895944676018
2764,3.64,2.5853199551251436
2765,5.309999999999999,3.7709534582403323
2766,4.02,2.8551668864225865
2767,4.36,3.096603062815981
2768,4.51,3.2025740749627767
2769,5.29,3.7569584497203117
2770,3.48,2.4715227323306443
2771,3.31,2.3505735188308368
2772,3.8299999999999996,2.7198677728151175
2773,3.95,2.8054398496084816
2774,4.749999999999999,3.373518591610313
2775,3.76,2.670222540923426
2776,3.8299999999999996,2.719797785791197
2777,5.4799999999999995,3.8921143536903773
2778,4.54,3.2244385400669913
2779,4.1,2.9113650652133756
2780,4.22,2.997116039201492
2781,3.35,2.378938010201631
2782,1.7,1.2072662054042949
2783,4.5,3.195558642244382
2784,3.09,2.194631280416296
2785,2.31,1.6406811753605655
2786,2.58,1.832498351277914
2787,3.06,2.173475652963118
2788,3.8,2.698634772133059
2789,4.31,3.061216421703044
2790,3.11,2.2084837458241706
2791,3.44,2.4430799725669616
2792,4.71,3.3451650001316477
2793,2.92,2.073636394196826
2794,3.49,2.4786647795327115
2795,2.48,1.7614660607242638
2796,3.48,2.4716401501440455
2797,2.66,1.8892184300694568
2798,3.19,2.265417379232301
2799,2.85,2.024053797844675
2800,4.34,3.081874568208499
2801,4.17,2.9617065580002313
2802,4.49,3.1887186698205556
2803,5.519999999999999,3.919924545774884
2804,4.07,2.890071683848511
2805,3.14,2.2300642288229975
2806,4.65,3.3026485305722324
2807,3.45,2.4498365962890367
2808,4.839999999999999,3.4374081007685917
2809,4.72,3.3521595551081766
2810,3.73,2.6488159183571116
2811,4.33,3.075401368258001
2812,3.47,2.463908137851918
2813,4.02,2.8551589305640577
2814,4.58,3.252612629042891
2815,3.44,2.4429524593815377
2816,3.04,2.1590419867051795
2817,3.45,2.4500802451798402
2818,2.52,1.7895136716674336
2819,4.06,2.88303231543305
2820,2.65,1.8818263154309058
2821,5.309999999999999,3.7709003309225664
2822,3.97,2.8195635544362654
2823,4.83,3.430446194637221
2824,2.98,2.1160788781513857
2825,4.05,2.876611699036533
2826,3.7,2.627853327052588
2827,3.36,2.386329661676147
2828,4.61,3.2739259262032157
2829,1.81,1.285544892583809
2830,3.09,2.1946683793273354
2831,2.55,1.811138298477777
2832,3.91,2.7764901948375194
2833,3.8900000000000006,2.7628455772362743
2834,4.43,3.146501964015815
2835,4.929999999999999,3.5013250413027293
2836,4.35,3.0895070884868803
2837,3.1,2.201448514947293
2838,5.27,3.742466907475808
2839,5.039999999999999,3.579104981384241
2840,5.27,3.742389340485286
2841,4.789999999999999,3.4015024859949117
2842,4.01,2.847645252276158
2843,5.309999999999999,3.7711209308078053
2844,4.46,3.1670182915644656
2845,4.47,3.174254814901882
2846,5.169999999999999,3.6714658888428944
2847,3.7,2.6275591191625303
2848,3.94,2.7975694203077013
2849,2.96,2.1024103315435654
