Instance,T2M_Actual,T2M_Predicted
1,12.42,8.900460301036235
2,24.26,17.378307231936276
3,19.36,13.868360444945775
4,22.89,16.396355043736015
5,20.3,14.541240082668915
6,17.18,12.307991345194568
7,24.49,17.54050387025205
8,22.21,15.911598128371566
9,19.36,13.867436394599437
10,20.34,14.570645565264803
11,13.789999999999997,9.882434731273872
12,17.03,12.20063853754104
13,19.11,13.69105412234054
14,24.2,17.332676426302363
15,22.17,15.879642662923885
16,22.47,16.096618093047923
17,22.36,16.019038388443228
18,10.09,7.231523602268502
19,17.58,12.594432908692092
20,18.43,13.20296256848025
21,14.27,10.225974700092534
22,21.91,15.692997375185236
23,14.24,10.203802391902723
24,23.22,16.63080258752783
25,20.12,14.412447587904976
26,19.66,14.082967386265054
27,24.45,17.511608591000623
28,22.02,15.774343148839602
29,21.74,15.572495760462829
30,19.82,14.19779037357905
31,20.73,14.84815271058705
32,15.019999999999998,10.762007893596031
33,16.25,11.643275933542203
34,20.72,14.843574496764802
35,13.12,9.401123633942046
36,10.34,7.410811895351624
37,20.16,14.440737865599832
38,19.35,13.861168761040172
39,18.79,13.463255477371387
40,20.82,14.913679708358428
41,10.48,7.510965101762836
42,18.85,13.505824774088893
43,24.17,17.313181354241507
44,22.27,15.9511636242502
45,23.6,16.90429655494767
46,21.87,15.664157217861911
47,11.39,8.16241607676058
48,15.53,11.12810229777819
49,20.36,14.583394986478261
50,22.27,15.951393557271519
51,17.82,12.766420695938429
52,11.82,8.47141681379497
53,12.17,8.720544890634876
54,17.82,12.76805118918924
55,13.719999999999999,9.831230925377788
56,17.06,12.223178601689806
57,9.94,7.124163866168202
58,19.84,14.211904358022338
59,7.779999999999999,5.577306198859248
60,23.23,16.64196656934265
61,14.62,10.47561995597172
62,23.61,16.914821154629372
63,9.96,7.138211027317689
64,13.48,9.660467919899602
65,23.51,16.84203818615238
66,19.01,13.616882362004262
67,22.09,15.82134468045268
68,7.339999999999999,5.261560747327216
69,18.93,13.560904588894442
70,15.33,10.985215001679666
71,24.49,17.54237865709559
72,8.81,6.314415570019948
73,20.65,14.793299670603245
74,19.82,14.200705975030747
75,20.52,14.697977999136635
76,17.14,12.27912680936605
77,7.54,5.405251935901681
78,17.07,12.2293554595125
79,10.44,7.481970189521606
80,25.040000000000003,17.9370520649601
81,8.65,6.199763970952765
82,10.7,7.6687325711136385
83,18.45,13.218766387185857
84,11.49,8.234768401738737
85,21.36,15.299309007632223
86,22.47,16.097642480173562
87,21.58,15.456159771181934
88,8.56,6.135173501167265
89,17.91,12.830689043589489
90,18.54,13.28116039241054
91,11.69,8.377818839765542
92,19.33,13.85046895737394
93,19.92,14.269167577459955
94,19.04,13.640669138137637
95,22.81,16.336469261445632
96,18.22,13.051779956056384
97,21.26,15.228571456384495
98,16.67,11.94326233141044
99,16.62,11.907740107120759
100,12.37,8.864313790358768
101,20.38,14.597835809629496
102,5.52,3.956995578804914
103,9.63,6.902064222971281
104,16.63,11.91602357688481
105,6.070000000000001,4.351132820843657
106,21.82,15.628060528731261
107,8.47,6.070729934615933
108,19.29,13.818233194818138
109,21.69,15.534929311256214
110,21.12,15.126359479670358
111,21.39,15.321370359353317
112,22.88,16.388788928676146
113,22.62,16.202194204606947
114,21.68,15.528384192826257
115,14.16,10.145824176200804
116,11.69,8.37766563040192
117,20.85,14.93582382331492
118,23.48,16.817393004770434
119,11.51,8.248925026743738
120,21.4,15.329458816173535
121,20.35,14.576173866425178
122,17.84,12.780200774994793
123,20.72,14.841898982825793
124,11.2,8.026828121644897
125,24.85,17.799892479210424
126,10.24,7.3394967652005425
127,11.88,8.514035478082977
128,22.21,15.907593367250275
129,16.45,11.786770763988073
130,22.45,16.079413673899605
131,18.7,13.398408503614126
132,20.24,14.498470103028788
133,9.05,6.486680225212892
134,24.02,17.205215442526672
135,19.98,14.3125619603517
136,22.53,16.137420534404058
137,21.12,15.12842649484312
138,10.44,7.482031556793034
139,20.8,14.903427483995634
140,11.94,8.55778267139247
141,25.27,18.099675716745
142,22.48,16.101832756385203
143,12.96,9.28884602514023
144,22.67,16.23867031595804
145,11.94,8.55733782059159
146,10.14,7.267296906685998
147,7.85,5.626986907663727
148,16.67,11.943818450448383
149,9.19,6.586745279230178
150,9.26,6.636990499120229
151,20.8,14.898208240574089
152,16.36,11.722136634515914
153,8.66,6.207320055632197
154,15.029999999999998,10.76882000750155
155,15.520000000000001,11.121080512828199
156,14.99,10.74087930477689
157,21.31,15.2633848866503
158,22.81,16.33810040210896
159,9.92,7.1102264147636705
160,10.32,7.396274867762262
161,6.85,4.910122149608961
162,18.53,13.274143688504765
163,24.81,17.771177266395778
164,17.67,12.65881965962506
165,21.04,15.070343128732153
166,21.8,15.618361355089108
167,21.36,15.298735433304309
168,20.45,14.648338101639979
169,4.53,3.2474599061060925
170,19.87,14.234716271548217
171,16.53,11.844628572620534
172,16.18,11.592400184701326
173,7.95,5.698069628105095
174,18.55,13.290955601516238
175,17.53,12.5613499169234
176,8.52,6.106468303783194
177,9.81,7.030825833095846
178,8.01,5.741588217859786
179,23.45,16.797045308144934
180,10.28,7.36747994230563
181,9.41,6.7441694878138625
182,11.25,8.062799341638476
183,10.44,7.482513377707167
184,22.69,16.25119590125943
185,19.02,13.625029012058869
186,7.97,5.712693554318604
187,21.69,15.539648105550938
188,23.93,17.139714177387873
189,8.65,6.2001154002988095
190,19.44,13.92685735176613
191,16.11,11.543298468376307
192,14.910000000000002,10.683075345062665
193,7.38,5.2898860078833865
194,17.51,12.544782048166283
195,24.52,17.564914244367483
196,18.28,13.095588423398627
197,16.16,11.577795063017827
198,5.26,3.77079158250536
199,15.16,10.862451833062197
200,18.91,13.54738311426337
201,20.74,14.855862310406703
202,13.59,9.738509678187013
203,13.64,9.774692372893732
204,9.31,6.672470954006609
205,20.92,14.984652153274567
206,16.15,11.57318023278707
207,24.5,17.54875596669811
208,19.86,14.225605286629353
209,19.58,14.025590018718031
210,9.37,6.715695305275278
211,10.17,7.288931261293776
212,11.22,8.04105913688123
213,17.44,12.496431889158336
214,12.43,8.90735621055299
215,22.84,16.358096561491536
216,23.57,16.88230177115148
217,17.54,12.568207361090902
218,21.62,15.486037752470796
219,20.91,14.977002331200227
220,7.900000000000001,5.662087639179938
221,18.18,13.023995183978487
222,22.36,16.016036599380282
223,12.02,8.613709969119077
224,13.91,9.966994022554033
225,12.500000000000002,8.95844952776541
226,11.08,7.940181994145288
227,21.52,15.417928467164364
228,21.75,15.58108136185364
229,13.54,9.702459955151951
230,9.08,6.508162680849491
231,20.78,14.885105840099378
232,15.54,11.134400153220474
233,20.18,14.454959039027319
234,24.34,17.435508362212392
235,19.48,13.954310254299358
236,21.9,15.689789174902645
237,12.73,9.12268624733681
238,20.29,14.537170640891816
239,16.24,11.636354871601334
240,20.14,14.426141767923342
241,9.67,6.930695096729327
242,13.55,9.71006131735452
243,21.43,15.34916168407148
244,10.66,7.640120306224797
245,21.44,15.358095578626815
246,12.92,9.258732530008125
247,20.43,14.633912378036266
248,13.02,9.330117459171548
249,13.779999999999998,9.874449879040156
250,9.4,6.7372511177521694
251,6.93,4.96749142913503
252,18.83,13.4892529503328
253,15.06,10.792444571979264
254,20.04,14.354876558964992
255,8.19,5.8700912889930015
256,23.14,16.572802735880007
257,18.1,12.969602397910549
258,11.55,8.277182946372271
259,5.86,4.200457041147182
260,15.79,11.313410513211382
261,14.81,10.61192028322096
262,17.21,12.330421871847234
263,23.8,17.045702596834598
264,12.76,9.144043297945629
265,12.19,8.735729011403496
266,18.03,12.916630278024396
267,6.45,4.6235126621238
268,21.19,15.17751529018988
269,20.38,14.598943771727884
270,12.799999999999999,9.172558671726817
271,11.82,8.47060924992488
272,25.69,18.399350129031617
273,15.500000000000002,11.105979863423443
274,23.19,16.609535749589348
275,13.82,9.902852865894213
276,16.14,11.565156500893064
277,13.9,9.961134604653045
278,17.04,12.208762305100192
279,11.91,8.534984982997072
280,18.8,13.467387258863573
281,5.89,4.22204712445565
282,16.51,11.828660384156997
283,12.59,9.02166862676916
284,21.72,15.558838114305114
285,20.48,14.672088069067
286,14.27,10.225381563791728
287,10.31,7.38874503044729
288,23.19,16.610985243480904
289,19.67,14.092322431687432
290,12.42,8.900375676005067
291,19.2,13.753751164785246
292,17.24,12.351235221542973
293,19.76,14.158987501221677
294,9.82,7.038254613168032
295,9.22,6.608694157840606
296,20.49,14.676389621144711
297,21.43,15.350000516766897
298,22.6,16.190098173223156
299,20.74,14.860059069405951
300,20.94,14.998934917312841
301,20.84,14.928804290273732
302,21.32,15.270917837177691
303,19.82,14.19762300377578
304,20.6,14.758071492763756
305,19.0,13.613231863718243
306,24.13,17.28620358672869
307,16.05,11.500413096174421
308,10.35,7.4181303853746545
309,20.53,14.70710072176993
310,8.03,5.756408657833838
311,15.039999999999997,10.776828510684599
312,7.31,5.2400196052802075
313,18.82,13.483968535319283
314,21.81,15.62057529313485
315,20.48,14.67007130220261
316,14.350000000000001,10.283505865069952
317,11.29,8.090878058961097
318,15.15,10.855911010652497
319,22.74,16.291679788290992
320,11.27,8.07726618841299
321,8.51,6.099511288308081
322,13.139999999999999,9.416471303710264
323,15.91,11.399824889169007
324,21.17,15.163133478076091
325,11.98,8.585248967646141
326,19.82,14.197752151243883
327,21.13,15.134799171433384
328,9.62,6.895301144875386
329,24.99,17.899359519524946
330,18.87,13.518151288307239
331,15.579999999999998,11.164388591823611
332,21.16,15.15898888908798
333,21.07,15.092297415032274
334,18.79,13.462341920971298
335,15.91,11.400257972337355
336,16.22,11.62222276807122
337,6.240000000000001,4.47277664925458
338,8.07,5.784811251330406
339,19.8,14.183090930362727
340,7.6,5.447540868851348
341,13.749999999999998,9.853934092305092
342,12.96,9.286987174299043
343,15.569999999999999,11.156441679127795
344,19.52,13.983560527064443
345,14.45,10.35410620925453
346,20.74,14.85592481834617
347,7.82,5.605368176452336
348,17.61,12.618404158297347
349,20.08,14.384129063395658
350,13.129999999999999,9.40917636404958
351,12.01,8.607772160627576
352,11.03,7.90561296572701
353,11.44,8.199498480713627
354,9.64,6.909146933027778
355,9.03,6.472944826996048
356,21.03,15.064858799292193
357,21.28,15.241651329983572
358,20.81,14.905166539929306
359,16.61,11.900195785782238
360,10.9,7.811541421027829
361,19.6,14.042357774231109
362,11.93,8.549612056837912
363,21.14,15.142848837580365
364,19.66,14.08227257574192
365,20.48,14.66940636306004
366,21.75,15.57857207483615
367,24.56,17.59005697149068
368,7.94,5.691583243640636
369,15.579999999999998,11.164474794331033
370,9.76,6.995156639055385
371,23.36,16.73505903963584
372,21.8,15.613832908998493
373,19.42,13.911121735769735
374,18.9,13.541711362091636
375,18.18,13.025690763066482
376,20.46,14.657907463114627
377,20.95,15.006222149112482
378,19.32,13.839773783920853
379,11.37,8.148848838830908
380,23.15,16.5819047178984
381,10.26,7.352966275363805
382,8.3,5.949025588086046
383,14.360000000000001,10.290805891545277
384,16.5,11.822050099662208
385,22.96,16.44645839813938
386,22.95,16.43799060711584
387,19.96,14.297257163362378
388,17.21,12.331120335792358
389,19.6,14.040336071346779
390,21.82,15.627738034768113
391,20.38,14.599575076825085
392,18.02,12.911491692593104
393,19.62,14.057064401030253
394,24.57,17.5988157865266
395,6.95,4.9815304444767925
396,20.45,14.65208416173813
397,20.73,14.853693272333574
398,16.24,11.636289282812387
399,20.24,14.497889316043024
400,16.36,11.721305650816342
401,21.1,15.113608689800238
402,22.48,16.103511274925392
403,22.36,16.015717304344175
404,7.039999999999999,5.0465507120734046
405,12.0,8.600409121754515
406,13.88,9.946063024335306
407,14.910000000000002,10.683825852242613
408,17.03,12.203114305995575
409,7.779999999999999,5.57657418782903
410,8.01,5.7415323514474315
411,20.73,14.848193696781557
412,19.11,13.689284907200093
413,14.45,10.354470327224345
414,21.54,15.42822906006881
415,8.2,5.87773182568882
416,18.9,13.539664659244034
417,8.54,6.121277465004791
418,22.0,15.760323967649814
419,4.27,3.061142635921885
420,19.4,13.897720066154685
421,18.74,13.424672908474806
422,11.09,7.947636094808945
423,20.12,14.41634798663771
424,17.7,12.680764314075397
425,8.38,6.006045048775955
426,20.2,14.470916463227018
427,12.480000000000002,8.943174237207304
428,20.34,14.5702460538937
429,10.55,7.560719525306223
430,20.21,14.476935331976092
431,23.75,17.010688058412807
432,15.480000000000002,11.09194989016697
433,10.66,7.640243228912111
434,13.070000000000002,9.36587021921873
435,14.000000000000002,10.03200837758301
436,20.44,14.640223586136523
437,20.78,14.88480937557523
438,22.32,15.985815842288154
439,22.64,16.216128274988115
440,24.25,17.37159531610096
441,11.16,7.99777285303165
442,21.08,15.100498875453741
443,9.37,6.715913779294587
444,8.98,6.436326764307442
445,7.039999999999999,5.046889707395061
446,17.99,12.888045960306053
447,20.16,14.440591646182186
448,17.14,12.280649471890818
449,20.42,14.625889317521017
450,9.92,7.1094690284817785
451,26.92,19.281830276466252
452,14.62,10.477640964376691
453,22.22,15.914425395915716
454,23.72,16.989879384553443
455,9.8,7.023726809300264
456,21.58,15.460107694214129
457,20.37,14.591559030210929
458,7.54,5.404631590876479
459,18.97,13.589975858272132
460,22.87,16.380284836876356
461,7.24,5.18950452178302
462,7.97,5.712865480223101
463,22.16,15.872279298049756
464,14.79,10.596963974271613
465,19.73,14.136233993087677
466,20.61,14.764309884729695
467,19.67,14.089679229679394
468,11.61,8.320952656170627
469,25.45,18.228982240690154
470,20.52,14.700842058984502
471,21.33,15.27683394799252
472,12.67,9.080500561508405
473,22.05,15.797447747200351
474,18.85,13.503168776282084
475,9.88,7.081204906506583
476,11.22,8.041147103584727
477,22.55,16.150437947962295
478,10.3,7.381922271569437
479,15.45,11.07063632638092
480,20.09,14.390889535098422
481,22.8,16.33058648443844
482,23.0,16.477585316296405
483,15.480000000000002,11.091273640726278
484,15.810000000000002,11.327946566143693
485,9.24,6.622706405708832
486,11.12,7.9691562245992476
487,9.48,6.794624310310235
488,20.14,14.42736972694577
489,18.72,13.411599986977636
490,20.85,14.934660785055648
491,15.13,10.840669016671367
492,15.510000000000002,11.112460676469084
493,21.54,15.427887042707022
494,9.3,6.665285108829381
495,11.24,8.05578422415847
496,20.58,14.740838414429245
497,8.27,5.927735397260975
498,15.43,11.056582418704313
499,16.45,11.786636384044323
500,14.699999999999998,10.533086607824092
501,19.85,14.223583314751647
502,10.22,7.324858340066493
503,18.02,12.908777707916414
504,20.46,14.656321360595525
505,11.5,8.241302297645465
506,8.68,6.221553206555552
507,12.33,8.83576316503405
508,17.37,12.444465177000081
509,11.16,7.997881752294609
510,21.01,15.050637311830148
511,19.07,13.663663610850666
512,19.95,14.289513033755869
513,12.73,9.121965357581068
514,16.66,11.937116433484888
515,10.18,7.295427108859057
516,14.96,10.720346437436772
517,13.739999999999998,9.846545702690833
518,17.78,12.738730208130459
519,24.75,17.728297808215416
520,17.79,12.745033208803433
521,15.599999999999998,11.178031319051875
522,11.31,8.105413832503508
523,21.67,15.521744337701433
524,13.47,9.653036767607876
525,18.7,13.39604479261764
526,22.17,15.879964045426915
527,17.14,12.280476087997403
528,24.24,17.363946239999162
529,11.66,8.356258341533325
530,19.77,14.164495154317553
531,20.51,14.69175448428115
532,10.54,7.553638245345169
533,10.68,7.654299886577345
534,11.64,8.341420053085708
535,20.21,14.478476994857362
536,24.36,17.447968581736436
537,19.64,14.069372780750586
538,13.11,9.394792944588024
539,12.01,8.606534793114607
540,13.26,9.502682339105055
541,11.69,8.378787662427417
542,18.54,13.281375908626684
543,23.04,16.50276994333787
544,23.04,16.503568854608407
545,20.79,14.893036720158376
546,23.03,16.49530015714845
547,18.06,12.938823030897831
548,10.84,7.769111717093817
549,8.56,6.135124890057806
550,26.6,19.05172150380097
551,23.79,17.03862568347312
552,23.56,16.875600063692126
553,14.28,10.23292857839323
554,9.22,6.6082383959902415
555,22.73,16.279962473343282
556,16.97,12.159340127507834
557,9.96,7.137998511469115
558,6.409999999999999,4.595330349454992
559,13.129999999999999,9.409596339863871
560,18.96,13.583879787010366
561,20.83,14.920385536705355
562,11.05,7.9192018616274735
563,13.88,9.946421975159126
564,10.88,7.798012164075472
565,26.09,18.687638772080742
566,19.45,13.93228439710766
567,22.06,15.799321627363733
568,17.38,12.453308638762444
569,9.75,6.9881145022805065
570,17.6,12.609140022687054
571,8.81,6.314526064116775
572,13.189999999999998,9.451893996399617
573,16.33,11.699535229096215
574,20.67,14.80522622269574
575,19.65,14.076509045924125
576,15.77,11.299165638866555
577,10.96,7.854670508728269
578,23.91,17.12790007367931
579,10.74,7.697020123134311
580,21.06,15.087945081913931
581,20.5,14.683666641645422
582,21.4,15.332219410382331
583,22.16,15.87509865811043
584,17.78,12.739692023143471
585,7.82,5.605346324588098
586,20.52,14.698280023322152
587,20.67,14.80496590122238
588,17.19,12.317693430562151
589,15.67,11.229208098172844
590,18.57,13.303079997736702
591,15.209999999999999,10.89878400335501
592,23.69,16.96953835227959
593,22.16,15.871366135384571
594,6.73,4.824735706871025
595,20.41,14.623385822176617
596,20.18,14.455129501829465
597,10.15,7.2747185716581955
598,5.2,3.727584795788197
599,21.89,15.67914133431207
600,21.34,15.285843139665095
601,22.53,16.139254128725977
602,24.09,17.25375877980593
603,5.46,3.9140358836614015
604,21.85,15.654227752780464
605,10.78,7.726213149533841
606,16.19,11.601422997630161
607,19.77,14.164130698105346
608,10.09,7.231221400121547
609,21.25,15.219837225363095
610,21.57,15.451479864242042
611,17.75,12.717280022693002
612,12.4,8.8869833957943
613,20.88,14.956341361142025
614,11.55,8.277152075875858
615,20.47,14.665326499359168
616,16.53,11.843191490297079
617,13.54,9.703309187845655
618,13.32,9.545169514652983
619,22.24,15.929466670384512
620,12.76,9.14406853188138
621,20.19,14.462378004458841
622,21.96,15.731197692491191
623,16.55,11.857474363581664
624,20.78,14.884532643450889
625,23.57,16.880842018383795
626,20.16,14.440573557573488
627,18.49,13.249100557461325
628,22.48,16.101382698686248
629,22.23,15.923950130303641
630,17.97,12.87392866537092
631,21.18,15.17107532497277
632,21.52,15.413906649777623
633,10.16,7.281533490010433
634,19.85,14.2229200680024
635,9.06,6.493614714103728
636,19.84,14.211281896846904
637,22.52,16.130755929697987
638,23.45,16.79836892652146
639,7.750000000000001,5.554799399874712
640,9.16,6.565426423381239
641,14.920000000000002,10.691307865498748
642,9.43,6.75858208500334
643,13.990000000000002,10.025323649548678
644,12.35,8.850498722714944
645,20.86,14.94397700814487
646,9.21,6.601334991549765
647,20.55,14.720145228633717
648,21.85,15.649760612799522
649,7.460000000000001,5.346968757466339
650,16.28,11.665076228393344
651,18.85,13.50349210372974
652,13.21,9.466118634662006
653,9.29,6.658198803142573
654,12.23,8.764230413916398
655,18.15,13.00203052185288
656,22.82,16.346871970403814
657,12.850000000000001,9.20958145983852
658,23.44,16.786521899220443
659,24.08,17.249936590586213
660,21.04,15.071186579262807
661,10.29,7.3751210547462795
662,20.16,14.440115946111957
663,9.92,7.10975727861177
664,20.59,14.747892027321663
665,6.85,4.909969513456971
666,22.67,16.237023840488
667,21.48,15.38485881099942
668,23.64,16.936222056980622
669,10.86,7.782942555049216
670,12.08,8.657137804308569
671,10.02,7.181617060724715
672,10.3,7.381813264671509
673,22.14,15.858647599176084
674,13.1,9.387592265169879
675,12.2,8.7432693888842
676,22.36,16.014398363899154
677,9.28,6.651487384186134
678,12.78,9.158045424238237
679,15.229999999999999,10.912881746689818
680,23.31,16.69768078456496
681,18.23,13.060354809090335
682,19.11,13.69042645087535
683,24.09,17.254440914730093
684,20.17,14.45148248624294
685,25.78,18.46454509934732
686,11.2,8.026494356158244
687,20.66,14.797750879479699
688,13.159999999999998,9.430444369315905
689,20.54,14.712525063629046
690,22.3,15.974228778851899
691,12.01,8.60698117393337
692,21.47,15.382315879168829
693,12.500000000000002,8.958330103352337
694,13.990000000000002,10.024831184366297
695,15.16,10.86250340404246
696,14.950000000000001,10.71318380583619
697,21.61,15.477359560712104
698,9.09,6.515196880498196
699,19.09,13.674886581313151
700,20.49,14.677478192599338
701,22.18,15.887004176869318
702,21.38,15.31284484200437
703,20.14,14.428814970757196
704,20.15,14.433482755292108
705,10.33,7.403563832927924
706,22.33,15.994290999169166
707,20.38,14.598519847093181
708,10.39,7.446965214988808
709,13.32,9.545123788042114
710,15.9,11.393045330156886
711,25.56,18.307402840430328
712,18.41,13.189024050838581
713,8.39,6.01397943203892
714,22.46,16.086354603006022
715,23.89,17.11043010507414
716,21.82,15.631811494078311
717,20.89,14.962743833442367
718,6.56,4.702469747258694
719,16.48,11.8095676211605
720,19.29,13.81815722090733
721,21.3,15.256703487577402
722,21.44,15.356536319637437
723,22.01,15.765130869405793
724,16.16,11.578886673320344
725,7.180000000000001,5.146327789002251
726,21.94,15.715515442957232
727,19.31,13.834382641738381
728,21.07,15.091799758543097
729,19.67,14.09172635290614
730,15.280000000000001,10.949851247829578
731,20.35,14.578686239060145
732,15.34,10.991424633354127
733,14.119999999999997,10.118369318177933
734,22.42,16.057492828403007
735,20.65,14.791416598333898
736,18.18,13.024086862248534
737,8.8,6.30751807049596
738,10.01,7.1742765272761195
739,14.940000000000001,10.705290552413892
740,22.1,15.828821492595504
741,19.38,13.883257594260941
742,16.86,12.079728651188473
743,19.44,13.925135976089996
744,22.75,16.295504828581517
745,24.26,17.376900950089876
746,8.09,5.798952001602267
747,21.2,15.18535306406458
748,9.36,6.708263970210685
749,5.47,3.921437226806828
750,22.61,16.19623365456831
751,13.22,9.473548661348604
752,4.49,3.218870210000177
753,23.47,16.813550917175803
754,7.779999999999999,5.5763090457169096
755,25.009999999999998,17.91643543743667
756,20.17,14.448948454817383
757,21.76,15.587106210587114
758,18.71,13.403693832907
759,17.39,12.4606108282282
760,9.51,6.815734688093923
761,22.35,16.008456189955023
762,20.58,14.743426489745863
763,16.88,12.094521660533303
764,13.970000000000002,10.010947857216252
765,19.76,14.157085179534697
766,16.38,11.736419554041913
767,13.22,9.474709809609113
768,19.3,13.826621926979502
769,23.49,16.825242558127947
770,21.39,15.320366116472007
771,17.22,12.336080780736014
772,12.480000000000002,8.943573628942572
773,5.34,3.827923269024183
774,17.43,12.488890956898617
775,7.789999999999999,5.5833961506061005
776,13.69,9.809256021510953
777,20.16,14.439821764438072
778,19.54,13.996677629809199
779,10.04,7.195508259453612
780,19.3,13.82579893017669
781,19.28,13.811636166036157
782,11.71,8.39153853298107
783,8.61,6.171630100953811
784,19.47,13.946676539180997
785,14.360000000000001,10.289767675810682
786,22.57,16.16787163648688
787,18.96,13.58219488770486
788,17.01,12.1893072207945
789,18.47,13.232290956133635
790,20.15,14.436846676994586
791,9.98,7.152455962194715
792,16.0,11.464071280988806
793,23.92,17.13396028098683
794,8.8,6.306896081556903
795,21.98,15.743419966492414
796,11.86,8.49925125143012
797,12.23,8.764009198357039
798,13.21,9.466365025184734
799,18.86,13.510597823730686
800,19.07,13.660699460538062
801,10.0,7.166779995373812
802,16.65,11.92831247895806
803,18.58,13.310637318166563
804,16.73,11.98723837248263
805,24.66,17.66131293923569
806,14.15,10.140163940241367
807,14.47,10.369244960727675
808,20.36,14.583898308768296
809,20.56,14.726994068643009
810,21.39,15.319505840216074
811,22.61,16.193581462070096
812,21.36,15.302623218424527
813,21.64,15.499363405776322
814,7.470000000000001,5.354201096878001
815,20.6,14.754894942606212
816,15.43,11.056387742120766
817,20.89,14.963787689992914
818,13.04,9.345317770329132
819,17.68,12.666627588354263
820,22.27,15.95281911630047
821,15.470000000000002,11.083609716197321
822,22.46,16.086590956750587
823,22.74,16.289785574919094
824,17.21,12.329591013370106
825,27.0,19.336339162368358
826,20.4,14.612602809791158
827,19.25,13.789754808172257
828,21.0,15.043353498121375
829,21.84,15.645231253762441
830,9.48,6.794482698976449
831,17.02,12.193783243030158
832,14.6,10.461774045668374
833,21.08,15.101087124034825
834,7.029999999999999,5.039191544352618
835,21.28,15.242647891741017
836,20.7,14.826788695926115
837,17.43,12.487960028864705
838,21.74,15.57404131662252
839,12.96,9.288444891262051
840,18.93,13.560591439131477
841,24.37,17.45482376129835
842,13.430000000000001,9.624219827632576
843,21.36,15.302075467894365
844,20.17,14.448447819630937
845,22.55,16.15157412148451
846,16.1,11.535707610116008
847,24.74,17.719167137637076
848,15.91,11.400263956027263
849,14.82,10.61886364129764
850,21.39,15.320933718201628
851,16.76,12.006750664252847
852,19.92,14.271054175774546
853,21.37,15.306590918257397
854,24.960000000000004,17.87958884743831
855,12.44,8.916674112412778
856,19.92,14.273664817458446
857,12.16,8.714112487021431
858,20.32,14.555925999947963
859,20.75,14.864061591035602
860,10.86,7.783264121810611
861,6.889999999999999,4.939247505865856
862,16.76,12.00861224590068
863,21.91,15.693294544686854
864,13.68,9.802971033523546
865,20.03,14.348410701674885
866,23.68,16.95971645279102
867,21.72,15.55678480113847
868,13.03,9.33687138356195
869,19.6,14.040286596116436
870,12.76,9.144324564894156
871,16.53,11.84304246892999
872,12.819999999999999,9.187190022375605
873,23.96,17.163785682559528
874,13.12,9.401931588690971
875,15.77,11.30042816048308
876,17.32,12.408668962257122
877,16.42,11.765699952092117
878,10.05,7.20313250982297
879,19.1,13.682241117695384
880,17.44,12.494537717059885
881,20.69,14.820803264480706
882,11.18,8.011939273368212
883,7.460000000000001,5.347282587212437
884,9.12,6.536689301296047
885,21.03,15.064261103127201
886,12.38,8.871975762687624
887,22.01,15.763828691324592
888,24.66,17.66427478549904
889,20.71,14.837405963683112
890,18.08,12.951561928863992
891,12.78,9.158301389159954
892,21.1,15.11416391851951
893,21.8,15.617325090998788
894,16.64,11.922985580092156
895,14.53,10.411849061995579
896,8.92,6.393599958790839
897,12.08,8.65846899990309
898,10.45,7.489611216264786
899,19.61,14.047789664528999
900,20.33,14.562214040949467
901,21.55,15.437592442162162
902,21.24,15.215859602520464
903,21.45,15.36341756674308
904,14.560000000000002,10.43305183934786
905,16.72,11.979984174783572
906,26.02,18.63855195459572
907,12.0,8.599257451788711
908,11.53,8.262490982288336
909,20.46,14.654440550502864
910,11.24,8.05540693109
911,23.07,16.523398643003873
912,11.33,8.119750952552474
913,21.37,15.309181378329644
914,22.43,16.065407201739696
915,13.34,9.55962793916324
916,17.49,12.5307460277988
917,8.64,6.192537615181148
918,12.58,9.014951275175049
919,7.280000000000001,5.2183491964951045
920,17.68,12.66635089589606
921,23.06,16.516116072929783
922,18.98,13.59767816674187
923,12.29,8.807320859494997
924,25.23,18.071737275402796
925,13.85,9.924624549973506
926,16.04,11.49370213106473
927,11.9,8.528893409427535
928,8.07,5.784598624198928
929,18.11,12.976839613525632
930,23.79,17.041745515121196
931,20.87,14.94905745475703
932,8.52,6.106878755835006
933,23.82,17.064080419320607
934,17.5,12.537357590843456
935,18.69,13.392122697145487
936,12.609999999999998,9.036357205106505
937,15.78,11.305275741214347
938,16.69,11.957980553113558
939,22.13,15.850621367156938
940,13.47,9.652956692773133
941,19.43,13.918240680608557
942,21.73,15.566175275280889
943,9.79,7.01725044587869
944,11.18,8.012078533568088
945,16.74,11.993185259820159
946,10.58,7.58180432745686
947,9.94,7.1241596144472075
948,14.77,10.584761489856843
949,22.15,15.86530335334755
950,9.07,6.500741255412964
951,20.34,14.573422389590275
952,22.21,15.908601895877515
953,20.65,14.792026996891796
954,19.11,13.68933568538679
955,11.05,7.919403585854348
956,19.12,13.700425804509631
957,22.72,16.273795491063453
958,16.08,11.521273685630474
959,20.85,14.938948647361128
960,21.34,15.284981617780172
961,22.14,15.857080675088264
962,20.59,14.751558054873984
963,21.45,15.364405932290017
964,21.17,15.163548132186966
965,19.78,14.168421046986513
966,22.81,16.337396687839373
967,18.67,13.374999258842806
968,20.11,14.408343739872052
969,8.52,6.106622969326503
970,20.48,14.669316266881761
971,13.49,9.667476234153618
972,23.79,17.041632396842132
973,14.069999999999999,10.081560196466896
974,20.36,14.58393343550338
975,18.62,13.340606971878202
976,12.79,9.165492837134398
977,12.79,9.165119006695296
978,19.34,13.85395718122947
979,13.189999999999998,9.45183508485917
980,20.93,14.991445461775482
981,16.26,11.65051063814741
982,13.129999999999999,9.409046265842388
983,21.24,15.214027486991629
984,13.25,9.494548658180257
985,24.58,17.60640097968464
986,7.470000000000001,5.354350677379711
987,19.68,14.097159973821057
988,20.4,14.613987316665982
989,20.68,14.81223507837273
990,21.94,15.715579261545674
991,22.78,16.31619958002019
992,23.53,16.853333391836028
993,21.07,15.092072753405166
994,11.18,8.012347132438022
995,6.49,4.652083519356414
996,18.32,13.12659960262516
997,18.56,13.300134035797202
998,20.52,14.697883343646295
999,9.14,6.551398645136804
1000,13.12,9.401808582927814
1001,21.52,15.41452076096008
1002,23.91,17.12548764697253
1003,19.05,13.649522651215147
1004,12.470000000000002,8.935866351425807
1005,20.85,14.934177920603712
1006,18.19,13.030716614331862
1007,10.29,7.374788905928474
1008,21.46,15.373593913375485
1009,13.420000000000002,9.618101873432387
1010,3.86,2.7671673986298995
1011,12.2,8.742661959738113
1012,12.71,9.108451617538087
1013,12.599999999999998,9.030341821489012
1014,20.6,14.754708491618654
1015,11.14,7.98451877703193
1016,20.13,14.41886932487177
1017,19.01,13.619056006892897
1018,8.4,6.020628145570196
1019,17.69,12.67300746182133
1020,21.92,15.70162279024354
1021,15.520000000000001,11.121052781409793
1022,11.21,8.033898933187576
1023,10.91,7.819261861347661
1024,24.16,17.303958360275598
1025,15.69,11.24272808017029
1026,20.09,14.393169222446828
1027,16.75,12.002685389485668
1028,15.31,10.969747704392471
1029,17.11,12.260576636315514
1030,21.51,15.40866801235878
1031,11.89,8.52110881191671
1032,20.95,15.009855145220243
1033,11.71,8.391865849060808
1034,20.23,14.490598762238866
1035,20.92,14.985194542567399
1036,20.71,14.834053877855416
1037,15.270000000000001,10.94088922807632
1038,19.3,13.825088961335675
1039,19.05,13.647042383828728
1040,10.86,7.7830529725162
1041,21.08,15.099511783174403
1042,15.98,11.449732816157635
1043,14.28,10.232282387444714
1044,22.1,15.827972505660341
1045,13.56,9.716190920406547
1046,10.51,7.532903375432419
1047,20.88,14.955301583962571
1048,7.29,5.225741107190644
1049,22.7,16.263703323596665
1050,10.75,7.704518304927992
1051,15.549999999999999,11.141986381966852
1052,16.7,11.96575139642798
1053,21.43,15.348702436258215
1054,10.66,7.639547169332093
1055,12.599999999999998,9.029296045920418
1056,21.79,15.609528966566666
1057,21.46,15.37406208846899
1058,10.46,7.497429227742032
1059,20.25,14.505611637600714
1060,22.6,16.18635467341825
1061,10.2,7.310320025308406
1062,12.63,9.05078764233409
1063,9.26,6.636696036541445
1064,20.51,14.69155364573924
1065,16.78,12.02208122448876
1066,22.14,15.859239791643462
1067,21.88,15.672016811135668
1068,20.71,14.83398387406354
1069,19.62,14.053823768025572
1070,21.45,15.363255255194769
1071,13.450000000000001,9.63830406174272
1072,15.870000000000001,11.371128495083733
1073,18.47,13.23136576320916
1074,19.34,13.854457538200224
1075,21.27,15.233459053447188
1076,20.19,14.462489052280054
1077,22.92,16.419808814198863
1078,12.480000000000002,8.943728119908476
1079,8.12,5.819848598941329
1080,21.95,15.723743264605483
1081,16.65,11.930788997881479
1082,20.43,14.637136476453678
1083,13.34,9.559356541236482
1084,16.78,12.023845563201146
1085,21.63,15.49536494589238
1086,19.68,14.099892846369231
1087,20.06,14.368912554547045
1088,11.0,7.8840706036309856
1089,19.76,14.154991816170616
1090,19.21,13.760269168248469
1091,14.560000000000002,10.43371128528695
1092,10.64,7.625337680523844
1093,17.9,12.824037831604127
1094,9.08,6.507832359402527
1095,23.22,16.633976198852647
1096,14.669999999999998,10.51169842951396
1097,16.51,11.831062959613647
1098,21.65,15.506436355057803
1099,9.3,6.665580401551124
1100,12.11,8.678897330403005
1101,18.38,13.167844236611208
1102,23.15,16.582459337477154
1103,13.779999999999998,9.874771091363321
1104,12.1,8.670783444606787
1105,16.97,12.158737810152612
1106,20.48,14.670099267260854
1107,20.48,14.669636011472537
1108,12.73,9.123172183413105
1109,18.39,13.17377425770349
1110,10.16,7.282151248899911
1111,21.83,15.634875242215571
1112,7.58,5.433638723148387
1113,21.18,15.170765184955672
1114,23.72,16.99133381352629
1115,20.84,14.928449934221133
1116,9.6,6.880130208713775
1117,17.3,12.396160884383884
1118,20.53,14.705071543143202
1119,17.35,12.430807074859938
1120,22.55,16.154531700627594
1121,14.020000000000001,10.045677867933355
1122,13.450000000000001,9.638877173846819
1123,17.36,12.440115839404504
1124,21.08,15.099652080517588
1125,13.060000000000002,9.357828517223034
1126,11.8,8.456130599950782
1127,24.14,17.290753939437923
1128,23.13,16.567307491626348
1129,18.16,13.009023513698313
1130,19.97,14.305822082948966
1131,21.98,15.742819745733632
1132,17.86,12.797063069873985
1133,21.47,15.382951053094507
1134,12.609999999999998,9.037233448407399
1135,9.05,6.4863621318379145
1136,21.75,15.582614176926525
1137,9.58,6.866172907771618
1138,12.37,8.864685803568701
1139,20.56,14.72692495209434
1140,20.99,15.038409441074352
1141,21.41,15.335552616288066
1142,14.069999999999999,10.081035100820737
1143,22.65,16.22457018187492
1144,19.58,14.026751826287022
1145,21.14,15.145092925810006
1146,21.69,15.535076674339024
1147,13.65,9.781832324946365
1148,10.25,7.346115109985002
1149,20.94,14.999237256131542
1150,18.25,13.074520228006905
1151,22.73,16.282163520558086
1152,13.87,9.939601368721455
1153,18.4,13.183985313518747
1154,22.99,16.465863421181545
1155,8.68,6.2216923693391735
1156,11.92,8.542074146345245
1157,13.980000000000002,10.018449590038854
1158,14.920000000000002,10.691043976455045
1159,9.57,6.85918882357798
1160,25.12,17.993097340424647
1161,20.56,14.727121166974163
1162,20.88,14.959198633694644
1163,24.85,17.800440888043582
1164,11.46,8.212617938936118
1165,15.229999999999999,10.914008115089537
1166,22.93,16.423662777499743
1167,13.04,9.345324126540039
1168,21.62,15.485262614885368
1169,18.24,13.067798117955675
1170,9.38,6.723159251947631
1171,19.41,13.903408405788669
1172,6.690000000000001,4.795603865140861
1173,20.05,14.362119972347648
1174,23.17,16.59496099211236
1175,17.33,12.416799149949156
1176,10.32,7.3960435614294395
1177,18.57,13.303081279622592
1178,9.86,7.066581570906721
1179,16.07,11.515360215252032
1180,15.569999999999999,11.158393369827984
1181,12.06,8.642898430149549
1182,9.46,6.7806306928968025
1183,8.38,6.0069282112433875
1184,21.52,15.415404317521526
1185,17.58,12.594828906423071
1186,20.48,14.672779965126987
1187,20.7,14.826626171425463
1188,22.67,16.238978408003796
1189,14.26,10.218498934286082
1190,21.16,15.159602094554074
1191,20.38,14.597345133409577
1192,10.65,7.631809949669711
1193,20.45,14.6492296120558
1194,21.53,15.421504660287756
1195,24.16,17.30687687572196
1196,16.88,12.095151829287005
1197,21.7,15.543184668749435
1198,21.24,15.212746161249342
1199,21.6,15.471270950324191
1200,15.06,10.791904471808653
1201,19.11,13.689965796103996
1202,20.26,14.511586394938659
1203,23.59,16.896056817039618
1204,22.1,15.828697192294694
1205,9.97,7.145680221168961
1206,8.48,6.078102929625507
1207,22.87,16.384097502696598
1208,13.060000000000002,9.358133729455336
1209,18.68,13.384246832447037
1210,10.07,7.217785026581322
1211,15.33,10.985974991683978
1212,19.7,14.114932449240785
1213,10.24,7.33918216134982
1214,12.56,9.001267181304945
1215,9.23,6.6152574654071525
1216,12.23,8.765020615891002
1217,18.61,13.333402043632436
1218,11.78,8.442394005190817
1219,15.549999999999999,11.14226735134975
1220,15.500000000000002,11.105900759010378
1221,7.66,5.490708268408591
1222,20.14,14.425708948713613
1223,20.54,14.711702274868651
1224,22.49,16.11213273290087
1225,21.95,15.721627393656838
1226,19.54,13.997564942101189
1227,19.58,14.026923951675824
1228,21.3,15.259053619190976
1229,10.64,7.625279592162255
1230,25.27,18.101504393053144
1231,18.95,13.576356507184842
1232,10.16,7.281806192316137
1233,11.12,7.969382557616222
1234,22.85,16.36674247676947
1235,19.33,13.846677615835956
1236,20.51,14.692147229831969
1237,24.11,17.27115034771394
1238,22.4,16.046238565494793
1239,20.84,14.927078696582022
1240,7.760000000000001,5.562156059590084
1241,13.430000000000001,9.623973496172484
1242,15.470000000000002,11.08489455970737
1243,20.15,14.435455926625085
1244,8.75,6.271650853879389
1245,21.68,15.527452146434657
1246,22.54,16.145699677427046
1247,10.4,7.453053721040322
1248,21.17,15.167031823072225
1249,13.37,9.580237695888073
1250,24.28,17.390856660105598
1251,12.75,9.136285989082902
1252,19.8,14.183661843870535
1253,19.81,14.189159953805573
1254,21.23,15.206260433441626
1255,21.1,15.112670895172265
1256,13.69,9.81077989582977
1257,15.9,11.392216340874148
1258,25.700000000000003,18.408173348836925
1259,12.98,9.301924790830025
1260,9.26,6.63677767697973
1261,9.41,6.744233722042865
1262,7.039999999999999,5.0459516389769234
1263,8.95,6.4147125068463025
1264,17.17,12.300795555865623
1265,22.11,15.839035649960621
1266,12.609999999999998,9.037059805162691
1267,19.23,13.778734558859025
1268,7.54,5.404444958081157
1269,18.04,12.92496284266712
1270,9.46,6.7808663244026715
1271,23.17,16.59461776385131
1272,20.89,14.96420599352092
1273,10.24,7.338883313463321
1274,11.33,8.120839280450966
1275,23.38,16.748217169583807
1276,20.45,14.647917077174876
1277,20.39,14.605720713605374
1278,19.51,13.97577114097388
1279,13.53,9.69491459839444
1280,8.22,5.891397987401686
1281,22.38,16.02926090380593
1282,18.48,13.239937863946574
1283,15.810000000000002,11.327356960403113
1284,21.56,15.442761756274397
1285,11.69,8.377905640035358
1286,10.9,7.812495729902976
1287,21.62,15.489163420728403
1288,20.62,14.768957982870301
1289,13.11,9.396091233600169
1290,20.04,14.355022285886282
1291,16.49,11.81521141690441
1292,18.2,13.038274811641982
1293,17.57,12.588797766052847
1294,20.57,14.735152601342001
1295,20.46,14.654636282209747
1296,21.05,15.079862515102407
1297,10.09,7.231576045422561
1298,23.48,16.817922386899447
1299,19.07,13.662596924698416
1300,9.18,6.580138000429251
1301,22.84,16.363262921020972
1302,21.58,15.456788154453674
1303,17.47,12.517643816019172
1304,11.19,8.019643676656733
1305,22.55,16.15092217160811
1306,9.33,6.687066635420977
1307,22.11,15.840020070605734
1308,22.4,16.043995590988207
1309,9.22,6.6088241432231385
1310,16.27,11.658014357308222
1311,23.16,16.587484848927783
1312,19.24,13.781974066752111
1313,9.93,7.116949100083944
1314,12.63,9.051197901081718
1315,8.88,6.364684463133824
1316,17.65,12.645359803189654
1317,14.54,10.418428950090743
1318,25.700000000000003,18.40845072957842
1319,22.0,15.758316311250052
1320,14.96,10.72057277130358
1321,22.1,15.831051021552524
1322,20.65,14.794604941059907
1323,13.56,9.71729281567485
1324,10.96,7.855145283133177
1325,23.59,16.89690672657525
1326,20.14,14.426060919331492
1327,22.89,16.394081808566526
1328,21.48,15.38734160773417
1329,12.76,9.144146866898925
1330,15.850000000000001,11.356842800919864
1331,20.9,14.97351427535264
1332,20.03,14.34727059984411
1333,19.57,14.017749308931439
1334,19.23,13.77494858059579
1335,21.27,15.235368342152125
1336,22.66,16.233237992728178
1337,21.06,15.084429740690547
1338,22.33,15.997912021021195
1339,13.03,9.337174257403207
1340,24.37,17.456841049308096
1341,12.91,9.251518767700803
1342,18.67,13.374332646187689
1343,10.41,7.460852692932391
1344,7.25,5.197178869185839
1345,20.62,14.771468407914243
1346,20.54,14.715414878160551
1347,24.02,17.205026618254664
1348,20.94,15.001324783573018
1349,18.57,13.304775503929008
1350,11.72,8.399057147153924
1351,15.290000000000001,10.955828472321674
1352,20.85,14.935166606986265
1353,19.89,14.248545003891886
1354,18.21,13.044451948668522
1355,11.47,8.219623030692361
1356,20.32,14.557254932384353
1357,10.79,7.733203502451245
1358,25.43,18.21440486761206
1359,9.9,7.095467489092972
1360,18.12,12.98204393752964
1361,11.09,7.947996083502149
1362,13.8,9.888800468519808
1363,22.49,16.107727781543932
1364,24.5,17.549790036434295
1365,20.33,14.564394301740096
1366,18.7,13.395834509522015
1367,12.1,8.671223531699857
1368,21.82,15.631777957023614
1369,13.26,9.503110937505605
1370,17.93,12.84509696648504
1371,18.67,13.37388577097632
1372,20.57,14.734508751265952
1373,22.25,15.936908816557466
1374,16.02,11.48071643746536
1375,17.53,12.558932375102366
1376,10.35,7.417879621316345
1377,11.17,8.005890217361308
1378,14.87,10.655216060580672
1379,15.75,11.286179303830282
1380,8.28,5.9346328425381
1381,20.22,14.486651179904662
1382,20.49,14.67635194654679
1383,5.660000000000001,4.057347331564604
1384,12.460000000000003,8.929145305677116
1385,22.88,16.388051348920236
1386,11.75,8.419832088970617
1387,24.25,17.36958881728346
1388,16.01,11.472198762153402
1389,13.199999999999998,9.459521129940235
1390,14.28,10.23179554531068
1391,19.92,14.269368596370267
1392,9.91,7.103071130884985
1393,13.89,9.95295124494829
1394,12.850000000000001,9.207961455923495
1395,16.91,12.115309319882712
1396,21.11,15.120536812913741
1397,17.67,12.661049950470419
1398,16.48,11.807882236597349
1399,18.27,13.09049691076427
1400,20.94,15.00204471812913
1401,15.280000000000001,10.949624535996872
1402,20.71,14.835960271606
1403,8.83,6.329165499639475
1404,12.06,8.64378330466022
1405,17.77,12.730428988389471
1406,16.42,11.765352304642521
1407,13.52,9.688399139662684
1408,21.41,15.338392434709585
1409,12.23,8.763728693074706
1410,18.01,12.903020259813013
1411,18.56,13.295730079382627
1412,15.32,10.977552416682075
1413,10.18,7.296184468357715
1414,18.74,13.426908702427024
1415,23.61,16.913645968435112
1416,24.01,17.19745396215163
1417,9.62,6.895280746015418
1418,22.69,16.254114410933894
1419,6.260000000000001,4.487962457954285
1420,19.04,13.639876907948867
1421,9.19,6.586766557767102
1422,18.24,13.06949614839543
1423,20.5,14.684353313054004
1424,15.460000000000003,11.077795026480537
1425,24.09,17.255450851669913
1426,23.82,17.0621074831464
1427,19.84,14.21119765240164
1428,12.39,8.879491590145003
1429,23.35,16.725538467702876
1430,9.63,6.90193684614067
1431,11.07,7.933902030135422
1432,22.28,15.958523559380222
1433,18.78,13.454719539983454
1434,15.0,10.747110406563873
1435,12.31,8.821060689535376
1436,21.8,15.614768986209542
1437,20.68,14.817955701063099
1438,15.72,11.265637255670667
1439,20.13,14.418993830657504
1440,7.059999999999999,5.060669161211869
1441,12.26,8.786090161440175
1442,22.5,16.116946451692424
1443,16.4,11.75008503731922
1444,18.27,13.088460018707101
1445,19.6,14.041619189159489
1446,14.45,10.353945164364674
1447,21.52,15.413157983976198
1448,13.52,9.687958270249187
1449,13.56,9.71692824178774
1450,20.3,14.543038008482249
1451,23.46,16.802748315581173
1452,19.84,14.21507744844998
1453,19.67,14.093028741500996
1454,14.53,10.411260927841443
1455,11.45,8.206719538556321
1456,22.56,16.158052429862092
1457,23.26,16.659390286275183
1458,19.37,13.87828299862846
1459,19.67,14.091520642448101
1460,14.49,10.384024659479309
1461,22.88,16.388256249951638
1462,15.19,10.883596515808089
1463,22.21,15.90769960118275
1464,19.57,14.0207544809304
1465,20.59,14.748426778287653
1466,19.01,13.621338255649974
1467,9.58,6.8663012115626145
1468,22.38,16.0305113933977
1469,15.39,11.028761834199244
1470,19.78,14.170647641828499
1471,20.2,14.46968984194459
1472,19.6,14.039829589330017
1473,11.06,7.926443168777355
1474,8.18,5.863006225969448
1475,21.93,15.711152618724507
1476,18.25,13.07397479506744
1477,19.11,13.693050249894208
1478,10.15,7.2743397687237605
1479,20.98,15.027129356263158
1480,16.15,11.571211785376025
1481,20.32,14.555242759378386
1482,22.94,16.43136419431556
1483,16.9,12.108505691707878
1484,21.05,15.078629243407725
1485,12.32,8.829328600469696
1486,10.71,7.675740648662808
1487,22.46,16.08575587015956
1488,14.18,10.160913935411648
1489,20.72,14.841308251428327
1490,23.85,17.084980403735056
1491,23.7,16.974508586493062
1492,21.04,15.072696281088358
1493,8.7,6.235722726541026
1494,20.47,14.662070505207724
1495,11.17,8.005001756621654
1496,20.19,14.461759829466125
1497,9.37,6.715648451567838
1498,18.41,13.190570107058234
1499,20.23,14.491312832383912
1500,19.46,13.943520783389117
1501,18.87,13.517915818655403
1502,10.86,7.783177827872814
1503,20.15,14.432951851041098
1504,14.040000000000001,10.060802561583849
1505,10.64,7.625614933390279
1506,22.0,15.759821911387093
1507,23.39,16.755702472229093
1508,22.28,15.95917326476524
1509,12.76,9.14507116134512
1510,22.21,15.911618081547243
1511,9.52,6.824116955203906
1512,11.29,8.091456066085076
1513,22.11,15.839032673290582
1514,21.7,15.545150864770566
1515,9.49,6.8023922064286
1516,18.96,13.584842603037263
1517,21.59,15.46577061508759
1518,18.3,13.11063271836382
1519,19.93,14.2755649899398
1520,22.98,16.46063052575317
1521,17.45,12.502806380612137
1522,16.45,11.785590467054039
1523,25.45,18.22945170339872
1524,9.52,6.823245013877428
1525,14.73,10.554876905594181
1526,16.58,11.88036329174589
1527,21.95,15.724148004055564
1528,13.729999999999999,9.840308703491987
1529,20.76,14.870076749126758
1530,21.12,15.127000304936207
1531,24.31,17.4123015320874
1532,11.12,7.969880086194035
1533,10.19,7.30300876411481
1534,20.63,14.776940849186193
1535,12.23,8.764359732927685
1536,11.26,8.069625219067085
1537,14.41,10.326138404894884
1538,22.89,16.395208088251234
1539,20.68,14.812768200336283
1540,20.7,14.826280908226071
1541,11.3,8.098285818540296
1542,18.24,13.067120037370271
1543,18.0,12.895733065541014
1544,19.96,14.298027308716856
1545,14.97,10.726888948717134
1546,22.37,16.02146162959632
1547,20.69,14.819573463913757
1548,8.18,5.863346742041363
1549,22.65,16.22440112613488
1550,23.19,16.610101944067498
1551,15.44,11.062894731699146
1552,20.04,14.355376577415067
1553,8.43,6.042096734894799
1554,18.38,13.166777085643902
1555,23.1,16.546955716125424
1556,16.64,11.922874883407893
1557,11.13,7.976260262618115
1558,13.51,9.681157718441414
1559,24.57,17.596369724626644
1560,22.66,16.230723733606425
1561,16.19,11.60106223746064
1562,21.73,15.564551082736454
1563,20.89,14.962932723916623
1564,24.04,17.22280002565961
1565,20.62,14.771404858125583
1566,22.41,16.053913689122282
1567,19.93,14.277563832632287
1568,23.37,16.73838852097667
1569,14.950000000000001,10.712861178652126
1570,20.74,14.854933887468121
1571,11.79,8.449457789724487
1572,5.27,3.7784678451352396
1573,20.85,14.93468684698257
1574,22.04,15.785802623229376
1575,21.33,15.282103135967041
1576,19.49,13.961059767976163
1577,18.22,13.053541666044737
1578,5.31,3.806456742106507
1579,19.14,13.712458099699731
1580,21.75,15.580879437598094
1581,9.32,6.680248193312297
1582,11.96,8.57062923450463
1583,9.66,6.923316679917098
1584,23.19,16.612747095072123
1585,18.79,13.460132213196056
1586,7.95,5.698208066017013
1587,20.99,15.034486463694398
1588,14.76,10.576787514010297
1589,8.38,6.006557088767373
1590,12.480000000000002,8.943778826268229
1591,18.34,13.1386697302506
1592,20.86,14.946287949877101
1593,25.149999999999995,18.013578083201914
1594,13.52,9.688115838912562
1595,19.61,14.051332680496461
1596,17.85,12.78781533408186
1597,10.36,7.425012938320227
1598,10.26,7.353400448680208
1599,20.7,14.82671246686423
1600,16.27,11.658960858223065
1601,20.62,14.773392497611642
1602,20.39,14.605361183404517
1603,20.5,14.68355138032029
1604,20.41,14.620766212343332
1605,12.63,9.050863536354138
1606,15.88,11.378279142617933
1607,19.15,13.71808014637575
1608,21.95,15.72264831086413
1609,7.349999999999999,5.26829740816416
1610,17.08,12.2366629831675
1611,13.32,9.545245048708987
1612,24.27,17.38405707477923
1613,23.22,16.630469843777036
1614,22.81,16.337723047456
1615,14.6,10.461464260397332
1616,20.08,14.3829744427445
1617,23.12,16.558382903086564
1618,25.46,18.237199174769316
1619,21.51,15.406641815612613
1620,21.25,15.221242255077883
1621,23.32,16.703127880304343
1622,16.87,12.08905902396238
1623,23.51,16.838515619119047
1624,19.18,13.739837079993535
1625,22.71,16.26824787276384
1626,19.73,14.132474951986987
1627,10.21,7.317461441653428
1628,8.84,6.335932472554156
1629,21.1,15.114166615090335
1630,7.67,5.497453597933899
1631,17.02,12.19444069327149
1632,15.67,11.229158987650836
1633,13.32,9.544710947873623
1634,15.229999999999999,10.91378017951702
1635,16.1,11.537267373073561
1636,21.19,15.178716833356576
1637,21.08,15.099186977636405
1638,23.69,16.967590885681783
1639,20.69,14.819943196646129
1640,22.72,16.278044950428836
1641,21.73,15.564283922380747
1642,23.01,16.479827391903743
1643,16.23,11.627680815910374
1644,17.79,12.746662483439605
1645,15.94,11.42296817511815
1646,22.19,15.893586934104025
1647,12.13,8.693603995849307
1648,23.58,16.892037088334504
1649,13.960000000000003,10.003773316909454
1650,15.14,10.848261910405407
1651,14.52,10.404663236252
1652,17.21,12.33170144491499
1653,20.54,14.712477485845243
1654,20.14,14.427230580299653
1655,20.43,14.63338530158009
1656,12.17,8.72220147801102
1657,6.530000000000001,4.680827519102089
1658,20.53,14.705299703887306
1659,16.63,11.917005782192206
1660,14.659999999999998,10.5048108185677
1661,18.67,13.37504994203636
1662,19.41,13.903994190039109
1663,13.6,9.745862277660557
1664,11.45,8.206469814071719
1665,13.47,9.652417512026993
1666,8.52,6.106720485918782
1667,23.63,16.92459707546814
1668,16.12,11.550170628216492
1669,17.33,12.417628734125767
1670,19.01,13.617250498890419
1671,20.78,14.883868362712384
1672,5.93,4.250896627294384
1673,21.47,15.380335701244451
1674,20.17,14.447746545127993
1675,22.07,15.811028345647276
1676,15.53,11.127502123017274
1677,18.56,13.295712012674624
1678,20.33,14.561822691110153
1679,21.08,15.098349519594796
1680,23.55,16.86711764684647
1681,19.9,14.255314763180577
1682,22.63,16.211601093748463
1683,12.94,9.272979291544182
1684,13.970000000000002,10.010459632247784
1685,14.030000000000001,10.053953379410839
1686,20.61,14.763339738868163
1687,5.23,3.7492838878481805
1688,11.66,8.35722296674218
1689,19.69,14.105252127350976
1690,6.65,4.766959762706668
1691,10.85,7.775696118546417
1692,19.3,13.824556177201094
1693,21.56,15.442541544601497
1694,20.07,14.37589711629731
1695,22.97,16.454428226225737
1696,23.03,16.495698284607606
1697,19.9,14.254600884139917
1698,21.45,15.363702337901426
1699,20.33,14.562080675243113
1700,23.37,16.73853952373836
1701,8.94,6.408283371583164
1702,19.74,14.141594465869607
1703,21.84,15.642878842218675
1704,22.64,16.2167345558243
1705,7.25,5.196878367056414
1706,20.53,14.705863350275695
1707,15.42,11.048940541231177
1708,17.13,12.273401509708927
1709,14.360000000000001,10.291916522735509
1710,21.3,15.255279074991254
1711,20.84,14.928975426246405
1712,20.37,14.592463516832538
1713,21.62,15.48838735048299
1714,24.22,17.34838757492064
1715,23.38,16.747219794908474
1716,19.91,14.261400786888322
1717,22.37,16.023016883715716
1718,21.69,15.537638428149803
1719,13.060000000000002,9.35942415105669
1720,24.29,17.396605961149533
1721,11.22,8.04049482339067
1722,9.81,7.031036873159736
1723,11.47,8.219885244351069
1724,20.64,14.78400966036966
1725,8.45,6.056503478027442
1726,13.189999999999998,9.452011847519655
1727,20.64,14.78585757590859
1728,16.31,11.684785856783792
1729,15.71,11.257201925219903
1730,8.48,6.078387215769383
1731,7.31,5.240099028394407
1732,6.2,4.444402701740628
1733,11.31,8.10573740789744
1734,21.18,15.171145929706762
1735,14.629999999999999,10.482983638351937
1736,16.9,12.109413526511844
1737,15.579999999999998,11.162846230344524
1738,24.16,17.30779144478179
1739,21.52,15.414103559493423
1740,8.77,6.285838993916877
1741,12.500000000000002,8.957983794648861
1742,8.89,6.37180251055998
1743,17.23,12.344657451235019
1744,19.08,13.667853033686198
1745,17.69,12.672814396517497
1746,17.25,12.359773189255174
1747,15.2,10.892498428793587
1748,12.0,8.599800332604698
1749,10.31,7.389357244770482
1750,19.83,14.206813390508835
1751,14.669999999999998,10.51160149457784
1752,22.06,15.803521859450512
1753,14.15,10.139912599994963
1754,17.68,12.667910986576766
1755,23.44,16.78775980155761
1756,6.04,4.330219284501768
1757,10.65,7.6327279223720375
1758,15.19,10.885307473459589
1759,22.19,15.896179734610035
1760,20.37,14.59355405974732
1761,20.37,14.594066961791968
1762,21.01,15.048815333499645
1763,7.59,5.4403342118220595
1764,24.980000000000004,17.8935147373919
1765,19.28,13.811100987824513
1766,18.86,13.51239369491956
1767,8.03,5.7558148354284935
1768,19.34,13.854264459774484
1769,14.4,10.318776436525805
1770,20.2,14.46898001121354
1771,15.2,10.891905239062572
1772,17.22,12.337195834426682
1773,20.84,14.928973603117086
1774,14.109999999999998,10.110770142623444
1775,16.15,11.57128325692312
1776,24.23,17.355329772617978
1777,21.98,15.74358702790379
1778,9.62,6.894737138695221
1779,15.65,11.21303524303672
1780,11.74,8.413492223749317
1781,8.51,6.099434475694223
1782,8.08,5.791464635551759
1783,21.81,15.625856801048947
1784,18.98,13.595418863956384
1785,9.37,6.715794217336233
1786,21.66,15.514901556108187
1787,20.52,14.699570729632342
1788,18.24,13.066387490742882
1789,12.97,9.29395550262238
1790,20.5,14.686053742927045
1791,17.88,12.808754051336862
1792,13.23,9.48068196132241
1793,6.33,4.537793981109357
1794,21.32,15.270357275070594
1795,10.27,7.3604131429555455
1796,17.54,12.569140549777002
1797,12.14,8.69948232672322
1798,20.1,14.399765111123964
1799,23.08,16.5327431540824
1800,13.57,9.723947464100151
1801,20.36,14.583842651527961
1802,23.26,16.660740484920463
1803,9.06,6.493810180940057
1804,11.09,7.947365028427849
1805,6.49,4.652148669739633
1806,22.05,15.79393895645798
1807,17.19,12.317178558265693
1808,8.2,5.877338398171735
1809,12.29,8.806685997546845
1810,23.74,17.00568999520033
1811,22.85,16.367691636892634
1812,12.12,8.685650675524855
1813,22.14,15.863130871476075
1814,20.6,14.754799565064278
1815,15.290000000000001,10.95623250099676
1816,6.73,4.824104783179049
1817,19.86,14.230726962466923
1818,22.04,15.787724459511104
1819,10.12,7.253318780429916
1820,20.81,14.905885270587259
1821,20.18,14.458160875176564
1822,23.67,16.956295442617808
1823,10.79,7.732650167154194
1824,9.45,6.772912699823399
1825,9.2,6.5940801865978536
1826,25.99,18.614763458155487
1827,16.95,12.144130015296112
1828,10.6,7.596990391005064
1829,24.39,17.46953749723915
1830,10.7,7.668731248878858
1831,13.27,9.50928925902019
1832,19.98,14.311760797766748
1833,9.8,7.023864339978909
1834,12.94,9.273306400544598
1835,14.910000000000002,10.68461154923448
1836,11.92,8.543006348547527
1837,21.74,15.57049960698692
1838,19.34,13.853107942473372
1839,25.080000000000002,17.96367134777228
1840,14.310000000000002,10.253898359236416
1841,21.18,15.171209293152115
1842,19.62,14.054399353239413
1843,9.47,6.78735153261181
1844,21.22,15.203810604695862
1845,16.97,12.158282931181896
1846,21.55,15.435581036814744
1847,16.79,12.03138136769937
1848,14.98,10.734673081187522
1849,12.12,8.685473799059293
1850,15.41,11.042072648473368
1851,10.15,7.2743199000797105
1852,17.39,12.458445430226257
1853,12.63,9.052483107482303
1854,14.8,10.605416720524115
1855,24.69,17.68638399694843
1856,7.94,5.691222399473873
1857,9.62,6.8948074445455
1858,21.56,15.444929503237482
1859,7.1499999999999995,5.125233190290627
1860,7.4,5.30381951781378
1861,21.61,15.478708832870012
1862,23.21,16.62831001750321
1863,22.79,16.323347150152536
1864,11.06,7.927007980061566
1865,20.09,14.390175462519876
1866,20.16,14.443995161001776
1867,25.720000000000002,18.42262364133956
1868,21.0,15.042491542765816
1869,14.61,10.468945667719025
1870,11.92,8.542555056130489
1871,9.93,7.116906173988109
1872,20.4,14.61324101921634
1873,17.65,12.644807922039808
1874,21.61,15.47951182890784
1875,21.54,15.428068079902433
1876,16.86,12.079114450938457
1877,18.51,13.261313640619909
1878,12.43,8.908878795123181
1879,10.86,7.782841070056953
1880,12.860000000000001,9.215612159509762
1881,13.66,9.789071728054173
1882,15.06,10.791225880207985
1883,22.28,15.957836981754697
1884,12.04,8.627624141242958
1885,25.020000000000003,17.922453638625395
1886,18.74,13.424618045626177
1887,18.47,13.233338789971414
1888,14.74,10.561782233788875
1889,23.27,16.666885322478716
1890,15.579999999999998,11.163935128715309
1891,9.42,6.751734807411639
1892,14.679999999999998,10.519338326396056
1893,17.08,12.23928791007459
1894,20.41,14.619326641439045
1895,11.56,8.285304739257834
1896,14.900000000000002,10.677067507790365
1897,19.68,14.100353626040322
1898,25.17,18.028354019857808
1899,13.58,9.73170792901958
1900,10.06,7.210417633848471
1901,21.34,15.284265468186096
1902,22.13,15.85368697797856
1903,11.49,8.234553830026709
1904,20.22,14.487269740392193
1905,25.31,18.128726324989376
1906,21.42,15.342340630001258
1907,9.01,6.458009765949711
1908,20.32,14.55447346876089
1909,9.66,6.923781041813219
1910,12.619999999999997,9.044186373690316
1911,22.0,15.757505068508284
1912,21.77,15.59152084558489
1913,23.72,16.991376258653858
1914,10.79,7.733281429306901
1915,21.57,15.450361076221927
1916,18.12,12.982583186607245
1917,14.85,10.642724484893344
1918,18.26,13.084540853555435
1919,16.81,12.042994560495451
1920,11.87,8.50646911885665
1921,19.49,13.962639959241322
1922,9.84,7.052343080539773
1923,8.94,6.407837794221961
1924,22.34,16.0021850618108
1925,18.85,13.506022597226996
1926,14.000000000000002,10.032246880738143
1927,12.02,8.61412131317171
1928,14.96,10.72011140640958
1929,19.08,13.667636515132996
1930,21.66,15.514340032858218
1931,23.4,16.76063553262886
1932,23.91,17.126302190618915
1933,13.24,9.488147926095051
1934,23.28,16.676845608026888
1935,19.37,13.877571628271708
1936,20.82,14.913358714147254
1937,20.94,14.99868449733997
1938,18.98,13.596176448083408
1939,8.69,6.228463910347024
1940,20.6,14.755288328580365
1941,15.500000000000002,11.106321474896331
1942,20.16,14.440510314709853
1943,22.36,16.01500798701368
1944,8.87,6.357230593228117
1945,18.95,13.574636553625561
1946,14.83,10.626715392720675
1947,17.79,12.746994858721594
1948,13.63,9.766710655594325
1949,17.28,12.380449017724475
1950,16.16,11.578030827077722
1951,12.32,8.829306374679659
1952,23.9,17.12267984042105
1953,13.5,9.674406898545161
1954,6.38,4.573628397603017
1955,15.95,11.429535547100322
1956,16.85,12.074281371704425
1957,10.71,7.675639238773858
1958,13.179999999999998,9.444338445056415
1959,14.679999999999998,10.519528245724914
1960,7.84,5.619563098105935
1961,9.49,6.801743621775659
1962,16.9,12.107624996445775
1963,10.74,7.696931276204886
1964,8.77,6.285587334404961
1965,25.080000000000002,17.965328616528883
1966,18.29,13.105496789933952
1967,24.54,17.579409001978064
1968,20.28,14.529672380018011
1969,20.13,14.424029780028812
1970,8.15,5.841730038199254
1971,7.640000000000001,5.476414234062476
1972,21.74,15.573353406555906
1973,10.81,7.747881749545402
1974,11.94,8.556391154372774
1975,15.11,10.827937670143786
1976,21.6,15.470500388311065
1977,9.91,7.102906646256955
1978,17.77,12.73155192568159
1979,22.65,16.224392072717865
1980,20.58,14.740602858867788
1981,8.31,5.956408866649534
1982,21.47,15.37860581034615
1983,11.44,8.198021528284364
1984,21.9,15.685520207285826
1985,19.46,13.944085492871547
1986,19.15,13.717720996222667
1987,22.66,16.232921505312493
1988,24.31,17.412117383292966
1989,18.41,13.190935629155646
1990,20.74,14.855538839434676
1991,21.05,15.077618004062762
1992,20.53,14.705553226150641
1993,13.68,9.803065176368015
1994,10.2,7.310301379881164
1995,23.99,17.183772480877032
1996,18.38,13.1676950243718
1997,17.99,12.888872794273189
1998,5.44,3.899567885351657
1999,19.98,14.310970323930581
2000,12.66,9.07298754844319
2001,20.08,14.383524351591873
2002,20.48,14.672664172893594
2003,11.53,8.26314626287941
2004,21.7,15.543867950402273
2005,21.36,15.301030018555569
2006,21.73,15.563775224167895
2007,23.12,16.563497487209133
2008,12.04,8.628181871128367
2009,17.89,12.817074666297515
2010,8.12,5.820673819557979
2011,13.050000000000002,9.352264549036194
2012,21.27,15.23785773053283
2013,5.56,3.98550044114394
2014,19.7,14.111128634500972
2015,20.54,14.713638343932786
2016,7.760000000000001,5.562184570120635
2017,9.51,6.816279201401941
2018,22.27,15.950246779540102
2019,16.48,11.80740172782134
2020,19.64,14.068827307468847
2021,16.79,12.030950009107244
2022,21.63,15.491686291175517
2023,15.68,11.234958154501365
2024,14.900000000000002,10.67616253378306
2025,15.9,11.392430866381087
2026,10.16,7.281958144309282
2027,8.58,6.149556171143252
2028,18.48,13.238108201028677
2029,24.27,17.386570267306347
2030,12.510000000000002,8.965480717531257
2031,23.13,16.566495697619377
2032,21.74,15.570999372630999
2033,18.29,13.104880908339185
2034,8.38,6.006524272156357
2035,20.1,14.39796016871803
2036,13.060000000000002,9.358720906845424
2037,20.2,14.46913637141103
2038,25.080000000000002,17.965613126373782
2039,23.64,16.93217398733097
2040,21.42,15.344743796468908
2041,23.48,16.816855065877903
2042,18.79,13.461300442999141
2043,12.66,9.072246668985732
2044,19.19,13.74867585826484
2045,14.5,10.389762760149004
2046,20.22,14.483847535268957
2047,14.82,10.618966807189166
2048,21.0,15.041168384591039
2049,21.18,15.170841575476503
2050,8.11,5.8127546040878375
2051,20.83,14.920090689108733
2052,9.7,6.952042757540294
2053,8.16,5.849053063171405
2054,20.41,14.619796849787054
2055,23.79,17.040029139614845
2056,21.97,15.738509133530794
2057,10.06,7.210092165948559
2058,9.59,6.872807248090552
2059,11.43,8.191393793232947
2060,18.46,13.225221293888236
2061,16.5,11.823468598714232
2062,14.370000000000001,10.2975866973864
2063,19.41,13.90472981531749
2064,17.4,12.466381721215482
2065,22.43,16.067421895846334
2066,17.38,12.451928794316212
2067,8.69,6.228668734224458
2068,19.78,14.169557947343225
2069,12.36,8.858107309264957
2070,22.71,16.268227229203443
2071,21.78,15.600120418153898
2072,8.92,6.393049289162949
2073,8.58,6.149668340184978
2074,13.390000000000002,9.596201139312978
2075,13.050000000000002,9.352342937921586
2076,9.51,6.816568678757794
2077,8.95,6.414619529719347
2078,23.24,16.649114392225098
2079,16.68,11.951489851465656
2080,10.52,7.539408699302613
2081,21.8,15.61762928085213
2082,22.0,15.75713931868459
2083,7.08,5.074907733204882
2084,5.57,3.993018078874752
2085,21.97,15.736385854415575
2086,19.32,13.83926785484174
2087,21.23,15.210258728344336
2088,21.51,15.409823280405924
2089,12.33,8.83631459179715
2090,21.68,15.528630718798164
2091,21.34,15.28504084098226
2092,17.53,12.560523856323606
2093,20.81,14.906163134707668
2094,15.18,10.876393178381502
2095,19.9,14.254817876257908
2096,21.7,15.54477978251618
2097,21.54,15.427679481341697
2098,10.88,7.797777932414467
2099,22.99,16.469622845129667
2100,20.55,14.71997629671427
2101,15.64,11.206816716280137
2102,21.35,15.294385961389734
2103,19.45,13.932556243444186
2104,7.98,5.7195904208921275
2105,17.53,12.561212063074066
2106,12.22,8.757127340956492
2107,25.78,18.4637448220999
2108,21.55,15.434517612662876
2109,23.49,16.82513277137139
2110,24.4,17.47899687720705
2111,24.85,17.800302372432952
2112,11.76,8.428071105551213
2113,22.0,15.759431509679905
2114,6.2,4.444547500422013
2115,14.74,10.563452802979235
2116,21.24,15.21290620301795
2117,18.07,12.94635585158348
2118,20.99,15.03378109086035
2119,7.470000000000001,5.354588417388701
2120,6.540000000000001,4.687984078242135
2121,16.71,11.971728810810495
2122,21.37,15.306725488001632
2123,20.26,14.51227205176172
2124,22.87,16.383680908097606
2125,9.21,6.600976479151377
2126,22.13,15.850427244764989
2127,21.5,15.398103002852435
2128,20.77,14.87656728118658
2129,9.92,7.1099940012715885
2130,21.19,15.177961508171586
2131,13.450000000000001,9.638466755683256
2132,18.9,13.542326714967084
2133,18.68,13.382108677821204
2134,11.29,8.090997282105288
2135,20.49,14.677032501452569
2136,9.67,6.930789920403442
2137,10.4,7.453578735607475
2138,7.799999999999999,5.590922932574414
2139,21.52,15.413539376797013
2140,8.6,6.163721158474476
2141,16.61,11.900545242539156
2142,18.38,13.169073284555424
2143,12.56,9.00111412173195
2144,8.72,6.250324848682698
2145,13.440000000000001,9.631379164502663
2146,21.17,15.16314570113749
2147,16.39,11.745697146803547
2148,22.25,15.936110351817243
2149,18.98,13.596621161881295
2150,23.55,16.866505640893987
2151,21.82,15.630823358030419
2152,14.910000000000002,10.683830051708005
2153,20.51,14.69071886997625
2154,8.37,5.999525765744502
2155,10.17,7.2888648400908025
2156,18.15,13.002026168126598
2157,18.32,13.124329651646672
2158,24.27,17.38607723532155
2159,10.13,7.259878100076067
2160,13.12,9.402097476984894
2161,21.74,15.570667999208169
2162,10.94,7.8414122682684635
2163,10.06,7.210083514518019
2164,14.47,10.36828206721916
2165,14.85,10.639812964949133
2166,12.28,8.800080695616522
2167,21.25,15.220764559699656
2168,15.4,11.034829761994917
2169,3.54,2.5377805392056403
2170,6.980000000000001,5.00322747992214
2171,16.96,12.152628132021857
2172,10.95,7.847824139294603
2173,22.42,16.057532770547123
2174,21.06,15.084003066979738
2175,7.08,5.074843538260849
2176,21.47,15.380817440521069
2177,20.23,14.490627292271272
2178,17.67,12.66161592910759
2179,8.94,6.407505167186845
2180,18.05,12.93234627343248
2181,8.56,6.135384352846818
2182,13.27,9.509872227198652
2183,20.37,14.591699038703045
2184,21.32,15.27262614300601
2185,12.35,8.849824319196472
2186,15.850000000000001,11.35645348696007
2187,21.72,15.560383690172932
2188,18.41,13.189431060067028
2189,15.76,11.293012806482409
2190,20.45,14.648109890663008
2191,13.58,9.732380561523287
2192,13.56,9.716495794416977
2193,9.08,6.508467174407327
2194,20.2,14.471286585644819
2195,21.14,15.14144882253944
2196,19.47,13.950026793739958
2197,8.63,6.1857601610454385
2198,12.21,8.749881588618766
2199,16.83,12.059968020991095
2200,17.2,12.324881073957778
2201,16.05,11.499178567195601
2202,21.54,15.431787006689044
2203,21.47,15.378425243180743
2204,19.69,14.105940462936879
2205,12.76,9.14446222346059
2206,22.36,16.01530230428363
2207,19.1,13.682134970840934
2208,21.16,15.155501286355383
2209,10.63,7.618968140667256
2210,20.11,14.404646343345773
2211,19.6,14.043392828480545
2212,13.400000000000002,9.602844502803036
2213,16.28,11.664620034840505
2214,23.88,17.104613046562232
2215,15.2,10.890548713293875
2216,22.51,16.12323691846104
2217,23.55,16.866141672719056
2218,22.47,16.097260199559987
2219,24.22,17.34862735838339
2220,6.79,4.867022742353458
2221,16.56,11.865931932082786
2222,22.77,16.312006501863717
2223,21.95,15.720617934276104
2224,13.28,9.516999700311043
2225,24.23,17.357541648984643
2226,13.46,9.645947835264202
2227,17.43,12.487125959229893
2228,20.52,14.697205487171994
2229,14.73,10.556140837998752
2230,19.89,14.248189471697726
2231,24.24,17.36203460004292
2232,24.76,17.73505616966595
2233,10.63,7.618729535865172
2234,10.91,7.818351419433238
2235,13.440000000000001,9.63195646691925
2236,22.26,15.946282603457407
2237,9.46,6.780064972044937
2238,20.36,14.58370020557054
2239,20.97,15.021241130003503
2240,21.68,15.530609565399905
2241,23.0,16.473304367544483
2242,17.58,12.593985752666873
2243,24.2,17.334146476937573
2244,15.33,10.984202642107046
2245,19.3,13.825885326619332
2246,8.71,6.242758772710444
2247,9.56,6.852600839697829
2248,16.95,12.145749866646657
2249,21.93,15.709270321849807
2250,7.629999999999999,5.469107273358706
2251,16.82,12.051112428707867
2252,19.77,14.16456724907529
2253,22.44,16.07283625003099
2254,10.93,7.833366004497145
2255,11.79,8.449572925353753
2256,19.4,13.897684940671965
2257,20.59,14.74794956462737
2258,25.729999999999997,18.427248138879847
2259,15.820000000000002,11.33632924830196
2260,9.5,6.809113666917657
2261,14.350000000000001,10.283249731093253
2262,22.23,15.925135601101239
2263,18.47,13.234053991191773
2264,23.83,17.071205919991936
2265,19.41,13.905474393632241
2266,10.65,7.632544251056954
2267,21.08,15.101859982208824
2268,23.84,17.076591115987167
2269,20.2,14.47307770336481
2270,21.34,15.28441355633625
2271,20.43,14.637506286712421
2272,22.53,16.136709066865095
2273,10.77,7.7185429320882655
2274,23.58,16.888569216291145
2275,20.48,14.669763198837906
2276,11.39,8.162631615103091
2277,18.76,13.438470967201845
2278,17.84,12.780300209720489
2279,24.06,17.23304860883714
2280,14.81,10.611986627624862
2281,6.84,4.903164639404355
2282,15.569999999999999,11.157580542351875
2283,10.27,7.360406777542332
2284,19.61,14.047528826222008
2285,22.14,15.857157358161535
2286,9.9,7.095622590335848
2287,18.01,12.902380309954815
2288,20.43,14.637508555672646
2289,19.3,13.827739700702326
2290,11.69,8.378095122173647
2291,20.81,14.906929276441039
2292,17.78,12.738547526031745
2293,18.65,13.360318522141261
2294,9.85,7.059614421393997
2295,11.8,8.456826523495277
2296,19.21,13.761229846001605
2297,19.18,13.741343763351518
2298,18.66,13.368560019971762
2299,11.93,8.549870640642595
2300,23.83,17.067821709147495
2301,21.37,15.308765723286609
2302,8.66,6.206695795838676
2303,8.45,6.057315888966779
2304,20.22,14.48665628860109
2305,19.82,14.20015699449334
2306,18.92,13.55334621990874
2307,19.74,14.13947513598659
2308,25.149999999999995,18.013267192964616
2309,23.14,16.573172228828675
2310,20.4,14.612982213225035
2311,19.9,14.254106340270756
2312,20.84,14.926998979393229
2313,21.37,15.306843183214466
2314,7.740000000000001,5.547488127276837
2315,11.25,8.062524992775149
2316,21.25,15.220791886674203
2317,19.46,13.939312935355703
2318,24.81,17.771604281673742
2319,20.35,14.576710331834997
2320,10.23,7.3316742636553895
2321,13.32,9.545554665755326
2322,22.22,15.914233663905069
2323,13.080000000000002,9.373140482217735
2324,20.48,14.671933644067483
2325,13.430000000000001,9.624660535924027
2326,10.58,7.582528837638269
2327,17.42,12.480640453913912
2328,20.51,14.691865098554251
2329,18.78,13.453744946594869
2330,15.77,11.300383464642149
2331,22.13,15.854589664411929
2332,21.6,15.47421183982795
2333,13.95,9.997445227088468
2334,19.95,14.290352306577361
2335,11.52,8.25536333029564
2336,8.05,5.7701716601040784
2337,20.0,14.325593273420822
2338,16.2,11.607523356759042
2339,19.87,14.233047610545611
2340,22.96,16.445755772390147
2341,16.28,11.665573025638516
2342,19.73,14.135500123027743
2343,10.76,7.711613473443633
2344,13.85,9.92432364076419
2345,21.96,15.729869373407672
2346,18.45,13.217123881172547
2347,23.6,16.907192807138134
2348,18.08,12.952399162677162
2349,4.93,3.5341083201875163
2350,24.0,17.189722700067875
2351,22.95,16.439823316393536
2352,23.44,16.791861695767146
2353,8.78,6.292996390038786
2354,21.55,15.434469905177863
2355,21.57,15.449962960778226
2356,21.9,15.687870536349694
2357,21.89,15.677752721894581
2358,17.63,12.630664814808169
2359,20.16,14.440100597830893
2360,11.93,8.54953238558226
2361,11.21,8.033202272774986
2362,18.51,13.259795953645153
2363,20.66,14.798040278179144
2364,21.17,15.163185647036167
2365,10.52,7.5392425828699245
2366,20.67,14.807393483221103
2367,17.18,12.309762446097233
2368,21.59,15.465658385697653
2369,12.43,8.908437431701143
2370,13.410000000000002,9.609992929236778
2371,12.18,8.728580527981258
2372,19.69,14.107993741329727
2373,22.18,15.887006193443613
2374,12.99,9.308502858502797
2375,20.48,14.6700660694701
2376,23.0,16.473554748704778
2377,25.199999999999996,18.049125619347418
2378,7.029999999999999,5.038898162298617
2379,24.12,17.276306335642424
2380,14.360000000000001,10.290126414489512
2381,21.08,15.098489930477717
2382,20.07,14.37598277484769
2383,20.97,15.019409740831165
2384,17.08,12.239361817597425
2385,13.719999999999999,9.832147647490924
2386,12.18,8.728543659503178
2387,16.84,12.066256071368493
2388,7.629999999999999,5.468954625874012
2389,8.06,5.777584622388609
2390,18.56,13.29711624987317
2391,23.47,16.80998972026643
2392,18.0,12.895822023494238
2393,13.9,9.960958185335484
2394,10.33,7.403169592934123
2395,15.549999999999999,11.142142440060562
2396,18.24,13.068611777999877
2397,9.81,7.030932680705234
2398,6.17,4.422845312116866
2399,10.73,7.689889217820647
2400,13.9,9.9601705672049
2401,23.66,16.946610517684036
2402,23.04,16.504268340560877
2403,22.48,16.100926119845983
2404,8.85,6.343413446570091
2405,18.79,13.462218340569843
2406,18.9,13.539047010665746
2407,20.12,14.415450300403702
2408,8.67,6.214142861058784
2409,21.64,15.499422345641845
2410,20.26,14.511627425604923
2411,21.02,15.05579113072689
2412,16.68,11.950114219234328
2413,21.0,15.042000154837433
2414,19.03,13.633783837628702
2415,20.92,14.98422224171803
2416,22.5,16.11544652945336
2417,23.22,16.631923534104914
2418,20.14,14.425699864249225
2419,11.13,7.977038308846755
2420,21.48,15.385122453197363
2421,16.47,11.800551684035016
2422,19.28,13.812864920490316
2423,19.1,13.684718017727512
2424,23.72,16.990220173050325
2425,19.73,14.134975995481517
2426,22.24,15.930030502306552
2427,19.88,14.242754749579342
2428,24.5,17.548435317385504
2429,22.47,16.094702140823088
2430,21.12,15.128047002683182
2431,12.75,9.136274206520225
2432,13.970000000000002,10.010963131280707
2433,18.09,12.96125144743971
2434,13.32,9.54555182887683
2435,17.65,12.647049626777257
2436,8.48,6.077673998764992
2437,22.69,16.253619756538406
2438,12.92,9.258598971088778
2439,16.09,11.528278346431984
2440,11.21,8.033369433194396
2441,15.73,11.271179503642474
2442,15.71,11.258211614812577
2443,21.39,15.320556557310022
2444,12.2,8.743047917459695
2445,18.61,13.331568126563996
2446,15.3,10.963106238322192
2447,21.99,15.750252422084209
2448,21.04,15.07064388010951
2449,19.5,13.968033819641834
2450,18.03,12.916913540389485
2451,16.64,11.922069651335821
2452,6.720000000000001,4.8169122147610315
2453,15.05,10.783995380523578
2454,20.85,14.93567572188421
2455,20.44,14.640819866887263
2456,19.87,14.235772025251016
2457,21.01,15.04905343108949
2458,20.09,14.389782574080932
2459,13.380000000000003,9.587682512089454
2460,10.25,7.345888169006002
2461,12.69,9.094507680745965
2462,12.06,8.642609472586688
2463,20.77,14.877697247625
2464,14.57,10.439921326519896
2465,21.21,15.195295796792278
2466,16.49,11.816939220314081
2467,19.88,14.24091596736356
2468,20.94,14.998348300154106
2469,19.15,13.718285917703193
2470,11.93,8.550072820382217
2471,19.75,14.150931249928481
2472,19.57,14.020072762257083
2473,13.139999999999999,9.416199228508297
2474,12.58,9.01541781322617
2475,10.12,7.2532678987430055
2476,20.29,14.534137433124274
2477,16.76,12.007484099319749
2478,13.970000000000002,10.011608988455995
2479,21.96,15.728399850973574
2480,23.7,16.974829382814608
2481,22.9,16.40253255959945
2482,21.51,15.407875829926143
2483,17.46,12.509907573381561
2484,20.59,14.747464581419766
2485,20.57,14.733975064669155
2486,20.2,14.473195451761015
2487,6.36,4.5589489101524565
2488,23.5,16.834912314178727
2489,9.59,6.873474999791952
2490,21.12,15.1274330735778
2491,24.97,17.88467194748975
2492,23.81,17.056585924822443
2493,10.92,7.826305444461874
2494,16.78,12.02402851815725
2495,18.35,13.148708504349175
2496,15.96,11.436972754261982
2497,8.99,6.443848219970803
2498,13.58,9.731052969209188
2499,21.11,15.119372630098248
2500,21.08,15.098626597256583
2501,22.52,16.13331465655405
2502,21.36,15.299729191932453
2503,9.13,6.543597223496682
2504,22.29,15.967609451850134
2505,8.14,5.834725304900515
2506,13.94,9.989754078622209
2507,12.609999999999998,9.03628901798846
2508,15.78,11.307719183705846
2509,20.65,14.792164348699124
2510,7.930000000000001,5.683931352348072
2511,8.15,5.8415946820379965
2512,18.36,13.155244395109309
2513,22.97,16.4520308548837
2514,12.619999999999997,9.043919214767858
2515,17.09,12.245555064777768
2516,17.08,12.237693614704282
2517,9.44,6.765887054044192
2518,23.75,17.01098616926791
2519,9.11,6.529206837471615
2520,20.24,14.498939771829507
2521,6.16,4.415437736283594
2522,20.41,14.625394229984474
2523,11.37,8.148142444438157
2524,20.21,14.476407363670685
2525,20.38,14.598118123604682
2526,8.5,6.092539662281507
2527,23.49,16.82369069447848
2528,17.12,12.26563831075498
2529,12.09,8.664878031802942
2530,21.74,15.571330237189585
2531,22.1,15.828782111183687
2532,17.31,12.401882351192027
2533,24.17,17.31352914089692
2534,10.14,7.267307907124442
2535,17.35,12.432427851946285
2536,7.329999999999999,5.253918938523114
2537,15.34,10.99061531693024
2538,22.02,15.772215919549145
2539,7.66,5.491078364034173
2540,20.99,15.034957064516398
2541,8.6,6.164442260058063
2542,12.56,9.000985978762413
2543,10.59,7.5900025787503
2544,8.97,6.429251108556142
2545,11.86,8.498909281811581
2546,23.79,17.040365839527013
2547,11.36,8.141729598718067
2548,23.65,16.93861774385316
2549,11.73,8.406765235756236
2550,20.55,14.720049018748364
2551,11.4,8.170621772848362
2552,16.69,11.958681201558012
2553,9.09,6.514849660678759
2554,23.4,16.76191580433506
2555,11.23,8.047769322835443
2556,16.89,12.102009187508923
2557,23.3,16.690397750675398
2558,20.19,14.46387561116694
2559,22.79,16.3229053346161
2560,21.55,15.437996580137233
2561,17.32,12.409073515480305
2562,11.84,8.48515750218945
2563,10.89,7.805010276114026
2564,21.96,15.72977277895652
2565,19.55,14.00455556306204
2566,17.53,12.55926424181988
2567,20.17,14.447670712028945
2568,21.25,15.220244443794387
2569,20.52,14.697497757311206
2570,20.1,14.400280355389043
2571,16.26,11.649657738986681
2572,21.26,15.232348390346534
2573,21.27,15.23679494510268
2574,16.51,11.830605790543167
2575,11.97,8.577892342343652
2576,20.59,14.752159063622313
2577,21.95,15.725788285870166
2578,21.29,15.250118498010185
2579,19.62,14.053912425848969
2580,11.96,8.57142747667975
2581,10.55,7.56080294465343
2582,21.71,15.549827266247998
2583,19.11,13.68842392226535
2584,19.48,13.953246271975152
2585,20.83,14.921290751529822
2586,7.99,5.7269500886872144
2587,18.18,13.026420329893933
2588,22.61,16.19900120240554
2589,22.28,15.959742009912837
2590,13.050000000000002,9.351743193744797
2591,19.51,13.975565908761832
2592,12.27,8.79336118987245
2593,20.77,14.8774979524019
2594,19.5,13.968467824950446
2595,20.42,14.626774872352517
2596,20.07,14.379801664059467
2597,18.44,13.210507939727252
2598,22.09,15.821174783874406
2599,21.6,15.471953208266113
2600,23.11,16.557545356484322
2601,23.95,17.15793382081464
2602,12.98,9.302002682766823
2603,18.14,12.995252043967715
2604,7.760000000000001,5.562169822029675
2605,15.019999999999998,10.762079113458954
2606,20.92,14.987178505778562
2607,23.27,16.667592621539544
2608,14.550000000000002,10.426816430274812
2609,21.22,15.199535707719296
2610,20.55,14.723768078168122
2611,24.42,17.49132836468705
2612,16.73,11.986914586249965
2613,9.54,6.8377591339699055
2614,14.77,10.583287842014112
2615,12.08,8.656950249153887
2616,25.98,18.608498427811725
2617,8.9,6.3787351371416445
2618,19.97,14.305140530441538
2619,19.94,14.285379634649379
2620,20.64,14.786969392652015
2621,20.66,14.797910698207875
2622,12.27,8.792521535763377
2623,18.56,13.298190736912554
2624,19.48,13.954498876962932
2625,9.78,7.009795887648623
2626,18.66,13.369008663732304
2627,23.11,16.55457260651722
2628,19.77,14.163614727496217
2629,20.98,15.027965172283512
2630,23.93,17.142129720848768
2631,17.72,12.695138955727277
2632,8.89,6.371435460509711
2633,22.27,15.952989780979465
2634,10.79,7.733078868282789
2635,10.12,7.253721831174443
2636,20.7,14.82660604464161
2637,17.46,12.510150980509527
2638,23.53,16.852430440558187
2639,22.1,15.830022340594331
2640,20.66,14.79882301756849
2641,8.46,6.064167501115841
2642,16.82,12.049743886638593
2643,22.33,15.996750200754613
2644,19.12,13.696578938487152
2645,12.609999999999998,9.035988996790307
2646,21.21,15.196424476006793
2647,12.530000000000001,8.979230585954383
2648,21.38,15.314031052728259
2649,21.28,15.242762511021871
2650,9.48,6.794439629116055
2651,13.430000000000001,9.6245780790669
2652,11.55,8.278030621880934
2653,5.04,3.613231247419902
2654,20.33,14.565503253531618
2655,10.67,7.646839338591753
2656,19.0,13.61160254524047
2657,14.58,10.447977781591462
2658,12.619999999999997,9.044150726121686
2659,7.920000000000001,5.6769711148729005
2660,5.72,4.100362024097058
2661,19.08,13.66828070150827
2662,12.55,8.993274579883925
2663,18.78,13.454932443851975
2664,8.6,6.164271974558802
2665,17.82,12.766185777844266
2666,16.14,11.566057069375097
2667,15.9,11.394293175875672
2668,13.53,9.695369940773496
2669,13.01,9.323400070561826
2670,12.08,8.657680113056708
2671,8.88,6.364862670489171
2672,20.93,14.990954495166958
2673,18.68,13.384166403188216
2674,11.34,8.12700274338065
2675,8.79,6.30024387552801
2676,21.37,15.310414222947328
2677,21.06,15.085034325280697
2678,23.69,16.971486829549008
2679,19.78,14.17185540097041
2680,13.88,9.947317906272055
2681,21.56,15.444142980541788
2682,8.67,6.213973142564245
2683,21.4,15.328109175838247
2684,13.81,9.896694156554519
2685,19.92,14.268011401011586
2686,24.58,17.60509892017483
2687,15.579999999999998,11.16451935601137
2688,15.71,11.257391991357505
2689,12.540000000000001,8.986659036634201
2690,17.96,12.866679653121675
2691,6.64,4.759564486742615
2692,12.89,9.237535940517828
2693,20.49,14.67678318484723
2694,20.73,14.851841788145338
2695,6.990000000000001,5.010541059109705
2696,9.3,6.66562719017708
2697,21.84,15.646568601102246
2698,21.27,15.236361301695146
2699,7.2,5.160776664520542
2700,12.73,9.122312496734834
2701,14.29,10.239674854350953
2702,21.73,15.563415597455716
2703,19.69,14.10406504000837
2704,17.37,12.445089859012596
2705,23.58,16.892564317289754
2706,9.47,6.787482217788141
2707,14.930000000000001,10.699202128554974
2708,11.8,8.45634072681678
2709,26.04,18.651152148717877
2710,20.17,14.447416428966065
2711,16.95,12.143774627387034
2712,18.63,13.347445006613837
2713,19.84,14.21187466145834
2714,19.87,14.23292344437783
2715,9.83,7.046030749055023
2716,21.92,15.700866067021005
2717,20.07,14.376155478501522
2718,19.16,13.725965421473578
2719,13.61,9.752598219026375
2720,8.61,6.171473514307166
2721,15.76,11.291518683457072
2722,13.62,9.76076342430897
2723,20.27,14.519034918524017
2724,20.61,14.76255042960589
2725,20.72,14.840681760414181
2726,13.01,9.322917766587166
2727,24.03,17.20993586309551
2728,15.12,10.83341157197088
2729,13.68,9.80223499641901
2730,17.02,12.195286435681059
2731,20.53,14.706519631731517
2732,15.33,10.9841444766455
2733,20.85,14.93399822813125
2734,18.56,13.295843501119462
2735,20.48,14.66913962184302
2736,13.59,9.739379175815154
2737,14.41,10.326421228644179
2738,22.91,16.410284221751706
2739,12.68,9.086305487363655
2740,20.1,14.397847555708914
2741,18.93,13.56104423139648
2742,12.56,9.0004284353045
2743,21.82,15.627731647199871
2744,22.36,16.014025454878592
2745,17.96,12.866270504897482
2746,20.64,14.783496188004284
2747,18.28,13.098584344617146
2748,12.94,9.27261148791732
2749,9.93,7.117378877702798
2750,20.48,14.671787396679743
2751,22.21,15.910456318976593
2752,12.490000000000002,8.951107664613419
2753,10.25,7.3460164199940845
2754,19.19,13.750817459018414
2755,20.96,15.017397877165228
2756,13.390000000000002,9.595253486756734
2757,10.36,7.42491703277844
2758,10.98,7.868850998435103
2759,20.03,14.350125892663353
2760,21.21,15.19165070436489
2761,22.52,16.129341862562335
2762,20.76,14.870119332933836
2763,18.81,13.47527741336481
2764,20.25,14.505096994367955
2765,21.07,15.095253705736136
2766,20.72,14.841588224164417
2767,21.36,15.299085129797282
2768,11.86,8.499953975930364
2769,22.8,16.331739930559884
2770,18.99,13.604805022976754
2771,15.07,10.798503463224748
2772,18.16,13.012666070540503
2773,21.44,15.356341608664415
2774,23.79,17.041327148550145
2775,15.19,10.88436458614907
2776,9.35,6.701024147241389
2777,22.48,16.1002977460309
2778,25.109999999999996,17.984301767521245
2779,10.61,7.6044440006346266
2780,23.75,17.01219311320628
2781,11.26,8.069352831788878
2782,7.180000000000001,5.146681017008917
2783,17.0,12.181746128790099
2784,22.8,16.331550837429795
2785,19.36,13.868337354026137
2786,19.9,14.254136399711383
2787,21.19,15.177050961119262
2788,14.4,10.318109182825733
2789,21.02,15.055016135012313
2790,7.440000000000001,5.332579773205115
2791,16.53,11.843281446317084
2792,22.53,16.136650489647955
2793,11.6,8.313031704528813
2794,20.82,14.9146532579687
2795,19.22,13.767652410637293
2796,19.74,14.140051394712993
2797,18.75,13.432145975936944
2798,13.93,9.982296677516995
2799,15.41,11.041384170693949
2800,9.89,7.088124497460159
2801,21.1,15.112954189442744
2802,17.0,12.179891327729754
2803,8.69,6.227618818763236
2804,11.74,8.414274941797007
2805,21.94,15.716515093234324
2806,21.15,15.148805520798884
2807,10.16,7.2818583490740085
2808,24.01,17.198757313712022
2809,22.89,16.3964203661489
2810,11.56,8.28404189100345
2811,22.27,15.949919354296055
2812,8.8,6.307953041856133
2813,21.35,15.292498211851338
2814,24.53,17.57171291357103
2815,19.98,14.3163602849818
2816,19.55,14.005473719516923
2817,15.41,11.042093914606363
2818,10.49,7.518724596904736
2819,9.21,6.600897686011455
2820,10.48,7.510837364738176
2821,22.4,16.047703611675328
2822,21.58,15.45777813816949
2823,22.11,15.836509850818564
2824,7.87,5.640917223932519
2825,20.12,14.411258515126098
2826,21.94,15.714924209103074
2827,18.58,13.311067010988168
2828,21.6,15.474756945101893
2829,20.53,14.706629349832376
2830,23.2,16.616878989324857
2831,19.63,14.061454225584496
2832,11.35,8.134286124543886
2833,20.18,14.454308370662897
2834,21.3,15.255886206979776
2835,24.46,17.520766355609457
2836,22.63,16.20871847014236
2837,11.49,8.234343148146827
2838,22.98,16.463007197590027
2839,19.63,14.064496345082432
2840,17.13,12.27409614260047
2841,17.95,12.862469726524292
2842,14.370000000000001,10.297356054204084
2843,22.0,15.76001600200957
2844,10.54,7.5544890816301455
2845,15.71,11.257290976428557
2846,20.13,14.42282763554882
2847,13.62,9.759763532635123
2848,8.94,6.408525984434921
2849,20.03,14.347447354837698
